fonte,Logistic Regression,kNN,Logistic Regression (Eólica),Logistic Regression (Hidráulica),Logistic Regression (Solar),kNN (Eólica),kNN (Hidráulica),kNN (Solar),Fold,potencia_kw,latitude,longitude
Eólica Hidráulica Solar,Eólica Hidráulica Solar,Eólica Hidráulica Solar,continuous,continuous,continuous,continuous,continuous,continuous,1 2 3 4 5,continuous,continuous,continuous
class,meta,meta,meta,meta,meta,meta,meta,meta,meta,,,
Solar,Hidráulica,Hidráulica,0.182763,0.785118,0.0321188,0,0.8,0.2,1,12.26,-23.5578,-46.734
Solar,Hidráulica,Solar,0.181016,0.786145,0.0328399,0,0.4,0.6,1,1.70,-23.4938,-46.845
Solar,Solar,Solar,0.223297,0.0436424,0.733061,0,0.4,0.6,1,21.06,-1.764,-44.805
Solar,Eólica,Hidráulica,0.606974,0.146607,0.246419,0.2,0.8,0,1,2103.00,-9.5445,-40.2731
Solar,Hidráulica,Hidráulica,0.0773316,0.912745,0.00992327,0,1,0,1,4445.83,-28.4478,-48.9747
Solar,Eólica,Solar,0.574186,0.117321,0.308493,0,0,1,1,30933.00,-7.404,-40.5961
Solar,Eólica,Eólica,0.6473,0.0631222,0.289578,0.4,0.2,0.4,1,44625.00,-4.88416,-38.0084
Solar,Eólica,Solar,0.679723,0.0835128,0.236765,0.4,0,0.6,1,27000.00,-6.95673,-37.9978
Solar,Eólica,Solar,0.45239,0.323511,0.224099,0,0,1,1,28000.00,-12.5934,-44.0995
Solar,Eólica,Solar,0.45218,0.323825,0.223994,0,0,1,1,28000.00,-12.599,-44.1038
Solar,Hidráulica,Solar,0.130986,0.819622,0.049392,0,0,1,1,30000.00,-21.8857,-49.8696
Solar,Eólica,Solar,0.693654,0.110121,0.196225,0.2,0.2,0.6,1,5000.00,-9.07006,-38.1471
Solar,Eólica,Solar,0.693712,0.110123,0.196165,0.2,0.2,0.6,1,5000.00,-9.07114,-38.146
Solar,Eólica,Solar,0.679723,0.0833558,0.236921,0.4,0,0.6,1,27000.00,-6.94722,-37.9938
Solar,Eólica,Solar,0.680069,0.0834429,0.236488,0.4,0,0.6,1,27000.00,-6.95712,-37.9897
Solar,Eólica,Solar,0.679649,0.0833864,0.236965,0.4,0,0.6,1,27000.00,-6.94808,-37.996
Solar,Hidráulica,Eólica,0.426473,0.466682,0.106844,0.6,0.2,0.2,1,30000.00,-16.4885,-43.6846
Solar,Eólica,Solar,0.495937,0.156437,0.347626,0,0,1,1,30000.00,-8.21653,-42.5382
Solar,Eólica,Solar,0.494552,0.156129,0.349318,0,0,1,1,30000.00,-8.19412,-42.5596
Solar,Eólica,Solar,0.494256,0.155791,0.349953,0,0,1,1,30000.00,-8.17995,-42.5609
Solar,Eólica,Solar,0.487479,0.150144,0.362377,0,0,1,1,30000.00,-7.92722,-42.6127
Solar,Hidráulica,Solar,0.358608,0.542597,0.0987955,0,0,1,1,31000.00,-17.4087,-44.8854
Solar,Hidráulica,Solar,0.35818,0.542929,0.0988908,0,0,1,1,31000.00,-17.4084,-44.8961
Solar,Hidráulica,Hidráulica,0.259391,0.645869,0.0947403,0,0.6,0.4,1,30000.00,-18.4166,-47.0565
Solar,Eólica,Solar,0.755591,0.0500069,0.194402,0,0,1,1,30000.00,-5.51291,-35.426
Solar,Eólica,Eólica,0.70804,0.0593724,0.232588,0.6,0,0.4,1,30000.00,-5.61315,-36.7326
Solar,Eólica,Eólica,0.708063,0.0594986,0.232439,0.6,0,0.4,1,30000.00,-5.62352,-36.7371
Solar,Solar,Hidráulica,0.245353,0.245458,0.509189,0.2,0.4,0.4,1,5000.00,-9.54057,-48.5378
Solar,Eólica,Eólica,0.485087,0.330892,0.184022,0.6,0,0.4,1,27000.00,-13.3227,-43.2951
Solar,Eólica,Solar,0.399572,0.26434,0.336089,0,0,1,1,50000.00,-10.0965,-45.2744
Solar,Eólica,Solar,0.653299,0.0613549,0.285346,0.4,0,0.6,1,33000.00,-5.04134,-37.7865
Solar,Eólica,Solar,0.608227,0.159464,0.232309,0.4,0,0.6,1,30000.00,-9.5319,-40.4878
Solar,Hidráulica,Solar,0.110679,0.825849,0.0634722,0,0,1,1,49999.32,-20.7812,-51.5166
Solar,Hidráulica,Hidráulica,0.147694,0.763916,0.0883898,0,1,0,1,15200.00,-19.8839,-50.382
Solar,Eólica,Eólica,0.667173,0.105007,0.22782,0.8,0,0.2,1,31500.00,-7.89801,-38.7033
Solar,Eólica,Eólica,0.495137,0.304161,0.200702,0.8,0.2,0,1,25000.00,-12.7328,-43.1394
Solar,Eólica,Eólica,0.729845,0.0646684,0.205487,0.8,0,0.2,1,30000.00,-6.3434,-36.5147
Solar,Eólica,Solar,0.401157,0.233461,0.365381,0,0,1,1,48118.00,-9.36866,-45.0827
Solar,Eólica,Solar,0.398657,0.236282,0.365061,0,0,1,1,48118.00,-9.42153,-45.1502
Solar,Eólica,Solar,0.401409,0.234589,0.364002,0,0,1,1,48118.00,-9.39969,-45.0842
Solar,Hidráulica,Solar,0.148973,0.775754,0.0752728,0,0,1,1,30000.00,-20.193,-50.0484
Solar,Hidráulica,Solar,0.149207,0.775672,0.0751209,0,0,1,1,30000.00,-20.1985,-50.0345
Solar,Eólica,Solar,0.505485,0.155505,0.339009,0,0,1,1,30000.00,-8.26726,-42.3546
Solar,Solar,Solar,0.0269035,0.0603293,0.912767,0,0,1,1,13.50,-3.4125,-57.8211
Solar,Solar,Solar,0.0124298,0.0427548,0.944815,0,0,1,1,10.80,-2.37167,-61.0856
Solar,Solar,Solar,0.00402176,0.110256,0.885722,0,0,1,1,10.80,-6.86444,-69.8756
Solar,Hidráulica,Solar,0.113348,0.782262,0.10439,0,0,1,1,50000.00,-18.8922,-52.4566
Solar,Hidráulica,Solar,0.113166,0.782465,0.104369,0,0,1,1,50000.00,-18.8947,-52.4655
Solar,Solar,Solar,0.0131729,0.0801109,0.906716,0,0,1,1,10.80,-4.91528,-62.5311
Solar,Eólica,Solar,0.482425,0.3297,0.187875,0,0.4,0.6,1,22000.00,-13.3382,-43.3437
Solar,Eólica,Solar,0.648378,0.0644779,0.287144,0,0,1,1,30933.00,-5.25664,-37.9814
Solar,Eólica,Solar,0.648708,0.0642923,0.287,0,0,1,1,30933.00,-5.24687,-37.9689
Solar,Eólica,Solar,0.601456,0.166019,0.232525,0,0,1,1,31474.80,-9.66278,-40.6771
Solar,Eólica,Solar,0.601566,0.166139,0.232296,0,0,1,1,31474.80,-9.66879,-40.6758
Solar,Eólica,Solar,0.601839,0.166522,0.231639,0,0,1,1,31474.80,-9.68699,-40.6731
Solar,Eólica,Solar,0.602362,0.166442,0.231196,0,0,1,1,31474.80,-9.69105,-40.6622
Solar,Eólica,Solar,0.601077,0.166974,0.231949,0,0,1,1,31474.80,-9.69369,-40.6914
Solar,Eólica,Solar,0.439595,0.43192,0.128485,0,0,1,1,39496.00,-15.3723,-43.7879
Solar,Eólica,Eólica,0.393838,0.25537,0.350791,0.6,0,0.4,1,34542.00,-10.1234,-45.2887
Solar,Eólica,Eólica,0.394027,0.255181,0.350791,0.6,0,0.4,1,34542.00,-10.1203,-45.2839
Solar,Eólica,Solar,0.39772,0.26018,0.3421,0.4,0,0.6,1,43032.00,-10.1117,-45.2659
Solar,Eólica,Solar,0.397399,0.260466,0.342135,0.4,0,0.6,1,43032.00,-10.1161,-45.2738
Solar,Eólica,Solar,0.697945,0.0626445,0.23941,0.4,0,0.6,1,34500.00,-5.64584,-37.0611
Solar,Eólica,Eólica,0.699323,0.0630151,0.237662,1,0,0,1,37375.00,-5.63708,-37.0623
Solar,Eólica,Eólica,0.69678,0.0620699,0.24115,1,0,0,1,31625.00,-5.64187,-37.0481
Solar,Eólica,Eólica,0.700955,0.0632955,0.235749,0.8,0.2,0,1,40250.00,-5.62496,-37.0555
Solar,Eólica,Solar,0.70418,0.0642713,0.231549,0.2,0.2,0.6,1,46000.00,-5.63179,-37.0567
Solar,Eólica,Solar,0.381319,0.240301,0.37838,0,0,1,1,30000.00,-9.7382,-45.4513
Solar,Hidráulica,Hidráulica,0.416777,0.524087,0.059136,0,0.6,0.4,1,7.68,-19.507,-42.5595
Solar,Eólica,Hidráulica,0.741123,0.0735912,0.185286,0,1,0,1,137480.00,-5.12156,-37.0303
Solar,Eólica,Eólica,0.76355,0.0820771,0.154373,0.8,0,0.2,1,23100.00,-8.33447,-36.2388
Solar,Eólica,Eólica,0.763781,0.0822681,0.153951,0.8,0,0.2,1,23100.00,-8.3525,-36.2373
Solar,Hidráulica,Solar,0.355976,0.551993,0.0920308,0,0,1,1,49500.00,-17.3618,-44.8822
Solar,Hidráulica,Solar,0.354191,0.553751,0.0920581,0,0,1,1,49500.00,-17.3758,-44.9197
Solar,Eólica,Solar,0.679411,0.0834673,0.237122,0.4,0,0.6,1,27000.00,-6.94981,-38.0024
Solar,Eólica,Solar,0.701901,0.0619802,0.236119,0,0,1,1,52000.00,-5.31211,-37.0412
Solar,Eólica,Solar,0.703186,0.0622996,0.234514,0,0,1,1,52000.00,-5.35392,-37.0297
Solar,Eólica,Solar,0.703705,0.0624562,0.233838,0,0,1,1,52000.00,-5.37293,-37.026
Solar,Eólica,Solar,0.481238,0.330526,0.188236,0,0.4,0.6,1,22000.00,-13.3428,-43.3693
Solar,Solar,Solar,0.453316,0.0706419,0.476042,0,0,1,1,30000.00,-4.12656,-41.4455
Solar,Solar,Solar,0.452939,0.0707039,0.476357,0,0,1,1,30000.00,-4.1282,-41.4543
Solar,Eólica,Solar,0.664776,0.101695,0.23353,0.2,0,0.8,1,49110.00,-7.35486,-38.7662
Solar,Eólica,Solar,0.665729,0.101409,0.232863,0.2,0,0.8,1,49110.00,-7.35275,-38.743
Solar,Eólica,Eólica,0.644704,0.0948722,0.260424,0.6,0.4,0,1,14733.00,-7.39616,-38.8457
Solar,Eólica,Solar,0.612092,0.0708641,0.317043,0,0,1,1,30000.00,-5.33998,-38.8159
Solar,Solar,Solar,0.0547167,0.0479891,0.897294,0,0,1,1,1.00,-2.20422,-53.2376
Solar,Solar,Solar,0.0548491,0.0482179,0.896933,0,0,1,1,1.00,-2.22273,-53.2375
Solar,Solar,Solar,0.0540144,0.0471907,0.898795,0,0,1,1,1.00,-2.14039,-53.2622
Solar,Solar,Solar,0.0540194,0.0471915,0.898789,0,0,1,1,1.00,-2.14043,-53.2617
Solar,Solar,Solar,0.0617127,0.0474905,0.890797,0,0,1,1,1.00,-2.124,-52.534
Solar,Solar,Solar,0.0617148,0.0474903,0.890795,0,0,1,1,1.00,-2.12397,-52.5338
Solar,Solar,Solar,0.0540185,0.0471872,0.898794,0,0,1,1,1.00,-2.14006,-53.2615
Solar,Solar,Solar,0.0540192,0.0471952,0.898786,0,0,1,1,1.00,-2.14075,-53.262
Solar,Solar,Solar,0.0617177,0.047485,0.890797,0,0,1,1,1.00,-2.1235,-52.5332
Solar,Solar,Solar,0.0633327,0.0475119,0.889155,0,0,1,1,1.00,-2.11813,-52.3898
Solar,Solar,Solar,0.0629562,0.0467102,0.890334,0,0,1,1,1.00,-2.05083,-52.375
Solar,Solar,Solar,0.0635068,0.0473067,0.889186,0,0,1,1,1.00,-2.09976,-52.3621
Solar,Solar,Solar,0.0627322,0.046623,0.890645,0,0,1,1,1.00,-2.04431,-52.3897
Solar,Solar,Solar,0.0633205,0.0475006,0.889179,0,0,1,1,1.00,-2.11723,-52.3902
Solar,Solar,Solar,0.063564,0.0472665,0.889169,0,0,1,1,1.00,-2.09605,-52.3546
Solar,Solar,Solar,0.063443,0.0473487,0.889208,0,0,1,1,1.00,-2.10366,-52.3703
Solar,Solar,Solar,0.0596454,0.0462367,0.894118,0,0,1,1,1.00,-2.02584,-52.6492
Solar,Solar,Solar,0.0634122,0.0466329,0.889955,0,0,1,1,1.00,-2.04199,-52.3298
Solar,Solar,Solar,0.0623547,0.0463984,0.891247,0,0,1,1,1.00,-2.02652,-52.4099
Solar,Solar,Solar,0.0604425,0.0451331,0.894424,0,0,1,1,1.00,-1.92389,-52.5061
Solar,Solar,Solar,0.0634218,0.0474089,0.889169,0,0,1,1,1.00,-2.10891,-52.3757
Solar,Solar,Solar,0.0629487,0.0467051,0.890346,0,0,1,1,1.00,-2.05043,-52.3754
Solar,Solar,Solar,0.0540166,0.0471831,0.8988,0,0,1,1,1.00,-2.13973,-53.2615
Solar,Solar,Solar,0.0541893,0.0473912,0.89842,0,0,1,1,1.00,-2.15652,-53.2561
Solar,Solar,Solar,0.0532029,0.0464014,0.900396,0,0,1,1,1.00,-2.07704,-53.2989
Solar,Solar,Solar,0.0532055,0.046406,0.900388,0,0,1,1,1.00,-2.07742,-53.2989
Solar,Solar,Solar,0.0541999,0.0473978,0.898402,0,0,1,1,1.00,-2.15702,-53.2554
Solar,Solar,Solar,0.0544159,0.0475889,0.897995,0,0,1,1,1.00,-2.17204,-53.2446
Solar,Solar,Solar,0.0537071,0.0464423,0.899851,0,0,1,1,1.00,-2.07746,-53.2487
Solar,Solar,Solar,0.052952,0.0462611,0.900787,0,0,1,1,1.00,-2.06634,-53.3167
Solar,Solar,Solar,0.0532088,0.0464035,0.900388,0,0,1,1,1.00,-2.07718,-53.2984
Solar,Solar,Solar,0.0532065,0.0464111,0.900382,0,0,1,1,1.00,-2.07786,-53.2991
Solar,Solar,Solar,0.0531493,0.0463649,0.900486,0,0,1,1,1.00,-2.07418,-53.3023
Solar,Solar,Solar,0.0533852,0.0464304,0.900184,0,0,1,1,1.00,-2.07843,-53.2816
Solar,Solar,Solar,0.0533467,0.0454299,0.901223,0,0,1,1,1.00,-1.99041,-53.2237
Solar,Solar,Solar,0.0603947,0.043387,0.896218,0,0,1,1,1.00,-1.76449,-52.3983
Solar,Solar,Solar,0.0533719,0.0454243,0.901204,0,0,1,1,1.00,-1.98976,-53.2207
Solar,Solar,Solar,0.0536038,0.0455419,0.900854,0,0,1,1,1.00,-1.99878,-53.2038
Solar,Solar,Solar,0.0537198,0.0467721,0.899508,0,0,1,1,1.00,-2.10607,-53.2675
Solar,Solar,Solar,0.0536988,0.0466834,0.899618,0,0,1,1,1.00,-2.0985,-53.2643
Solar,Solar,Solar,0.0534134,0.0464303,0.900156,0,0,1,1,1.00,-2.07824,-53.2786
Solar,Solar,Solar,0.0529779,0.0462355,0.900787,0,0,1,1,1.00,-2.06394,-53.3124
Solar,Solar,Solar,0.0538463,0.0453701,0.900784,0,0,1,1,1.00,-1.98198,-53.1679
Solar,Solar,Solar,0.0538024,0.0453762,0.900821,0,0,1,1,1.00,-1.98279,-53.1728
Solar,Solar,Solar,0.0535368,0.045564,0.900899,0,0,1,1,1.00,-2.00116,-53.2122
Solar,Solar,Solar,0.0538146,0.0453792,0.900806,0,0,1,1,1.00,-1.98298,-53.1717
Solar,Solar,Solar,0.0538104,0.0453791,0.90081,0,0,1,1,1.00,-1.983,-53.1722
Solar,Solar,Solar,0.054796,0.0461725,0.899032,0,0,1,1,1.00,-2.04722,-53.12
Solar,Solar,Solar,0.0526802,0.0459828,0.901337,0,0,1,1,1.00,-2.04362,-53.3283
Solar,Solar,Solar,0.0547157,0.0455455,0.899739,0,0,1,1,1.00,-1.99231,-53.0893
Solar,Solar,Solar,0.0542941,0.0457746,0.899931,0,0,1,1,1.00,-2.01518,-53.1468
Solar,Solar,Solar,0.0543023,0.0458336,0.899864,0,0,1,1,1.00,-2.02035,-53.1496
Solar,Solar,Solar,0.0543081,0.0458464,0.899846,0,0,1,1,1.00,-2.02145,-53.1498
Solar,Solar,Solar,0.0542918,0.0457792,0.899929,0,0,1,1,1.00,-2.0156,-53.1473
Solar,Solar,Solar,0.0560761,0.0459164,0.898007,0,0,1,1,1.00,-2.01717,-52.975
Solar,Solar,Solar,0.0555071,0.0457685,0.898724,0,0,1,1,1.00,-2.0074,-53.0229
Solar,Solar,Solar,0.0548016,0.0459839,0.899215,0,0,1,1,1.00,-2.0306,-53.1078
Solar,Solar,Solar,0.0600129,0.043237,0.89675,0,0,1,1,1.00,-1.75244,-52.424
Solar,Solar,Solar,0.0557233,0.0457925,0.898484,0,0,1,1,1.00,-2.00826,-53.0026
Solar,Solar,Solar,0.0557462,0.0458034,0.89845,0,0,1,1,1.00,-2.00909,-53.001
Solar,Solar,Solar,0.0547979,0.0459526,0.899249,0,0,1,1,1.00,-2.02787,-53.1062
Solar,Solar,Solar,0.0556236,0.0457333,0.898643,0,0,1,1,1.00,-2.0036,-53.009
Solar,Solar,Solar,0.0556228,0.0457318,0.898645,0,0,1,1,1.00,-2.00348,-53.009
Solar,Solar,Solar,0.0551715,0.0452986,0.89953,0,0,1,1,1.00,-1.96758,-53.0275
Solar,Solar,Solar,0.0551303,0.0452663,0.899603,0,0,1,1,1.00,-1.96494,-53.0296
Solar,Solar,Solar,0.0551481,0.0452704,0.899582,0,0,1,1,1.00,-1.9652,-53.0281
Solar,Solar,Solar,0.0551363,0.0452697,0.899594,0,0,1,1,1.00,-1.96521,-53.0292
Solar,Solar,Solar,0.0551461,0.0452706,0.899583,0,0,1,1,1.00,-1.96523,-53.0283
Solar,Solar,Solar,0.0551467,0.045294,0.899559,0,0,1,1,1.00,-1.96732,-53.0297
Solar,Solar,Solar,0.0551417,0.0452701,0.899588,0,0,1,1,1.00,-1.96521,-53.0287
Solar,Solar,Solar,0.0551401,0.0452907,0.899569,0,0,1,1,1.00,-1.96706,-53.0301
Solar,Solar,Solar,0.0548557,0.0454054,0.899739,0,0,1,1,1.00,-1.979,-53.0663
Solar,Solar,Solar,0.055494,0.0456575,0.898849,0,0,1,1,1.00,-1.99764,-53.0173
Solar,Solar,Solar,0.0552633,0.0453265,0.89941,0,0,1,1,1.00,-1.96954,-53.0199
Solar,Solar,Solar,0.0548517,0.0454459,0.899702,0,0,1,1,1.00,-1.98263,-53.0692
Solar,Solar,Solar,0.0548456,0.0453887,0.899766,0,0,1,1,1.00,-1.97757,-53.0662
Solar,Solar,Solar,0.0551502,0.0452949,0.899555,0,0,1,1,1.00,-1.96738,-53.0294
Solar,Solar,Solar,0.0542698,0.0459429,0.899787,0,0,1,1,1.00,-2.0302,-53.1597
Solar,Solar,Solar,0.0548512,0.0482239,0.896925,0,0,1,1,1.00,-2.22323,-53.2377
Solar,Solar,Solar,0.0532013,0.0464002,0.900398,0,0,1,1,1.00,-2.07694,-53.299
Solar,Solar,Solar,0.054643,0.0455754,0.899782,0,0,1,1,1.00,-1.99541,-53.0986
Solar,Solar,Solar,0.05429,0.0458418,0.899868,0,0,1,1,1.00,-2.02115,-53.1514
Solar,Solar,Solar,0.054277,0.0459402,0.899783,0,0,1,1,1.00,-2.02992,-53.1588
Solar,Solar,Solar,0.0546445,0.0455731,0.899782,0,0,1,1,1.00,-1.99519,-53.0983
Solar,Solar,Solar,0.05397,0.0451335,0.900896,0,0,1,1,1.00,-1.96005,-53.1402
Solar,Solar,Solar,0.0476439,0.0355467,0.916809,0,0,1,1,1.00,-1.04118,-53.1532
Solar,Solar,Solar,0.0539244,0.0453632,0.900712,0,0,1,1,1.00,-1.98088,-53.1593
Solar,Solar,Solar,0.0539645,0.0451472,0.900888,0,0,1,1,1.00,-1.96131,-53.1416
Solar,Solar,Solar,0.0539697,0.045064,0.900966,0,0,1,1,1.00,-1.95381,-53.1358
Solar,Solar,Solar,0.0549072,0.0452837,0.899809,0,0,1,1,1.00,-1.96782,-53.0534
Solar,Solar,Solar,0.0548117,0.0452003,0.899988,0,0,1,1,1.00,-1.96093,-53.0579
Solar,Solar,Solar,0.0542701,0.0443426,0.901387,0,0,1,1,1.00,-1.88667,-53.0589
Solar,Solar,Solar,0.0543295,0.0443647,0.901306,0,0,1,1,1.00,-1.88832,-53.0542
Solar,Solar,Solar,0.0542854,0.0444924,0.901222,0,0,1,1,1.00,-1.90022,-53.0669
Solar,Solar,Solar,0.0542532,0.0441803,0.901566,0,0,1,1,1.00,-1.87194,-53.0502
Solar,Solar,Solar,0.0542465,0.0445264,0.901227,0,0,1,1,1.00,-1.90355,-53.0731
Solar,Solar,Solar,0.054255,0.0441809,0.901564,0,0,1,1,1.00,-1.87198,-53.0501
Solar,Solar,Solar,0.0543856,0.0456844,0.89993,0,0,1,1,1.00,-2.00664,-53.1318
Solar,Solar,Solar,0.0542531,0.0441773,0.90157,0,0,1,1,1.00,-1.87167,-53.05
Solar,Solar,Solar,0.0545528,0.0452639,0.900183,0,0,1,1,1.00,-1.96818,-53.0883
Solar,Solar,Solar,0.0542275,0.0433169,0.902456,0,0,1,1,1.00,-1.79231,-52.9967
Solar,Solar,Solar,0.0546403,0.043347,0.902013,0,0,1,1,1.00,-1.79261,-52.9563
Solar,Solar,Solar,0.0546446,0.0433465,0.902009,0,0,1,1,1.00,-1.79254,-52.9558
Solar,Solar,Solar,0.0622325,0.0438044,0.893963,0,0,1,1,1.00,-1.79413,-52.2574
Solar,Solar,Solar,0.0600719,0.0435595,0.896369,0,0,1,1,1.00,-1.78218,-52.4396
Solar,Solar,Solar,0.0540769,0.0431733,0.90275,0,0,1,1,1.00,-1.77981,-53.0027
Solar,Solar,Solar,0.0545505,0.0433445,0.902105,0,0,1,1,1.00,-1.79292,-52.9653
Solar,Solar,Solar,0.0540563,0.0431895,0.902754,0,0,1,1,1.00,-1.78145,-53.0059
Solar,Solar,Solar,0.0548274,0.0430296,0.902143,0,0,1,1,1.00,-1.76179,-52.9162
Solar,Solar,Solar,0.0546337,0.043353,0.902013,0,0,1,1,1.00,-1.79321,-52.9573
Solar,Solar,Solar,0.0548416,0.043157,0.902001,0,0,1,1,1.00,-1.77365,-52.9232
Solar,Solar,Solar,0.0555887,0.043035,0.901376,0,0,1,1,1.00,-1.75778,-52.8394
Solar,Solar,Solar,0.0547917,0.0429192,0.902289,0,0,1,1,1.00,-1.75162,-52.9125
Solar,Solar,Solar,0.0541264,0.0431548,0.902719,0,0,1,1,1.00,-1.77777,-52.9964
Solar,Solar,Solar,0.0547852,0.0429103,0.902305,0,0,1,1,1.00,-1.75082,-52.9126
Solar,Solar,Solar,0.0557201,0.0430665,0.901213,0,0,1,1,1.00,-1.75997,-52.8283
Solar,Solar,Solar,0.0561592,0.0431635,0.900677,0,0,1,1,1.00,-1.76652,-52.7908
Solar,Solar,Solar,0.0551025,0.0429465,0.901951,0,0,1,1,1.00,-1.75234,-52.8827
Solar,Solar,Solar,0.0555902,0.043037,0.901373,0,0,1,1,1.00,-1.75796,-52.8394
Solar,Solar,Solar,0.0547503,0.0427872,0.902463,0,0,1,1,1.00,-1.73943,-52.908
Solar,Solar,Solar,0.0574379,0.0414741,0.901088,0,0,1,1,1.00,-1.59808,-52.551
Solar,Solar,Solar,0.0477456,0.041523,0.910731,0,0,1,1,1.00,-1.66535,-53.5863
Solar,Solar,Solar,0.0577621,0.0420603,0.900178,0,0,1,1,1.00,-1.65293,-52.5595
Solar,Solar,Solar,0.0545903,0.0429179,0.902492,0,0,1,1,1.00,-1.75271,-52.933
Solar,Solar,Solar,0.057733,0.0420344,0.900233,0,0,1,1,1.00,-1.65061,-52.5606
Solar,Solar,Solar,0.0576496,0.0418597,0.900491,0,0,1,1,1.00,-1.63425,-52.5568
Solar,Solar,Solar,0.0576089,0.0418119,0.900579,0,0,1,1,1.00,-1.62987,-52.5575
Solar,Solar,Solar,0.0566945,0.0404298,0.902876,0,0,1,1,1.00,-1.49941,-52.5511
Solar,Solar,Solar,0.0601408,0.0432786,0.896581,0,0,1,1,1.00,-1.75567,-52.4148
Solar,Solar,Solar,0.0564852,0.0453827,0.898132,0,0,1,1,1.00,-1.96747,-52.9011
Solar,Solar,Solar,0.0601011,0.0432604,0.896639,0,0,1,1,1.00,-1.75417,-52.4173
Solar,Solar,Solar,0.0606291,0.0434574,0.895914,0,0,1,1,1.00,-1.76986,-52.3812
Solar,Solar,Solar,0.0619288,0.0441333,0.893938,0,0,1,1,1.00,-1.82585,-52.3061
Solar,Solar,Solar,0.0623668,0.0442174,0.893416,0,0,1,1,1.00,-1.83145,-52.272
Solar,Solar,Solar,0.0605688,0.0425781,0.896853,0,0,1,1,1.00,-1.68756,-52.3285
Solar,Solar,Solar,0.0612524,0.0418098,0.896938,0,0,1,1,1.00,-1.61061,-52.2137
Solar,Solar,Solar,0.0619286,0.0435822,0.894489,0,0,1,1,1.00,-1.77503,-52.2704
Solar,Solar,Solar,0.0553804,0.0409092,0.90371,0,0,1,1,1.00,-1.55454,-52.7159
Solar,Solar,Solar,0.0608076,0.0428047,0.896388,0,0,1,1,1.00,-1.7078,-52.3216
Solar,Solar,Solar,0.0624703,0.0442206,0.893309,0,0,1,1,1.00,-1.83125,-52.2629
Solar,Solar,Solar,0.0606059,0.0413118,0.898082,0,0,1,1,1.00,-1.56548,-52.239
Solar,Solar,Solar,0.0608206,0.0414208,0.897759,0,0,1,1,1.00,-1.57503,-52.2267
Solar,Solar,Solar,0.0598765,0.0432029,0.896921,0,0,1,1,1.00,-1.74995,-52.4345
Solar,Solar,Solar,0.0593429,0.0474892,0.893168,0,0,1,1,1.00,-2.13583,-52.7535
Solar,Solar,Solar,0.0582862,0.0397339,0.90198,0,0,1,1,1.00,-1.42063,-52.3465
Solar,Solar,Solar,0.0600748,0.0432505,0.896675,0,0,1,1,1.00,-1.75339,-52.4191
Solar,Solar,Solar,0.0575601,0.0423572,0.900083,0,0,1,1,1.00,-1.68245,-52.5992
Solar,Solar,Solar,0.0567977,0.0414242,0.901778,0,0,1,1,1.00,-1.59681,-52.6103
Solar,Solar,Solar,0.0568799,0.0414141,0.901706,0,0,1,1,1.00,-1.59536,-52.6015
Solar,Solar,Solar,0.0562839,0.0414463,0.90227,0,0,1,1,1.00,-1.60189,-52.6627
Solar,Solar,Solar,0.0575423,0.0422273,0.90023,0,0,1,1,1.00,-1.67014,-52.5922
Solar,Solar,Solar,0.0576399,0.0424116,0.899949,0,0,1,1,1.00,-1.68719,-52.5951
Solar,Solar,Solar,0.0585394,0.0428846,0.898576,0,0,1,1,1.00,-1.7271,-52.54
Solar,Solar,Solar,0.0597532,0.0431384,0.897108,0,0,1,1,1.00,-1.74455,-52.4418
Solar,Solar,Solar,0.0575933,0.0423206,0.900086,0,0,1,1,1.00,-1.67877,-52.5935
Eólica,Hidráulica,Hidráulica,0.0620742,0.919606,0.0183202,0,1,0,1,2500.00,-26.5781,-51.7004
Eólica,Eólica,Eólica,0.613953,0.0537603,0.332286,0.8,0.2,0,1,25600.00,-4.19363,-38.0766
Eólica,Eólica,Eólica,0.72392,0.0552663,0.220814,0.8,0.2,0,1,51000.00,-5.09435,-36.3629
Eólica,Eólica,Hidráulica,0.629779,0.0525955,0.317626,0.4,0.6,0,1,10500.00,-4.53583,-37.6953
Eólica,Hidráulica,Hidráulica,0.0523333,0.928992,0.018675,0.4,0.6,0,1,4800.00,-26.6,-52.7167
Eólica,Eólica,Hidráulica,0.687305,0.0499191,0.262776,0,1,0,1,1800.00,-5.08831,-36.5578
Eólica,Hidráulica,Solar,0.0489601,0.945593,0.0054465,0.2,0,0.8,1,50000.00,-29.9631,-50.2826
Eólica,Hidráulica,Solar,0.0487523,0.945842,0.00540586,0.2,0,0.8,1,50000.00,-29.9915,-50.288
Eólica,Eólica,Eólica,0.77823,0.0721765,0.149593,0.8,0.2,0,1,4950.00,-8.279,-35.5964
Eólica,Hidráulica,Hidráulica,0.0701209,0.91965,0.0102293,0.2,0.8,0,1,3000.00,-28.4551,-49.5984
Eólica,Hidráulica,Eólica,0.0672889,0.923821,0.00889041,0.6,0.4,0,1,30000.00,-28.4464,-49.6076
Eólica,Hidráulica,Hidráulica,0.0584424,0.925686,0.015872,0.4,0.6,0,1,30000.00,-26.5886,-51.8138
Eólica,Eólica,Solar,0.590136,0.16536,0.244504,0.4,0,0.6,1,30000.00,-9.51755,-40.8864
Eólica,Eólica,Eólica,0.733243,0.0508579,0.2159,1,0,0,1,30000.00,-5.24317,-35.8988
Eólica,Eólica,Solar,0.489691,0.050699,0.459609,0.2,0,0.8,1,30000.00,-2.91589,-39.9544
Eólica,Eólica,Eólica,0.56208,0.0537166,0.384203,1,0,0,1,42000.00,-3.43674,-38.9854
Eólica,Eólica,Eólica,0.737894,0.0511525,0.210953,1,0,0,1,28800.00,-5.36283,-35.819
Eólica,Eólica,Solar,0.53317,0.273607,0.193223,0.4,0,0.6,1,30060.00,-12.3127,-42.351
Eólica,Eólica,Eólica,0.732614,0.0509186,0.216468,1,0,0,1,30000.00,-5.23944,-35.9135
Eólica,Eólica,Eólica,0.73328,0.0511173,0.215602,1,0,0,1,30000.00,-5.26749,-35.9102
Eólica,Eólica,Eólica,0.532784,0.051354,0.415862,1,0,0,1,25200.00,-3.34782,-39.2652
Eólica,Hidráulica,Hidráulica,0.0476074,0.946645,0.00574751,0.4,0.6,0,1,16100.00,-30.4525,-50.4226
Eólica,Eólica,Solar,0.509018,0.344846,0.146136,0.4,0,0.6,1,30400.00,-14.164,-42.6006
Eólica,Hidráulica,Eólica,0.018515,0.975731,0.00575429,1,0,0,1,30000.00,-30.8018,-55.7142
Eólica,Eólica,Eólica,0.535232,0.0518005,0.412967,1,0,0,1,29400.00,-3.3218,-39.2671
Eólica,Hidráulica,Solar,0.164649,0.798933,0.0364177,0,0.4,0.6,1,2.24,-23.2606,-47.6642
Eólica,Eólica,Eólica,0.732696,0.0511267,0.216178,1,0,0,1,30000.00,-5.25971,-35.9217
Eólica,Eólica,Solar,0.583777,0.177395,0.238828,0.4,0,0.6,1,30000.00,-9.87459,-41.0957
Eólica,Eólica,Eólica,0.512608,0.343929,0.143463,1,0,0,1,30000.00,-14.2194,-42.507
Eólica,Hidráulica,Eólica,0.0506391,0.943332,0.00602851,0.8,0.2,0,1,29900.00,-29.9815,-50.2549
Eólica,Eólica,Eólica,0.678356,0.0534926,0.268152,1,0,0,1,20000.00,-4.94665,-36.9641
Eólica,Eólica,Solar,0.583305,0.177268,0.239427,0.4,0,0.6,1,30000.00,-9.86384,-41.1042
Eólica,Hidráulica,Eólica,0.0481657,0.946279,0.00555553,0.8,0.2,0,1,30000.00,-30.2919,-50.335
Eólica,Hidráulica,Eólica,0.0480588,0.94644,0.00550139,0.8,0.2,0,1,30000.00,-30.3265,-50.3234
Eólica,Eólica,Eólica,0.508918,0.339693,0.151388,0.6,0.2,0.2,1,23520.00,-14.1195,-42.6141
Eólica,Eólica,Eólica,0.737081,0.0519179,0.211001,1,0,0,1,30000.00,-5.39727,-35.8749
Eólica,Eólica,Eólica,0.732819,0.0528965,0.214285,0.8,0,0.2,1,32000.00,-5.38276,-36.0088
Eólica,Eólica,Eólica,0.725439,0.0614976,0.213064,1,0,0,1,30000.00,-6.03028,-36.488
Eólica,Eólica,Eólica,0.728051,0.0483313,0.223618,0.8,0.2,0,1,22400.00,-5.07738,-35.8398
Eólica,Eólica,Eólica,0.729297,0.0481985,0.222504,0.8,0.2,0,1,22400.00,-5.08251,-35.81
Eólica,Solar,Eólica,0.457281,0.0656501,0.477069,1,0,0,1,27510.00,-3.8781,-41.1751
Eólica,Eólica,Eólica,0.536439,0.0511341,0.412427,0.8,0,0.2,1,30004.00,-3.26315,-39.2159
Eólica,Eólica,Eólica,0.733449,0.0508244,0.215727,0.8,0.2,0,1,20700.00,-5.42153,-35.8526
Eólica,Eólica,Eólica,0.506439,0.0511588,0.442402,1,0,0,1,29700.00,-3.06656,-39.7026
Eólica,Eólica,Eólica,0.723907,0.0498364,0.226256,1,0,0,1,27300.00,-5.06615,-36.0124
Eólica,Eólica,Eólica,0.578296,0.233146,0.188558,1,0,0,1,29900.00,-11.7334,-41.373
Eólica,Eólica,Eólica,0.507697,0.343047,0.149256,0.8,0.2,0,1,16650.00,-14.3381,-42.5911
Eólica,Eólica,Hidráulica,0.506609,0.341857,0.151534,0,1,0,1,12950.00,-14.3461,-42.6137
Eólica,Eólica,Eólica,0.508319,0.347565,0.144116,1,0,0,1,27750.00,-14.2927,-42.5853
Eólica,Eólica,Solar,0.737315,0.0523662,0.210319,0.4,0,0.6,1,30550.00,-5.43077,-35.8931
Eólica,Eólica,Eólica,0.701926,0.111548,0.186526,0.6,0.2,0.2,1,18800.00,-9.01874,-38.056
Eólica,Eólica,Solar,0.704034,0.115981,0.179985,0.4,0,0.6,1,30550.00,-9.06248,-38.1186
Eólica,Hidráulica,Eólica,0.0266246,0.970037,0.00333853,1,0,0,1,29700.00,-32.4145,-52.3729
Eólica,Eólica,Hidráulica,0.505967,0.351123,0.14291,0.2,0.4,0.4,1,20160.00,-14.5084,-42.5867
Eólica,Solar,Solar,0.402576,0.0557313,0.541693,0,0,1,1,30000.00,-2.83714,-41.7074
Eólica,Hidráulica,Eólica,0.0193277,0.978164,0.00250802,0.8,0.2,0,1,22000.00,-33.7228,-53.399
Eólica,Eólica,Solar,0.740248,0.048087,0.211665,0.2,0,0.8,1,27465.00,-5.13566,-35.6207
Eólica,Eólica,Eólica,0.717239,0.0639236,0.218837,1,0,0,1,28000.00,-6.13531,-36.722
Eólica,Eólica,Eólica,0.755222,0.0506984,0.194079,1,0,0,1,29700.00,-5.57778,-35.464
Eólica,Hidráulica,Solar,0.0452905,0.948922,0.00578747,0.4,0,0.6,1,27000.00,-30.2561,-50.7661
Eólica,Eólica,Eólica,0.529505,0.05016,0.420335,1,0,0,1,24000.00,-3.24702,-39.2502
Eólica,Eólica,Hidráulica,0.523541,0.0487188,0.42774,0.2,0.8,0,1,14000.00,-3.27326,-39.2247
Eólica,Eólica,Eólica,0.630994,0.0544433,0.314562,1,0,0,1,21000.00,-4.49984,-37.8093
Eólica,Eólica,Eólica,0.645054,0.0554242,0.299522,1,0,0,1,27300.00,-4.60061,-37.6489
Eólica,Eólica,Eólica,0.60683,0.189076,0.204094,0.8,0,0.2,1,30000.00,-10.6277,-40.6855
Eólica,Eólica,Eólica,0.609094,0.186559,0.204347,0.8,0,0.2,1,30000.00,-10.5696,-40.6286
Eólica,Eólica,Eólica,0.716877,0.0603729,0.22275,1,0,0,1,18000.00,-6.0463,-36.5551
Eólica,Solar,Solar,0.220732,0.0427713,0.736497,0,0.4,0.6,1,22.50,-1.67622,-44.8196
Eólica,Eólica,Eólica,0.57361,0.114722,0.311668,1,0,0,1,29700.00,-7.30696,-40.555
Eólica,Eólica,Eólica,0.574353,0.239819,0.185828,0.8,0,0.2,1,30000.00,-11.8934,-41.4583
Eólica,Eólica,Eólica,0.514335,0.239057,0.246608,1,0,0,1,20000.00,-11.1841,-42.7053
Eólica,Eólica,Eólica,0.575925,0.236987,0.187088,1,0,0,1,28000.00,-11.8616,-41.4161
Eólica,Eólica,Eólica,0.570329,0.121232,0.308439,1,0,0,1,30000.00,-7.55331,-40.7255
Eólica,Eólica,Eólica,0.569146,0.120516,0.310338,1,0,0,1,30000.00,-7.5109,-40.7344
Eólica,Eólica,Eólica,0.506845,0.333459,0.159695,0.6,0.4,0,1,21600.00,-13.9077,-42.705
Eólica,Eólica,Eólica,0.505595,0.353212,0.141193,0.4,0.4,0.2,1,21000.00,-14.5562,-42.582
Eólica,Eólica,Hidráulica,0.502083,0.344829,0.153088,0.4,0.6,0,1,8000.00,-14.4452,-42.6917
Eólica,Eólica,Hidráulica,0.503832,0.341593,0.154575,0.2,0.8,0,1,6000.00,-14.4128,-42.6599
Eólica,Hidráulica,Hidráulica,0.01912,0.974546,0.00633383,0,1,0,1,8000.00,-30.8807,-55.6765
Eólica,Hidráulica,Eólica,0.0454992,0.948554,0.00594664,0.6,0.4,0,1,21600.00,-30.2648,-50.7834
Eólica,Hidráulica,Eólica,0.0196016,0.97781,0.00258795,0.8,0.2,0,1,17900.00,-33.6875,-53.381
Eólica,Eólica,Eólica,0.581329,0.163161,0.25551,1,0,0,1,32900.00,-9.27055,-41.0501
Eólica,Eólica,Eólica,0.568773,0.116889,0.314338,1,0,0,1,28900.00,-7.37089,-40.6742
Eólica,Eólica,Eólica,0.60811,0.187955,0.203935,0.8,0,0.2,1,30000.00,-10.6061,-40.6545
Eólica,Hidráulica,Eólica,0.0199973,0.977301,0.00270154,0.6,0.4,0,1,12530.00,-33.634,-53.3534
Eólica,Eólica,Eólica,0.56702,0.119124,0.313856,1,0,0,1,29600.00,-7.43773,-40.7465
Eólica,Eólica,Eólica,0.569881,0.117848,0.312271,1,0,0,1,28900.00,-7.42366,-40.6715
Eólica,Eólica,Eólica,0.586483,0.177204,0.236314,1,0,0,1,32900.00,-9.84775,-41.0539
Eólica,Solar,Eólica,0.45448,0.0621042,0.483416,0.6,0.4,0,1,14700.00,-3.86738,-41.0203
Eólica,Hidráulica,Hidráulica,0.0229001,0.974071,0.00302912,0.4,0.6,0,1,15000.00,-33.1185,-52.9
Eólica,Eólica,Eólica,0.733297,0.0533215,0.213382,1,0,0,1,28600.00,-5.49282,-36.0036
Eólica,Eólica,Eólica,0.568901,0.118046,0.313052,1,0,0,1,29600.00,-7.40929,-40.6951
Eólica,Hidráulica,Hidráulica,0.0231845,0.973772,0.0030433,0.4,0.6,0,1,15000.00,-33.0951,-52.8435
Eólica,Eólica,Eólica,0.499148,0.049873,0.450979,1,0,0,1,25200.00,-2.99752,-39.7337
Eólica,Eólica,Eólica,0.568538,0.203402,0.22806,1,0,0,1,25000.00,-10.6699,-41.5095
Eólica,Eólica,Eólica,0.561276,0.201092,0.237632,0.8,0.2,0,1,17500.00,-10.6386,-41.6143
Eólica,Eólica,Eólica,0.565843,0.196324,0.237834,0.6,0.4,0,1,15000.00,-10.5863,-41.4902
Eólica,Eólica,Eólica,0.56438,0.201543,0.234077,1,0,0,1,20000.00,-10.6469,-41.5647
Eólica,Eólica,Eólica,0.682857,0.0548272,0.262316,1,0,0,1,24000.00,-5.0357,-36.9644
Eólica,Eólica,Eólica,0.576486,0.123832,0.299682,1,0,0,1,29900.00,-7.72833,-40.6584
Eólica,Eólica,Eólica,0.683531,0.0550887,0.26138,1,0,0,1,24000.00,-5.06561,-36.9643
Eólica,Eólica,Eólica,0.575412,0.123753,0.300835,1,0,0,1,29900.00,-7.71397,-40.6762
Eólica,Eólica,Solar,0.493301,0.0508155,0.455884,0.2,0,0.8,1,30000.00,-2.94814,-39.9012
Eólica,Eólica,Eólica,0.48734,0.0492848,0.463376,1,0,0,1,21000.00,-2.95398,-39.8774
Eólica,Eólica,Eólica,0.752623,0.0945311,0.152846,1,0,0,1,31365.00,-8.76508,-36.7481
Eólica,Eólica,Eólica,0.751224,0.0941283,0.154648,1,0,0,1,27675.00,-8.78104,-36.7583
Eólica,Eólica,Eólica,0.731018,0.05372,0.215262,1,0,0,1,32900.00,-5.41151,-36.0832
Eólica,Eólica,Eólica,0.557932,0.306886,0.135182,1,0,0,1,30000.00,-13.9312,-41.5609
Eólica,Eólica,Eólica,0.508003,0.327141,0.164856,1,0,0,1,16200.00,-13.8294,-42.6908
Eólica,Eólica,Eólica,0.507553,0.331565,0.160882,0.6,0.4,0,1,13500.00,-14.0155,-42.6633
Eólica,Eólica,Eólica,0.50792,0.333426,0.158655,1,0,0,1,18900.00,-13.9799,-42.6652
Eólica,Eólica,Eólica,0.742869,0.0507909,0.20634,1,0,0,1,42000.00,-5.15255,-35.7646
Eólica,Eólica,Solar,0.514857,0.243438,0.241705,0.4,0,0.6,1,27500.00,-11.1774,-42.7369
Eólica,Eólica,Eólica,0.725008,0.0577597,0.217233,1,0,0,1,20000.00,-5.91421,-36.3092
Eólica,Eólica,Eólica,0.507473,0.331306,0.161221,0.6,0.4,0,1,13500.00,-14.0055,-42.667
Eólica,Eólica,Eólica,0.572041,0.121639,0.30632,0.8,0.2,0,1,19800.00,-7.7835,-40.6574
Eólica,Eólica,Eólica,0.520698,0.0504732,0.428829,1,0,0,1,21000.00,-3.27065,-39.3963
Eólica,Eólica,Eólica,0.519155,0.0500021,0.430843,1,0,0,1,21000.00,-3.22015,-39.3962
Eólica,Eólica,Eólica,0.516011,0.0496044,0.434385,1,0,0,1,16800.00,-3.24555,-39.4073
Eólica,Eólica,Eólica,0.747634,0.050218,0.202148,1,0,0,1,40500.00,-5.20264,-35.6388
Eólica,Eólica,Eólica,0.579612,0.212207,0.208181,1,0,0,1,28200.00,-11.0681,-41.3188
Eólica,Eólica,Eólica,0.57951,0.21251,0.20798,1,0,0,1,28200.00,-11.077,-41.3216
Eólica,Eólica,Eólica,0.591471,0.178826,0.229703,0.8,0,0.2,1,30000.00,-10.0292,-40.952
Eólica,Eólica,Hidráulica,0.691299,0.176628,0.132073,0.4,0.6,0,1,55800.00,-11.2565,-38.8112
Eólica,Eólica,Eólica,0.615512,0.178754,0.205734,1,0,0,1,29400.00,-10.387,-40.4589
Eólica,Eólica,Eólica,0.591053,0.231183,0.177764,0.8,0.2,0,1,72000.00,-11.0788,-41.2681
Eólica,Eólica,Eólica,0.619741,0.180808,0.199451,1,0,0,1,42000.00,-10.2898,-40.4341
Eólica,Eólica,Eólica,0.577569,0.234372,0.188059,0.8,0,0.2,1,30000.00,-11.7614,-41.3893
Eólica,Eólica,Eólica,0.516246,0.319645,0.164109,0.6,0.2,0.2,1,22500.00,-13.6252,-42.5509
Eólica,Eólica,Solar,0.546798,0.15826,0.294941,0,0,1,1,32200.00,-8.71767,-41.6446
Eólica,Eólica,Hidráulica,0.721464,0.050528,0.228008,0.4,0.6,0,1,10395.00,-5.41989,-36.0166
Eólica,Eólica,Eólica,0.479225,0.06839,0.452385,0.8,0,0.2,1,31500.00,-4.11318,-40.9275
Eólica,Eólica,Eólica,0.477596,0.0684332,0.453971,0.8,0,0.2,1,31500.00,-4.10572,-40.9566
Eólica,Eólica,Eólica,0.4769,0.068697,0.454404,0.8,0,0.2,1,31500.00,-4.11824,-40.9783
Eólica,Eólica,Eólica,0.55223,0.149371,0.298398,1,0,0,1,31500.00,-8.46251,-41.4451
Eólica,Eólica,Eólica,0.552308,0.150066,0.297626,1,0,0,1,31500.00,-8.48911,-41.4516
Eólica,Eólica,Eólica,0.556704,0.154698,0.288597,0.8,0.2,0,1,28350.00,-8.76644,-41.4087
Eólica,Eólica,Solar,0.555653,0.156289,0.288058,0.4,0,0.6,1,30000.00,-8.78177,-41.452
Eólica,Eólica,Eólica,0.553986,0.155877,0.290138,0.8,0,0.2,1,27000.00,-8.80656,-41.4651
Eólica,Eólica,Eólica,0.582977,0.128949,0.288074,1,0,0,1,29400.00,-8.02137,-40.6178
Eólica,Eólica,Eólica,0.582186,0.12893,0.288884,1,0,0,1,29400.00,-8.0121,-40.6317
Eólica,Solar,Eólica,0.392746,0.0543551,0.552899,1,0,0,1,24000.00,-2.7998,-41.792
Eólica,Eólica,Eólica,0.590457,0.232062,0.17748,0.8,0.2,0,1,72000.00,-11.0994,-41.2809
Eólica,Eólica,Eólica,0.5445,0.155607,0.299893,0.8,0,0.2,1,27000.00,-8.69829,-41.6357
Eólica,Eólica,Eólica,0.547092,0.15308,0.299828,0.8,0,0.2,1,27000.00,-8.63298,-41.5608
Eólica,Eólica,Eólica,0.567681,0.201472,0.230847,1,0,0,1,29700.00,-10.5029,-41.5401
Eólica,Eólica,Eólica,0.725885,0.0493291,0.224786,1,0,0,1,23100.00,-5.1274,-35.9326
Eólica,Eólica,Eólica,0.584804,0.225829,0.189367,0.8,0,0.2,1,30000.00,-11.5874,-41.2285
Eólica,Eólica,Eólica,0.728108,0.0722246,0.199667,1,0,0,1,31500.00,-6.84091,-36.7911
Eólica,Eólica,Eólica,0.754688,0.0615073,0.183805,1,0,0,1,67500.00,-5.78513,-36.0726
Eólica,Eólica,Eólica,0.68483,0.056691,0.258479,1,0,0,1,31185.00,-5.0754,-37.043
Eólica,Eólica,Eólica,0.717397,0.0534383,0.229164,0.6,0.4,0,1,12400.00,-5.5848,-36.2348
Eólica,Eólica,Eólica,0.726216,0.0557435,0.21804,0.6,0,0.4,1,31000.00,-5.55201,-36.2522
Eólica,Eólica,Eólica,0.728472,0.0657283,0.205799,1,0,0,1,46200.00,-6.09163,-36.648
Eólica,Eólica,Eólica,0.584168,0.23046,0.185372,1,0,0,1,42000.00,-11.508,-41.2946
Eólica,Eólica,Eólica,0.723321,0.0528269,0.223852,1,0,0,1,27500.00,-5.32465,-36.1641
Eólica,Eólica,Eólica,0.728452,0.0538098,0.217738,1,0,0,1,27500.00,-5.48516,-36.1119
Eólica,Eólica,Eólica,0.728006,0.0753619,0.196632,1,0,0,1,34650.00,-6.99685,-36.894
Eólica,Eólica,Eólica,0.570022,0.1981,0.231878,1,0,0,1,29700.00,-10.4203,-41.4786
Eólica,Eólica,Eólica,0.726977,0.0761479,0.196876,1,0,0,1,34650.00,-7.03373,-36.9355
Eólica,Eólica,Eólica,0.56706,0.202101,0.230838,1,0,0,1,33600.00,-10.4409,-41.5723
Eólica,Eólica,Eólica,0.568303,0.20516,0.226537,1,0,0,1,37800.00,-10.4805,-41.5769
Eólica,Eólica,Eólica,0.583558,0.207316,0.209126,1,0,0,1,27300.00,-10.9761,-41.2199
Eólica,Eólica,Eólica,0.50198,0.373404,0.124615,1,0,0,1,40500.00,-14.8199,-42.5627
Eólica,Eólica,Eólica,0.52347,0.235788,0.240743,1,0,0,1,32000.00,-10.9717,-42.5618
Eólica,Eólica,Eólica,0.709058,0.054476,0.236466,1,0,0,1,25200.00,-5.3151,-36.4892
Eólica,Eólica,Eólica,0.73249,0.0561568,0.211353,1,0,0,1,37200.00,-5.56147,-36.1774
Eólica,Eólica,Eólica,0.586947,0.174944,0.238109,1,0,0,1,31185.00,-9.80508,-41.0227
Eólica,Eólica,Eólica,0.735668,0.0755979,0.188734,1,0,0,1,44000.00,-6.96133,-36.7859
Eólica,Eólica,Eólica,0.721795,0.0746515,0.203553,0.6,0.4,0,1,24255.00,-7.04823,-36.9524
Eólica,Eólica,Eólica,0.597189,0.133997,0.268814,1,0,0,1,49500.00,-8.00367,-40.5177
Eólica,Eólica,Eólica,0.731381,0.0527956,0.215823,1,0,0,1,27720.00,-5.43454,-36.0127
Eólica,Eólica,Eólica,0.731707,0.0529248,0.215368,1,0,0,1,27720.00,-5.45086,-36.0123
Eólica,Eólica,Eólica,0.686221,0.0571188,0.25666,1,0,0,1,31185.00,-5.12714,-37.0368
Eólica,Eólica,Eólica,0.690821,0.0572634,0.251915,1,0,0,1,34650.00,-5.12941,-36.977
Eólica,Eólica,Eólica,0.739279,0.0504441,0.210277,1,0,0,1,37800.00,-5.14583,-35.7989
Eólica,Solar,Eólica,0.368974,0.0596754,0.571351,1,0,0,1,43400.00,-2.71333,-42.575
Eólica,Eólica,Eólica,0.744606,0.0523508,0.203044,1,0,0,1,50400.00,-5.16149,-35.8387
Eólica,Eólica,Eólica,0.72281,0.050311,0.226879,0.6,0.4,0,1,24255.00,-5.15294,-36.0422
Eólica,Eólica,Eólica,0.618738,0.190297,0.190966,1,0,0,1,50400.00,-10.4736,-40.524
Eólica,Eólica,Eólica,0.58033,0.16015,0.25952,0.8,0,0.2,1,27000.00,-9.26021,-41.0168
Eólica,Eólica,Eólica,0.733412,0.055581,0.211007,1,0,0,1,29400.00,-5.67592,-36.1018
Eólica,Eólica,Eólica,0.739694,0.050728,0.209578,1,0,0,1,29400.00,-5.33959,-35.7674
Eólica,Eólica,Eólica,0.731223,0.0728097,0.195968,1,0,0,1,34650.00,-6.87215,-36.7594
Eólica,Hidráulica,Eólica,0.0209685,0.976569,0.00246245,1,0,0,1,49600.00,-33.2051,-53.0266
Eólica,Eólica,Eólica,0.728688,0.0733846,0.197928,1,0,0,1,34650.00,-6.87119,-36.8262
Eólica,Eólica,Solar,0.594612,0.179722,0.225666,0,0.2,0.8,1,48510.00,-9.7501,-40.9753
Eólica,Eólica,Hidráulica,0.537064,0.230236,0.232701,0.4,0.6,0,1,11400.00,-11.3745,-42.1772
Eólica,Eólica,Hidráulica,0.542947,0.239445,0.217608,0.4,0.6,0,1,22800.00,-11.5268,-42.1185
Eólica,Eólica,Eólica,0.527903,0.266525,0.205571,1,0,0,1,42000.00,-11.7797,-42.5328
Eólica,Eólica,Eólica,0.528657,0.267505,0.203838,1,0,0,1,42000.00,-11.8216,-42.5149
Eólica,Eólica,Eólica,0.56019,0.167783,0.272027,1,0,0,1,45600.00,-8.9453,-41.5451
Eólica,Eólica,Eólica,0.69089,0.0580436,0.251066,1,0,0,1,37800.00,-5.13275,-37.0221
Eólica,Eólica,Eólica,0.999414,7.66031e-05,0.000509828,1,0,0,1,36000.00,0,0
Eólica,Eólica,Eólica,0.759619,0.0596738,0.180707,1,0,0,1,67200.00,-5.7269,-35.904
Eólica,Eólica,Eólica,0.757822,0.0596181,0.18256,1,0,0,1,63000.00,-5.77094,-35.9209
Eólica,Eólica,Eólica,0.685775,0.0585105,0.255714,1,0,0,1,33600.00,-5.18694,-37.1132
Eólica,Eólica,Eólica,0.687355,0.0597696,0.252875,1,0,0,1,37800.00,-5.22515,-37.1547
Eólica,Eólica,Solar,0.695868,0.0618365,0.242295,0,0.2,0.8,1,48510.00,-5.28819,-37.1299
Eólica,Eólica,Hidráulica,0.578763,0.214,0.207237,0.4,0.6,0,1,26500.00,-11.1494,-41.333
Eólica,Eólica,Eólica,0.527175,0.0508543,0.421971,1,0,0,1,25200.00,-3.26668,-39.3299
Eólica,Eólica,Eólica,0.734185,0.0559191,0.209896,0.8,0,0.2,1,49500.00,-5.33099,-36.1891
Eólica,Eólica,Eólica,0.743467,0.0493593,0.207173,1,0,0,1,27000.00,-5.31542,-35.6195
Eólica,Eólica,Eólica,0.503875,0.366401,0.129724,1,0,0,1,43400.00,-14.5542,-42.5981
Eólica,Eólica,Eólica,0.552375,0.175482,0.272143,1,0,0,1,49500.00,-9.05061,-41.7728
Eólica,Eólica,Solar,0.544543,0.164485,0.290972,0.4,0,0.6,1,27500.00,-9.0051,-41.7274
Eólica,Eólica,Eólica,0.553263,0.171593,0.275143,1,0,0,1,44000.00,-9.0316,-41.7006
Eólica,Eólica,Eólica,0.555314,0.175183,0.269503,1,0,0,1,49500.00,-9.07384,-41.7148
Eólica,Eólica,Eólica,0.553136,0.174414,0.27245,1,0,0,1,49500.00,-9.02243,-41.75
Eólica,Eólica,Eólica,0.55435,0.175426,0.270224,1,0,0,1,49500.00,-9.07118,-41.735
Eólica,Eólica,Solar,0.711571,0.119406,0.169022,0.4,0,0.6,1,49500.00,-9.01669,-38.0747
Eólica,Eólica,Eólica,0.554445,0.173463,0.272092,1,0,0,1,49500.00,-9.00435,-41.7177
Eólica,Eólica,Eólica,0.563759,0.231996,0.204246,0.6,0,0.4,1,47700.00,-11.1187,-41.7726
Eólica,Eólica,Eólica,0.57505,0.215229,0.209721,0.8,0,0.2,1,43000.00,-10.8186,-41.4869
Eólica,Eólica,Eólica,0.999427,7.75605e-05,0.000495751,1,0,0,1,43400.00,0,0
Eólica,Eólica,Eólica,0.516428,0.322647,0.160925,0.6,0,0.4,1,27000.00,-13.6406,-42.548
Eólica,Eólica,Eólica,0.727367,0.0688562,0.203776,1,0,0,1,22500.00,-6.76055,-36.6658
Eólica,Eólica,Eólica,0.727376,0.0681784,0.204446,1,0,0,1,22500.00,-6.71118,-36.6445
Eólica,Eólica,Eólica,0.755157,0.0651154,0.179728,0.6,0.4,0,1,17700.00,-7.0364,-35.9644
Eólica,Eólica,Eólica,0.563197,0.200163,0.23664,1,0,0,1,29400.00,-10.4046,-41.6239
Eólica,Eólica,Eólica,0.562853,0.202493,0.234654,1,0,0,1,29400.00,-10.478,-41.6407
Eólica,Eólica,Eólica,0.56192,0.203091,0.234989,1,0,0,1,29400.00,-10.4856,-41.662
Eólica,Eólica,Eólica,0.560577,0.200023,0.239401,1,0,0,1,25200.00,-10.4461,-41.6574
Eólica,Eólica,Eólica,0.560532,0.201487,0.237981,1,0,0,1,29400.00,-10.4138,-41.6832
Eólica,Eólica,Eólica,0.999416,7.67575e-05,0.000507519,1,0,0,1,37200.00,0,0
Eólica,Eólica,Eólica,0.999416,7.67575e-05,0.000507519,1,0,0,1,37200.00,0,0
Eólica,Eólica,Eólica,0.999439,7.84773e-05,0.000482793,1,0,0,1,50400.00,0,0
Eólica,Eólica,Eólica,0.732534,0.0707332,0.196733,1,0,0,1,31500.00,-6.80629,-36.6596
Eólica,Eólica,Eólica,0.727381,0.0687737,0.203846,1,0,0,1,22500.00,-6.75475,-36.663
Eólica,Solar,Eólica,0.412586,0.0598674,0.527547,1,0,0,1,49600.00,-2.8145,-41.8067
Eólica,Eólica,Eólica,0.73544,0.0596474,0.204912,1,0,0,1,45600.00,-5.73583,-36.2948
Eólica,Eólica,Eólica,0.689727,0.151077,0.159197,0.6,0,0.4,1,48000.00,-10.1755,-38.7877
Eólica,Eólica,Eólica,0.689602,0.149949,0.160449,0.6,0,0.4,1,48000.00,-10.1203,-38.7858
Eólica,Eólica,Eólica,0.688883,0.151422,0.159695,0.6,0,0.4,1,48000.00,-10.1746,-38.8089
Eólica,Eólica,Hidráulica,0.713616,0.0536472,0.232737,0,1,0,1,5900.00,-5.67564,-36.2849
Eólica,Eólica,Eólica,0.748646,0.0635876,0.187767,0.6,0.2,0.2,1,68400.00,-5.8298,-36.2717
Eólica,Eólica,Eólica,0.591912,0.132932,0.275156,1,0,0,1,45000.00,-7.98569,-40.5802
Eólica,Eólica,Solar,0.7239,0.058613,0.217487,0.2,0.2,0.6,1,23600.00,-5.89895,-36.3797
Eólica,Eólica,Hidráulica,0.727358,0.0591192,0.213523,0.4,0.6,0,1,29500.00,-5.8782,-36.3597
Eólica,Eólica,Eólica,0.740085,0.0610918,0.198823,0.6,0.2,0.2,1,51300.00,-5.817,-36.282
Hidráulica,Hidráulica,Hidráulica,0.0188834,0.981056,6.03957e-05,0,1,0,1,1396200.00,-19.8632,-50.3465
Hidráulica,Hidráulica,Hidráulica,0.130439,0.847033,0.0225284,0,1,0,1,140760.00,-22.5194,-48.5344
Hidráulica,Hidráulica,Eólica,0.203038,0.762168,0.0347948,0.4,0.4,0.2,1,80400.00,-21.5767,-46.6242
Hidráulica,Hidráulica,Hidráulica,0.310061,0.630692,0.0592462,0.2,0.8,0,1,7200.00,-20.2387,-44.7542
Hidráulica,Solar,Eólica,0.0680635,0.032706,0.899231,0.4,0.4,0.2,1,78000.00,0.903221,-51.2599
Hidráulica,Hidráulica,Solar,0.382567,0.575997,0.0414362,0,0.4,0.6,1,5040.00,-21.0135,-42.4481
Hidráulica,Hidráulica,Hidráulica,0.233102,0.74555,0.021347,0,1,0,1,180000.00,-21.1429,-45.0361
Hidráulica,Hidráulica,Hidráulica,0.384031,0.576829,0.0391402,0.4,0.6,0,1,13800.00,-21.0399,-42.329
Hidráulica,Hidráulica,Hidráulica,0.000487877,0.999512,7.59044e-10,0,1,0,1,3444000.00,-20.3833,-51.3665
Hidráulica,Hidráulica,Hidráulica,0.338384,0.661248,0.000368245,0,1,0,1,1479600.00,-9.14352,-38.3124
Hidráulica,Hidráulica,Hidráulica,0.482764,0.505917,0.0113185,0,1,0,1,462011.00,-15.9656,-39.5926
Hidráulica,Hidráulica,Hidráulica,0.00894625,0.991052,2.08014e-06,0,1,0,1,2082000.00,-18.4236,-49.1183
Hidráulica,Hidráulica,Solar,0.124145,0.763599,0.112256,0,0,1,1,50000.00,-18.5068,-52.0696
Hidráulica,Hidráulica,Hidráulica,0.328278,0.634827,0.0368944,0.2,0.8,0,1,8400.00,-21.7966,-43.2969
Hidráulica,Hidráulica,Hidráulica,0.329324,0.632886,0.0377903,0.2,0.8,0,1,4000.00,-21.787,-43.3105
Hidráulica,Hidráulica,Hidráulica,0.182456,0.812622,0.00492192,0,1,0,1,380030.00,-22.6833,-43.8733
Hidráulica,Hidráulica,Hidráulica,0.326785,0.63584,0.0373754,0,0.8,0.2,1,4080.00,-21.8447,-43.3395
Hidráulica,Hidráulica,Hidráulica,0.260483,0.719435,0.0200814,0.4,0.6,0,1,99900.00,-22.6867,-43.8236
Hidráulica,Hidráulica,Solar,0.304337,0.665401,0.0302626,0,0,1,1,50000.00,-21.8849,-43.5408
Hidráulica,Hidráulica,Hidráulica,0.130806,0.852577,0.0166165,0,1,0,1,320000.00,-20.1242,-48.5719
Hidráulica,Hidráulica,Hidráulica,0.00689471,0.993091,1.44561e-05,0,1,0,1,1540000.00,-22.4757,-52.9587
Hidráulica,Hidráulica,Eólica,0.27466,0.614005,0.111335,0.4,0.4,0.2,1,105000.00,-16.2107,-47.3233
Hidráulica,Hidráulica,Hidráulica,0.00704838,0.992919,3.21369e-05,0,1,0,1,1240000.00,-25.5431,-53.4981
Hidráulica,Hidráulica,Eólica,0.14353,0.831895,0.0245743,0.6,0.2,0.2,1,36870.00,-24.1004,-47.7199
Hidráulica,Hidráulica,Hidráulica,0.0060053,0.993983,1.14719e-05,0,1,0,1,1420000.00,-25.6288,-52.6145
Hidráulica,Solar,Hidráulica,0.0263301,0.438483,0.535187,0,1,0,1,216750.00,-8.75098,-63.4542
Hidráulica,Hidráulica,Hidráulica,0.00836594,0.991608,2.58621e-05,0,1,0,1,1260000.00,-25.7905,-52.1123
Hidráulica,Hidráulica,Hidráulica,0.0424558,0.954148,0.00339618,0,1,0,1,525000.00,-22.5437,-52.0002
Hidráulica,Eólica,Hidráulica,0.714268,0.248696,0.0370352,0,1,0,1,443000.00,-9.39688,-38.2027
Hidráulica,Hidráulica,Eólica,0.105432,0.863394,0.0311742,0.8,0.2,0,1,72000.00,-22.9383,-50.2508
Hidráulica,Hidráulica,Hidráulica,0.229984,0.707898,0.0621182,0,0.8,0.2,1,650.00,-20.8129,-46.8106
Hidráulica,Hidráulica,Hidráulica,0.232665,0.706288,0.0610468,0,1,0,1,3200.00,-20.8072,-46.7089
Hidráulica,Hidráulica,Hidráulica,0.177209,0.781504,0.0412872,0,1,0,1,211470.00,-18.6592,-48.4368
Hidráulica,Hidráulica,Hidráulica,0.349674,0.396339,0.253987,0.4,0.6,0,1,12000.00,-13.406,-46.3426
Hidráulica,Hidráulica,Hidráulica,0.0393831,0.955848,0.00476916,0,1,0,1,130000.00,-29.0308,-51.5213
Hidráulica,Hidráulica,Hidráulica,0.0555975,0.931659,0.0127431,0,1,0,1,120168.00,-25.6456,-51.9569
Hidráulica,Hidráulica,Hidráulica,0.275771,0.591006,0.133222,0,1,0,1,243200.00,-12.8084,-48.2382
Hidráulica,Hidráulica,Solar,0.258943,0.629675,0.111382,0,0.2,0.8,1,52500.00,-17.3456,-47.4894
Hidráulica,Hidráulica,Hidráulica,0.000122519,0.999877,4.53128e-09,0,1,0,1,3750000.00,-9.26751,-64.6461
Hidráulica,Solar,Hidráulica,0.119846,0.0767321,0.803422,0,1,0,1,252000.00,0.855656,-51.1968
Hidráulica,Hidráulica,Hidráulica,0.0990652,0.673746,0.227189,0,1,0,1,300000.00,-10.9848,-55.766
Hidráulica,Solar,Hidráulica,0.106826,0.0658549,0.827319,0,1,0,1,219000.00,0.852778,-51.2967
Hidráulica,Solar,Eólica,0.0689988,0.34735,0.583652,1,0,0,1,45000.00,-10.3386,-56.9828
Hidráulica,Hidráulica,Hidráulica,0.0968666,0.767213,0.13592,0,1,0,1,401880.00,-11.2667,-55.45
Hidráulica,Hidráulica,Hidráulica,0.0663696,0.876851,0.0567793,0,1,0,1,700000.00,-9.19028,-57.0522
Hidráulica,Hidráulica,Hidráulica,0.0776954,0.555163,0.367142,0,1,0,1,1680.00,-14.4783,-56.3919
Hidráulica,Hidráulica,Hidráulica,0.323005,0.645595,0.0313998,0.4,0.6,0,1,18000.00,-22.2263,-43.0782
Hidráulica,Hidráulica,Hidráulica,0.448264,0.509506,0.0422302,0,1,0,1,4500.00,-20.4,-41.2665
Hidráulica,Hidráulica,Hidráulica,0.0646908,0.910272,0.0250377,0,1,0,1,1300.00,-25.4936,-52.2128
Hidráulica,Hidráulica,Eólica,0.054209,0.93691,0.00888063,0.4,0.4,0.2,1,9100.00,-29.0206,-50.7309
Hidráulica,Hidráulica,Hidráulica,0.149439,0.720311,0.13025,0,1,0,1,30000.00,-18.0675,-51.1675
Hidráulica,Solar,Hidráulica,0.291343,0.30933,0.399327,0.4,0.6,0,1,29064.00,-10.6988,-47.7939
Hidráulica,Hidráulica,Hidráulica,0.191997,0.780532,0.0274708,0.4,0.6,0,1,15000.00,-23.7447,-46.1276
Hidráulica,Hidráulica,Hidráulica,0.197414,0.760847,0.0417383,0.2,0.8,0,1,7200.00,-22.3798,-46.9007
Hidráulica,Hidráulica,Hidráulica,0.285068,0.677293,0.0376386,0,1,0,1,1920.00,-22.1804,-44.2778
Hidráulica,Hidráulica,Eólica,0.0776092,0.895338,0.027053,1,0,0,1,16200.00,-24.7875,-51.43
Hidráulica,Hidráulica,Solar,0.224838,0.734303,0.0408589,0,0.4,0.6,1,30000.00,-21.8067,-46.135
Hidráulica,Hidráulica,Hidráulica,0.105483,0.608334,0.286183,0.2,0.8,0,1,8120.00,-15.3811,-54.4121
Hidráulica,Solar,Hidráulica,0.0272954,0.385968,0.586736,0,1,0,1,5280.00,-11.9854,-62.1796
Hidráulica,Solar,Hidráulica,0.031615,0.0103978,0.957987,0.2,0.8,0,1,7500.00,3.80167,-51.8785
Hidráulica,Hidráulica,Eólica,0.0939948,0.874293,0.0317125,0.6,0.4,0,1,16319.00,-24.0589,-50.7108
Hidráulica,Hidráulica,Hidráulica,0.189263,0.774122,0.0366155,0,1,0,1,11800.00,-22.8196,-46.8778
Hidráulica,Hidráulica,Hidráulica,0.0893162,0.607776,0.302908,0,1,0,1,3520.00,-15.3642,-55.4347
Hidráulica,Hidráulica,Hidráulica,0.0956839,0.878457,0.0258593,0,1,0,1,2300.00,-25.02,-50.0619
Hidráulica,Hidráulica,Hidráulica,0.347599,0.594415,0.0579861,0,1,0,1,1360.00,-20.132,-43.8779
Hidráulica,Solar,Hidráulica,0.0893022,0.276605,0.634093,0,0.8,0.2,1,14160.00,-9.63165,-54.9735
Hidráulica,Hidráulica,Eólica,0.350551,0.612416,0.037033,0.6,0.4,0,1,24400.00,-21.3027,-42.9125
Hidráulica,Hidráulica,Hidráulica,0.438577,0.513832,0.0475912,0.2,0.8,0,1,7500.00,-19.9867,-41.7192
Hidráulica,Hidráulica,Hidráulica,0.240873,0.722877,0.0362502,0,1,0,1,10000.00,-22.4936,-45.33
Hidráulica,Hidráulica,Eólica,0.408325,0.53155,0.0601257,0.4,0.4,0.2,1,22500.00,-19.0857,-42.8526
Hidráulica,Hidráulica,Hidráulica,0.409213,0.5544,0.0363865,0.2,0.8,0,1,19528.00,-20.9866,-41.7105
Hidráulica,Hidráulica,Hidráulica,0.0424726,0.948171,0.00935684,0.2,0.8,0,1,6080.00,-29.0798,-52.2096
Hidráulica,Hidráulica,Hidráulica,0.347223,0.61818,0.0345978,0.2,0.8,0,1,29232.00,-21.4792,-42.8452
Hidráulica,Hidráulica,Hidráulica,0.218894,0.733129,0.047977,0,1,0,1,7800.00,-21.7029,-46.5759
Hidráulica,Hidráulica,Eólica,0.0459038,0.94473,0.00936663,0.4,0.4,0.2,1,22500.00,-28.7059,-51.8508
Hidráulica,Hidráulica,Eólica,0.440735,0.51014,0.0491245,0.6,0.4,0,1,19800.00,-19.6139,-41.8034
Hidráulica,Hidráulica,Eólica,0.361625,0.589067,0.0493081,0.8,0.2,0,1,10000.00,-20.4529,-43.2728
Hidráulica,Hidráulica,Hidráulica,0.379464,0.583287,0.0372493,0.2,0.6,0.2,1,22700.00,-21.0845,-42.3437
Hidráulica,Solar,Hidráulica,0.086038,0.278296,0.635666,0,1,0,1,13000.00,-9.68908,-55.1952
Hidráulica,Hidráulica,Hidráulica,0.155562,0.813093,0.0313453,0,1,0,1,1300.00,-23.8363,-47.6599
Hidráulica,Hidráulica,Eólica,0.0349628,0.953317,0.0117203,0.8,0,0.2,1,14335.00,-28.2919,-53.8774
Hidráulica,Hidráulica,Hidráulica,0.0498196,0.502104,0.448076,0.2,0.8,0,1,7600.00,-13.5443,-59.0301
Hidráulica,Hidráulica,Eólica,0.0555124,0.932692,0.011796,1,0,0,1,22200.00,-27.7886,-51.3478
Hidráulica,Hidráulica,Hidráulica,0.0567649,0.93083,0.0124054,0.4,0.6,0,1,15000.00,-27.7384,-51.3134
Hidráulica,Solar,Hidráulica,0.333732,0.325657,0.340611,0.4,0.6,0,1,11400.00,-11.6975,-46.7367
Hidráulica,Solar,Hidráulica,0.0407199,0.458612,0.500668,0,1,0,1,2800.00,-13.0205,-60.112
Hidráulica,Solar,Hidráulica,0.0401767,0.459282,0.500541,0,1,0,1,30000.00,-12.5124,-60.3081
Hidráulica,Hidráulica,Hidráulica,0.463542,0.475693,0.0607651,0.2,0.4,0.4,1,20000.00,-18.5999,-41.8483
Hidráulica,Solar,Hidráulica,0.0837826,0.230168,0.686049,0,1,0,1,10000.00,-8.76854,-54.9518
Hidráulica,Hidráulica,Eólica,0.200287,0.735376,0.0643372,0.4,0.4,0.2,1,22680.00,-20.4941,-47.8592
Hidráulica,Hidráulica,Hidráulica,0.0722491,0.909942,0.0178088,0,1,0,1,5500.00,-26.4936,-50.7864
Hidráulica,Hidráulica,Hidráulica,0.122357,0.755971,0.121672,0,1,0,1,18000.00,-18.8197,-52.1775
Hidráulica,Solar,Hidráulica,0.0427941,0.31407,0.643136,0,1,0,1,30000.00,-10.1647,-59.457
Hidráulica,Hidráulica,Hidráulica,0.0704032,0.907972,0.0216244,0,1,0,1,15500.00,-25.6571,-51.4447
Hidráulica,Hidráulica,Hidráulica,0.0586798,0.497428,0.443893,0,1,0,1,30000.00,-13.0226,-58.1869
Hidráulica,Hidráulica,Hidráulica,0.380086,0.587032,0.0328823,0,1,0,1,2547.00,-21.9126,-41.957
Hidráulica,Hidráulica,Hidráulica,0.201886,0.732861,0.0652536,0.4,0.6,0,1,16500.00,-20.5478,-47.8136
Hidráulica,Hidráulica,Hidráulica,0.0855639,0.899535,0.0149012,0.4,0.6,0,1,15000.00,-26.7736,-49.4329
Hidráulica,Hidráulica,Hidráulica,0.0504836,0.481164,0.468352,0,1,0,1,15400.00,-13.0742,-58.9754
Hidráulica,Hidráulica,Hidráulica,0.0931849,0.678988,0.227827,0,1,0,1,29988.00,-16.2176,-54.9444
Hidráulica,Hidráulica,Hidráulica,0.0444279,0.936783,0.0187886,0,1,0,1,6700.00,-26.6628,-53.6558
Hidráulica,Hidráulica,Hidráulica,0.0919485,0.644954,0.263098,0.2,0.8,0,1,6000.00,-16.0033,-55.1153
Hidráulica,Solar,Eólica,0.0333153,0.410407,0.556278,1,0,0,1,25700.00,-11.9044,-61.2353
Hidráulica,Hidráulica,Eólica,0.0435191,0.948075,0.00840553,0.6,0.4,0,1,30000.00,-28.9667,-51.9167
Hidráulica,Hidráulica,Hidráulica,0.0791041,0.909822,0.0110736,0,1,0,1,6700.00,-28.0128,-49.1231
Hidráulica,Hidráulica,Hidráulica,0.0912474,0.676561,0.232192,0.2,0.4,0.4,1,22000.00,-16.3046,-55.06
Hidráulica,Hidráulica,Hidráulica,0.0557298,0.93151,0.0127602,0,1,0,1,16000.00,-27.6375,-51.4898
Hidráulica,Hidráulica,Hidráulica,0.432869,0.51229,0.0548416,0.2,0.8,0,1,6000.00,-19.5359,-42.1256
Hidráulica,Hidráulica,Hidráulica,0.0489434,0.494731,0.456326,0.4,0.6,0,1,10800.00,-13.3739,-59.1419
Hidráulica,Hidráulica,Hidráulica,0.0805761,0.905879,0.0135451,0.4,0.6,0,1,21000.00,-27.0372,-49.5708
Hidráulica,Hidráulica,Eólica,0.33438,0.358914,0.306706,0.8,0.2,0,1,25600.00,-12.1525,-46.8177
Hidráulica,Hidráulica,Solar,0.33636,0.346399,0.317241,0,0.2,0.8,1,30000.00,-11.8142,-46.7831
Hidráulica,Hidráulica,Eólica,0.334009,0.338524,0.327467,0.6,0.4,0,1,16000.00,-11.891,-46.77
Hidráulica,Hidráulica,Hidráulica,0.229405,0.655542,0.115053,0.2,0.6,0.2,1,21000.00,-18.0619,-48.2099
Hidráulica,Hidráulica,Hidráulica,0.2489,0.719804,0.0312966,0,0.8,0.2,1,30000.00,-22.568,-44.8634
Hidráulica,Hidráulica,Hidráulica,0.251604,0.717065,0.0313309,0,0.8,0.2,1,30000.00,-22.5438,-44.796
Hidráulica,Hidráulica,Hidráulica,0.0779482,0.911313,0.0107384,0,1,0,1,6990.00,-28.1243,-49.1332
Hidráulica,Hidráulica,Hidráulica,0.0522094,0.634109,0.313681,0.2,0.8,0,1,19410.00,-15.3926,-58.6378
Hidráulica,Hidráulica,Eólica,0.0505232,0.934142,0.0153346,0.6,0.4,0,1,14680.00,-27.1106,-52.4806
Hidráulica,Hidráulica,Hidráulica,0.0605693,0.921854,0.0175764,0,1,0,1,5800.00,-26.6761,-51.7531
Hidráulica,Hidráulica,Hidráulica,0.060962,0.921462,0.0175761,0,1,0,1,5600.00,-26.6749,-51.7158
Hidráulica,Hidráulica,Eólica,0.0342749,0.956697,0.0090283,0.6,0.4,0,1,17870.00,-29.1222,-53.3662
Hidráulica,Hidráulica,Hidráulica,0.0347778,0.955985,0.00923691,0,1,0,1,13000.00,-29.1285,-53.3198
Hidráulica,Hidráulica,Hidráulica,0.0646765,0.922861,0.0124629,0,1,0,1,9400.00,-27.7276,-50.5649
Hidráulica,Hidráulica,Solar,0.0596691,0.60686,0.333471,0,0.2,0.8,1,27400.00,-14.793,-57.9672
Hidráulica,Hidráulica,Hidráulica,0.367659,0.601296,0.0310453,0,1,0,1,14000.00,-21.9962,-42.1171
Hidráulica,Hidráulica,Hidráulica,0.160035,0.643299,0.196666,0.4,0.6,0,1,16000.00,-16.4811,-51.4169
Hidráulica,Hidráulica,Eólica,0.0564811,0.931127,0.0123923,0.8,0.2,0,1,13700.00,-27.7708,-51.3333
Hidráulica,Hidráulica,Eólica,0.374282,0.593594,0.0321245,0.8,0.2,0,1,10000.00,-21.899,-42.0487
Hidráulica,Hidráulica,Hidráulica,0.0850538,0.902275,0.0126707,0.4,0.6,0,1,6304.00,-27.4983,-49.0353
Hidráulica,Hidráulica,Eólica,0.116109,0.768665,0.115226,0.6,0.4,0,1,12500.00,-19.2,-52.3533
Hidráulica,Hidráulica,Solar,0.0861032,0.900432,0.0134648,0.4,0,0.6,1,27000.00,-26.8833,-49.2036
Hidráulica,Hidráulica,Hidráulica,0.0464168,0.522547,0.431037,0.4,0.6,0,1,10307.00,-13.8147,-59.4494
Hidráulica,Hidráulica,Hidráulica,0.0869555,0.897085,0.0159596,0,1,0,1,2890.00,-26.757,-49.4536
Hidráulica,Hidráulica,Hidráulica,0.057404,0.92521,0.0173855,0.2,0.8,0,1,9600.00,-26.6825,-52.0456
Hidráulica,Hidráulica,Hidráulica,0.0855879,0.901651,0.012761,0,0.8,0.2,1,9900.00,-27.3996,-49.0325
Hidráulica,Hidráulica,Hidráulica,0.0851336,0.902214,0.0126523,0,1,0,1,2000.00,-27.585,-49.0075
Hidráulica,Hidráulica,Hidráulica,0.0520172,0.937753,0.0102298,0,0.8,0.2,1,9800.00,-28.5591,-51.3109
Hidráulica,Hidráulica,Hidráulica,0.170281,0.691939,0.137779,0,1,0,1,30000.00,-17.6539,-50.4769
Hidráulica,Solar,Hidráulica,0.0331183,0.410802,0.556079,0,1,0,1,7000.00,-12.2712,-61.1875
Hidráulica,Hidráulica,Hidráulica,0.134373,0.824404,0.0412228,0.2,0.8,0,1,10500.00,-22.8741,-49.2153
Hidráulica,Solar,Hidráulica,0.331859,0.32217,0.345971,0.2,0.8,0,1,6000.00,-11.7101,-46.7503
Hidráulica,Hidráulica,Hidráulica,0.0605111,0.928037,0.0114521,0,1,0,1,12000.00,-28.018,-50.7459
Hidráulica,Hidráulica,Eólica,0.166355,0.67531,0.158335,0.6,0.4,0,1,21595.00,-17.2675,-50.8387
Hidráulica,Hidráulica,Hidráulica,0.0936169,0.889103,0.0172799,0.2,0.8,0,1,8480.00,-26.3096,-49.2466
Hidráulica,Hidráulica,Hidráulica,0.0605073,0.924411,0.0150821,0,1,0,1,9965.00,-27.12,-51.4067
Hidráulica,Hidráulica,Hidráulica,0.32221,0.64431,0.0334804,0,1,0,1,2680.00,-22.2989,-43.1771
Hidráulica,Hidráulica,Hidráulica,0.0562425,0.925822,0.0179353,0.2,0.8,0,1,6000.00,-26.6607,-52.2199
Hidráulica,Eólica,Hidráulica,0.666985,0.21653,0.116484,0,1,0,1,10980.00,-13.3462,-39.1032
Hidráulica,Hidráulica,Eólica,0.0788202,0.898879,0.0223009,0.4,0.4,0.2,1,30000.00,-25.1767,-50.9403
Hidráulica,Hidráulica,Hidráulica,0.0570264,0.568367,0.374607,0,1,0,1,5200.00,-14.5992,-58.2095
Hidráulica,Hidráulica,Hidráulica,0.10948,0.864271,0.0262489,0.4,0.6,0,1,6300.00,-24.7583,-49.3353
Hidráulica,Hidráulica,Hidráulica,0.258961,0.590276,0.150763,0.4,0.6,0,1,15800.00,-16.7851,-47.8851
Hidráulica,Hidráulica,Hidráulica,0.0830051,0.886221,0.0307743,0.4,0.6,0,1,15000.00,-24.3035,-51.3474
Hidráulica,Hidráulica,Hidráulica,0.0814865,0.904554,0.0139595,0,1,0,1,10000.00,-27.1357,-49.5316
Hidráulica,Hidráulica,Hidráulica,0.050884,0.939025,0.0100906,0.2,0.8,0,1,9000.00,-28.6373,-51.3974
Hidráulica,Hidráulica,Hidráulica,0.0550598,0.927144,0.017796,0.4,0.6,0,1,30000.00,-26.2433,-52.4258
Hidráulica,Hidráulica,Hidráulica,0.0645235,0.911034,0.0244423,0,1,0,1,6500.00,-25.4791,-52.1926
Hidráulica,Hidráulica,Hidráulica,0.0758462,0.898773,0.0253805,0.4,0.6,0,1,21000.00,-24.9362,-51.4296
Hidráulica,Solar,Hidráulica,0.0917489,0.267433,0.640818,0.2,0.8,0,1,9500.00,-9.54048,-54.732
Hidráulica,Hidráulica,Hidráulica,0.0672831,0.895696,0.0370212,0,1,0,1,8000.00,-23.9719,-52.9478
Hidráulica,Hidráulica,Hidráulica,0.127937,0.5643,0.307762,0,1,0,1,1900.00,-14.8628,-53.2917
Hidráulica,Solar,Hidráulica,0.29569,0.313881,0.390429,0,0.8,0.2,1,480.00,-11.3714,-47.5756
Hidráulica,Hidráulica,Hidráulica,0.419252,0.526759,0.0539893,0,1,0,1,358.40,-19.8217,-42.3187
Hidráulica,Hidráulica,Hidráulica,0.319779,0.613144,0.0670768,0,1,0,1,1472.00,-19.8069,-44.7844
Hidráulica,Hidráulica,Hidráulica,0.178624,0.777809,0.0435664,0,1,0,1,1700.00,-22.4805,-47.5922
Hidráulica,Hidráulica,Eólica,0.323975,0.642298,0.0337268,0.8,0.2,0,1,4800.00,-22.2186,-43.1656
Hidráulica,Eólica,Hidráulica,0.373513,0.352503,0.273984,0,1,0,1,450.00,-12.8839,-45.7727
Hidráulica,Hidráulica,Hidráulica,0.306733,0.657195,0.0360719,0,1,0,1,680.00,-22.1906,-43.6793
Hidráulica,Hidráulica,Hidráulica,0.0495923,0.942204,0.00820398,0,1,0,1,1500.00,-29.501,-51.0025
Hidráulica,Hidráulica,Hidráulica,0.113482,0.75665,0.129868,0,1,0,1,3200.00,-18.9289,-52.6861
Hidráulica,Hidráulica,Hidráulica,0.114242,0.854425,0.0313326,0,1,0,1,2640.00,-24.1686,-49.4915
Hidráulica,Hidráulica,Hidráulica,0.147374,0.821802,0.030824,0,1,0,1,332.50,-23.9811,-47.94
Hidráulica,Hidráulica,Hidráulica,0.0430205,0.50091,0.456069,0,1,0,1,395.25,-13.6922,-59.8335
Hidráulica,Hidráulica,Hidráulica,0.178105,0.772039,0.0498555,0.2,0.8,0,1,600.00,-22.0228,-47.9146
Hidráulica,Hidráulica,Hidráulica,0.280222,0.661846,0.0579312,0,1,0,1,680.00,-20.6798,-45.3636
Hidráulica,Hidráulica,Solar,0.37748,0.55538,0.0671398,0,0.4,0.6,1,5000.00,-19.2639,-43.6061
Hidráulica,Hidráulica,Hidráulica,0.0757473,0.911247,0.0130061,0,1,0,1,1840.00,-27.5965,-49.7401
Hidráulica,Hidráulica,Hidráulica,0.387415,0.560261,0.0523249,0,1,0,1,1000.00,-20.1955,-42.8567
Hidráulica,Hidráulica,Hidráulica,0.217284,0.724162,0.0585537,0,1,0,1,670.35,-21.1287,-47.0409
Hidráulica,Hidráulica,Hidráulica,0.114445,0.827058,0.0584969,0,1,0,1,2600.00,-21.9517,-50.9291
Hidráulica,Eólica,Hidráulica,0.999352,7.25964e-05,0.000575449,0.2,0.8,0,1,4000.00,0,0
Hidráulica,Hidráulica,Hidráulica,0.0941141,0.883341,0.0225448,0,1,0,1,220.00,-25.5495,-49.82
Hidráulica,Hidráulica,Hidráulica,0.0690632,0.911123,0.0198142,0,1,0,1,1190.00,-26.248,-51.2806
Hidráulica,Hidráulica,Hidráulica,0.0747029,0.910617,0.0146796,0,1,0,1,917.00,-27.2136,-50.1089
Hidráulica,Hidráulica,Hidráulica,0.0717957,0.907289,0.0209157,0,0.8,0.2,1,940.00,-26.0347,-51.1897
Hidráulica,Hidráulica,Hidráulica,0.164721,0.802305,0.0329739,0.2,0.8,0,1,3000.00,-23.5518,-47.4418
Hidráulica,Hidráulica,Hidráulica,0.0348472,0.950463,0.0146898,0,1,0,1,1580.00,-27.7706,-54.3891
Hidráulica,Hidráulica,Hidráulica,0.066065,0.910197,0.0237378,0,1,0,1,1188.00,-25.6628,-51.9658
Hidráulica,Hidráulica,Eólica,0.311743,0.63327,0.0549865,0.8,0.2,0,1,4770.00,-20.5481,-44.5417
Hidráulica,Hidráulica,Hidráulica,0.174279,0.79061,0.0351109,0,1,0,1,1612.50,-23.2812,-47.2406
Hidráulica,Hidráulica,Hidráulica,0.182536,0.767124,0.0503396,0,1,0,1,4293.00,-21.8817,-47.802
Hidráulica,Hidráulica,Hidráulica,0.217987,0.733107,0.0489068,0,1,0,1,800.00,-21.775,-46.6151
Hidráulica,Hidráulica,Hidráulica,0.0678431,0.915161,0.0169956,0.2,0.8,0,1,600.00,-26.7998,-51.0086
Hidráulica,Hidráulica,Hidráulica,0.115166,0.857405,0.0274297,0.2,0.8,0,1,4000.00,-24.5972,-49.135
Hidráulica,Solar,Hidráulica,0.220653,0.15497,0.624377,0,1,0,1,680.00,-7.21242,-48.2359
Hidráulica,Eólica,Hidráulica,0.549159,0.271619,0.179222,0.2,0.6,0.2,1,7.50,-13.097,-41.8507
Hidráulica,Hidráulica,Hidráulica,0.347184,0.594738,0.0580775,0,0.8,0.2,1,940.00,-20.1375,-43.8881
Hidráulica,Hidráulica,Hidráulica,0.114005,0.854863,0.0311318,0,1,0,1,2000.00,-24.2055,-49.4856
Hidráulica,Hidráulica,Hidráulica,0.0842973,0.753438,0.162265,0,1,0,1,400.00,-18.3785,-54.8294
Hidráulica,Eólica,Hidráulica,0.779201,0.073924,0.146875,0,0.8,0.2,1,960.00,-8.50911,-35.5977
Hidráulica,Hidráulica,Hidráulica,0.333479,0.619098,0.0474224,0,1,0,1,1000.00,-20.9922,-43.7253
Hidráulica,Eólica,Hidráulica,0.766547,0.0847213,0.148731,0,0.8,0.2,1,1406.70,-8.99623,-36.1243
Hidráulica,Hidráulica,Hidráulica,0.258419,0.61432,0.127261,0,1,0,1,1380.00,-17.7852,-47.5326
Hidráulica,Hidráulica,Hidráulica,0.0726508,0.909384,0.0179653,0,1,0,1,1000.00,-26.5453,-50.7563
Hidráulica,Hidráulica,Hidráulica,0.0757278,0.909119,0.0151535,0,1,0,1,700.00,-27.0978,-50.1075
Hidráulica,Hidráulica,Hidráulica,0.0649257,0.91597,0.0191044,0,1,0,1,951.00,-26.4282,-51.5412
Hidráulica,Hidráulica,Hidráulica,0.0652668,0.911409,0.0233239,0,1,0,1,2475.00,-25.7086,-51.9981
Hidráulica,Hidráulica,Hidráulica,0.0730631,0.915089,0.0118475,0,1,0,1,830.00,-27.9639,-49.7137
Hidráulica,Hidráulica,Hidráulica,0.355086,0.529834,0.11508,0,0.6,0.4,1,7.20,-17.4052,-45.1099
Hidráulica,Hidráulica,Hidráulica,0.225007,0.677462,0.0975306,0,1,0,1,1500.00,-19.1271,-47.9186
Hidráulica,Hidráulica,Hidráulica,0.0365695,0.949604,0.013827,0,1,0,1,680.00,-27.9613,-53.9703
Hidráulica,Eólica,Hidráulica,0.999349,7.24138e-05,0.000578724,0,1,0,1,2500.00,0,0
Hidráulica,Hidráulica,Hidráulica,0.0801965,0.908372,0.0114318,0,1,0,1,2000.00,-27.9828,-49.1018
Hidráulica,Hidráulica,Hidráulica,0.0552734,0.925826,0.018901,0,1,0,1,2000.00,-26.5711,-52.4267
Hidráulica,Hidráulica,Hidráulica,0.0547777,0.927316,0.0179065,0,1,0,1,300.00,-26.7957,-52.3393
Hidráulica,Hidráulica,Hidráulica,0.296345,0.641287,0.0623685,0,1,0,1,910.00,-20.2761,-45.1492
Hidráulica,Hidráulica,Hidráulica,0.0754837,0.909329,0.0151877,0,1,0,1,400.00,-27.0986,-50.13
Hidráulica,Hidráulica,Hidráulica,0.0650654,0.918549,0.0163857,0,1,0,1,520.00,-26.9603,-51.1563
Hidráulica,Hidráulica,Hidráulica,0.0780566,0.910755,0.0111879,0,1,0,1,960.00,-28.0996,-49.1988
Hidráulica,Hidráulica,Hidráulica,0.0676506,0.913468,0.0188812,0,1,0,1,563.76,-26.4425,-51.2786
Hidráulica,Hidráulica,Hidráulica,0.0706095,0.910134,0.0192569,0,0.6,0.4,1,38.40,-26.3496,-51.0813
Hidráulica,Hidráulica,Hidráulica,0.215726,0.729685,0.054589,0,1,0,1,500.00,-21.4001,-46.9285
Hidráulica,Hidráulica,Hidráulica,0.163677,0.781674,0.0546487,0,1,0,1,409.60,-21.8122,-48.6372
Hidráulica,Eólica,Hidráulica,0.656023,0.229391,0.114586,0,0.8,0.2,1,400.00,-13.8369,-39.2775
Hidráulica,Hidráulica,Hidráulica,0.0498933,0.941248,0.00885821,0,1,0,1,1500.00,-29.237,-51.1563
Hidráulica,Hidráulica,Hidráulica,0.0932694,0.888873,0.0178578,0,1,0,1,2400.00,-26.3171,-49.3208
Hidráulica,Hidráulica,Hidráulica,0.0844411,0.902641,0.0129184,0,1,0,1,1600.00,-27.5292,-49.1031
Hidráulica,Hidráulica,Hidráulica,0.0752863,0.909344,0.0153692,0,1,0,1,2283.00,-27.0242,-50.1819
Hidráulica,Hidráulica,Hidráulica,0.0563776,0.924599,0.0190231,0,1,0,1,1000.00,-26.5531,-52.3267
Hidráulica,Solar,Hidráulica,0.0771179,0.389055,0.533827,0.2,0.8,0,1,167.40,-11.8782,-56.2967
Hidráulica,Hidráulica,Hidráulica,0.0766579,0.824243,0.0990991,0.2,0.8,0,1,600.00,-20.4249,-54.3941
Hidráulica,Hidráulica,Hidráulica,0.0755145,0.84312,0.0813658,0,1,0,1,58.00,-21.1914,-54.0531
Hidráulica,Hidráulica,Hidráulica,0.264709,0.696308,0.0389831,0,1,0,1,500.00,-22.2369,-44.8436
Hidráulica,Eólica,Hidráulica,0.779501,0.0874231,0.133076,0,1,0,1,864.00,-9.49194,-35.8489
Hidráulica,Solar,Hidráulica,0.0433765,0.464929,0.491694,0,1,0,1,220.00,-13.15,-59.7527
Hidráulica,Hidráulica,Hidráulica,0.0718531,0.909713,0.0184344,0,1,0,1,1530.00,-26.4561,-50.8835
Hidráulica,Hidráulica,Hidráulica,0.0613584,0.49411,0.444531,0,0.8,0.2,1,480.00,-13.5344,-57.7983
Hidráulica,Hidráulica,Hidráulica,0.209382,0.733985,0.0566327,0,1,0,1,493.00,-21.3158,-47.1992
Hidráulica,Eólica,Hidráulica,0.702815,0.0956629,0.201522,0,1,0,1,797.64,-8.50833,-37.7056
Hidráulica,Hidráulica,Hidráulica,0.32894,0.615494,0.0555656,0.2,0.8,0,1,4000.00,-20.3887,-44.1876
Hidráulica,Hidráulica,Hidráulica,0.385349,0.393334,0.221318,0,1,0,1,980.00,-13.9972,-45.4026
Hidráulica,Hidráulica,Hidráulica,0.0774133,0.890375,0.0322117,0,1,0,1,1000.00,-24.4744,-51.7922
Hidráulica,Hidráulica,Hidráulica,0.0583272,0.927972,0.0137009,0,1,0,1,4400.00,-27.5828,-51.3558
Hidráulica,Hidráulica,Hidráulica,0.0924976,0.640382,0.26712,0,1,0,1,3499.20,-15.9697,-55.0883
Hidráulica,Hidráulica,Hidráulica,0.0925661,0.641757,0.265677,0,1,0,1,4500.00,-15.9766,-55.0817
Hidráulica,Hidráulica,Hidráulica,0.383203,0.574591,0.0422058,0,1,0,1,1260.00,-21.014,-42.4607
Hidráulica,Hidráulica,Hidráulica,0.112451,0.483561,0.403988,0,0.8,0.2,1,121.50,-13.4554,-54.2005
Hidráulica,Hidráulica,Hidráulica,0.355952,0.611242,0.0328059,0,1,0,1,140.25,-22.1583,-42.4175
Hidráulica,Hidráulica,Hidráulica,0.0573343,0.928636,0.0140293,0,1,0,1,3899.60,-27.525,-51.5077
Hidráulica,Hidráulica,Hidráulica,0.240319,0.723372,0.0363093,0,1,0,1,1012.00,-22.6644,-45.3092
Hidráulica,Hidráulica,Hidráulica,0.0882375,0.642697,0.269066,0,1,0,1,1000.00,-16.0325,-55.3625
Hidráulica,Hidráulica,Hidráulica,0.0936451,0.88827,0.018085,0,1,0,1,440.00,-26.3076,-49.3195
Hidráulica,Hidráulica,Hidráulica,0.411759,0.53639,0.051851,0,1,0,1,2500.00,-19.9958,-42.38
Hidráulica,Hidráulica,Hidráulica,0.0657631,0.917063,0.0171738,0,1,0,1,435.15,-26.7926,-51.2092
Hidráulica,Hidráulica,Hidráulica,0.0765063,0.907751,0.0157426,0,1,0,1,1000.00,-26.953,-50.143
Hidráulica,Solar,Hidráulica,0.188708,0.087516,0.723776,0,1,0,1,72.00,-4.59528,-47.7539
Hidráulica,Hidráulica,Hidráulica,0.0637026,0.920512,0.0157852,0,1,0,1,56.00,-27.1137,-51.1834
Hidráulica,Hidráulica,Hidráulica,0.0755956,0.908887,0.0155176,0,1,0,1,136.00,-27.0291,-50.1725
Hidráulica,Hidráulica,Hidráulica,0.0654579,0.91845,0.0160917,0,1,0,1,999.90,-27.0081,-51.0806
Hidráulica,Hidráulica,Hidráulica,0.0492583,0.930189,0.020553,0,1,0,1,264.00,-26.4034,-53.267
Hidráulica,Hidráulica,Hidráulica,0.117559,0.677014,0.205427,0,1,0,1,1000.00,-16.9853,-53.2886
Hidráulica,Solar,Hidráulica,0.0373615,0.445883,0.516756,0,1,0,1,3500.00,-12.8378,-60.5781
Hidráulica,Hidráulica,Hidráulica,0.417666,0.528819,0.0535143,0,1,0,1,1000.00,-19.8561,-42.3318
Hidráulica,Hidráulica,Hidráulica,0.0487959,0.934983,0.0162213,0,1,0,1,1800.00,-27.1914,-52.755
Hidráulica,Solar,Hidráulica,0.0817601,0.362126,0.556114,0,1,0,1,800.00,-11.4197,-55.8697
Hidráulica,Hidráulica,Hidráulica,0.0645646,0.919252,0.0161837,0,1,0,1,2160.00,-26.9774,-51.1771
Hidráulica,Hidráulica,Hidráulica,0.0469262,0.937938,0.0151363,0,0.8,0.2,1,750.00,-27.4764,-52.8011
Hidráulica,Hidráulica,Hidráulica,0.070874,0.914405,0.0147209,0,1,0,1,990.00,-27.2469,-50.4147
Hidráulica,Hidráulica,Hidráulica,0.0503969,0.931173,0.0184302,0,1,0,1,3060.00,-26.7067,-52.8885
Hidráulica,Hidráulica,Hidráulica,0.331652,0.632098,0.0362504,0,1,0,1,1600.00,-21.9638,-43.1551
Hidráulica,Hidráulica,Hidráulica,0.0738378,0.900633,0.0255297,0,0.8,0.2,1,927.00,-25.3239,-51.5082
Hidráulica,Hidráulica,Hidráulica,0.417618,0.534315,0.0480678,0,0.8,0.2,1,1400.00,-20.2481,-42.0994
Hidráulica,Hidráulica,Hidráulica,0.0375378,0.949715,0.0127476,0,1,0,1,1000.00,-28.2139,-53.6289
Hidráulica,Hidráulica,Hidráulica,0.0522645,0.925538,0.022197,0,1,0,1,450.00,-26.0912,-53.121
Hidráulica,Hidráulica,Hidráulica,0.164974,0.683849,0.151177,0,1,0,1,960.00,-17.8715,-50.7164
Hidráulica,Hidráulica,Hidráulica,0.0753698,0.914361,0.0102689,0,1,0,1,100.00,-28.437,-49.1854
Hidráulica,Hidráulica,Hidráulica,0.0730696,0.902716,0.0242146,0,1,0,1,4720.00,-25.4428,-51.4578
Hidráulica,Solar,Hidráulica,0.146572,0.0668745,0.786554,0,0.8,0.2,1,900.00,-3.39146,-48.5397
Hidráulica,Hidráulica,Hidráulica,0.0767451,0.500031,0.423224,0,1,0,1,224.00,-13.6309,-56.4937
Hidráulica,Hidráulica,Hidráulica,0.0921995,0.890279,0.0175216,0,1,0,1,1008.00,-26.4197,-49.3351
Hidráulica,Hidráulica,Hidráulica,0.283374,0.631776,0.0848505,0,1,0,1,796.00,-19.2133,-46.1092
Hidráulica,Hidráulica,Hidráulica,0.270501,0.69116,0.0383387,0,1,0,1,1600.00,-22.2313,-44.6674
Hidráulica,Hidráulica,Hidráulica,0.0476445,0.942256,0.0100994,0,1,0,1,2205.00,-28.8131,-51.7378
Hidráulica,Hidráulica,Hidráulica,0.0754243,0.898905,0.0256704,0,1,0,1,225.00,-25.3002,-51.3973
Hidráulica,Hidráulica,Hidráulica,0.0532109,0.92807,0.0187195,0,1,0,1,1000.00,-26.6522,-52.6125
Hidráulica,Hidráulica,Hidráulica,0.0877658,0.896239,0.0159952,0,1,0,1,1620.00,-26.7653,-49.4003
Hidráulica,Hidráulica,Hidráulica,0.144321,0.436206,0.419473,0,1,0,1,56.25,-12.798,-52.6299
Hidráulica,Hidráulica,Hidráulica,0.287352,0.672871,0.039777,0,1,0,1,55.20,-22.0014,-44.3434
Hidráulica,Hidráulica,Hidráulica,0.0475456,0.941921,0.0105339,0,1,0,1,500.00,-28.7044,-51.8447
Hidráulica,Eólica,Hidráulica,0.999346,7.22438e-05,0.000581797,0,0.6,0.4,1,1100.00,0,0
Hidráulica,Eólica,Hidráulica,0.999349,7.24138e-05,0.000578724,0,1,0,1,2500.00,0,0
Hidráulica,Eólica,Solar,0.999354,7.27184e-05,0.000573275,0.2,0.2,0.6,1,5000.00,0,0
Hidráulica,Eólica,Hidráulica,0.999346,7.22317e-05,0.000582017,0,1,0,1,1000.00,0,0
Hidráulica,Eólica,Hidráulica,0.999348,7.23531e-05,0.000579819,0.2,0.8,0,1,2000.00,0,0
Hidráulica,Eólica,Hidráulica,0.999345,7.21965e-05,0.000582656,0,1,0,1,710.00,0,0
Solar,Hidráulica,Hidráulica,0.192016,0.776902,0.0310821,0.2,0.4,0.4,2,3.00,-23.5589,-46.735
Solar,Hidráulica,Hidráulica,0.196363,0.765796,0.0378404,0,0.8,0.2,2,1082.00,-22.8158,-47.0592
Solar,Hidráulica,Hidráulica,0.200486,0.754172,0.0453418,0.2,0.4,0.4,2,1.04,-22.1722,-47.3376
Solar,Eólica,Hidráulica,0.75729,0.0563083,0.186402,0,1,0,2,944.30,-6.09156,-35.2354
Solar,Eólica,Solar,0.580635,0.125771,0.293594,0,0,1,2,30933.00,-7.34633,-40.5547
Solar,Eólica,Solar,0.579597,0.125691,0.294712,0,0,1,2,30933.00,-7.33267,-40.5722
Solar,Eólica,Solar,0.580163,0.127012,0.292825,0,0,1,2,30933.00,-7.39498,-40.5836
Solar,Eólica,Eólica,0.578503,0.125178,0.296318,0.8,0,0.2,2,27496.00,-7.37912,-40.5637
Solar,Eólica,Eólica,0.696506,0.105648,0.197846,0.8,0,0.2,2,27496.00,-7.87836,-37.9828
Solar,Eólica,Eólica,0.527136,0.30632,0.166544,0.6,0.2,0.2,2,54426.22,-12.3117,-42.6191
Solar,Eólica,Eólica,0.521133,0.285332,0.193535,0.8,0.2,0,2,20409.83,-12.328,-42.638
Solar,Eólica,Eólica,0.525626,0.29786,0.176514,1,0,0,2,40819.67,-12.3248,-42.6134
Solar,Eólica,Eólica,0.654468,0.0714139,0.274118,0.6,0,0.4,2,44625.00,-4.88868,-38.0129
Solar,Hidráulica,Solar,0.114636,0.826091,0.0592736,0,0.4,0.6,2,27000.00,-21.4599,-51.5897
Solar,Eólica,Solar,0.457137,0.332253,0.21061,0.2,0,0.8,2,28000.00,-12.5873,-44.1069
Solar,Eólica,Solar,0.457215,0.332405,0.21038,0.2,0,0.8,2,28000.00,-12.5926,-44.1046
Solar,Eólica,Solar,0.457203,0.332732,0.210064,0.2,0,0.8,2,28000.00,-12.6015,-44.1041
Solar,Hidráulica,Hidráulica,0.418656,0.439073,0.142271,0.4,0.6,0,2,9125.00,-15.4928,-44.3927
Solar,Hidráulica,Solar,0.14017,0.81226,0.0475707,0,0,1,2,30000.00,-21.891,-49.876
Solar,Hidráulica,Hidráulica,0.363661,0.54288,0.093459,0.2,0.4,0.4,2,27000.00,-17.4143,-44.9096
Solar,Hidráulica,Hidráulica,0.363564,0.542797,0.0936386,0.2,0.4,0.4,2,27000.00,-17.4076,-44.9154
Solar,Eólica,Solar,0.682566,0.0925256,0.224908,0,0,1,2,27000.00,-6.95229,-37.996
Solar,Eólica,Solar,0.682498,0.0927255,0.224777,0,0,1,2,27000.00,-6.96295,-38.0019
Solar,Eólica,Solar,0.501068,0.166181,0.332751,0,0,1,2,30000.00,-8.18979,-42.5643
Solar,Hidráulica,Solar,0.432979,0.466634,0.100386,0,0,1,2,33000.00,-16.3023,-43.6654
Solar,Hidráulica,Solar,0.433146,0.466396,0.100458,0,0,1,2,33000.00,-16.2976,-43.6634
Solar,Eólica,Solar,0.757934,0.0569585,0.185108,0,0,1,2,30000.00,-5.48991,-35.4169
Solar,Eólica,Solar,0.758313,0.0570718,0.184615,0,0,1,2,30000.00,-5.50624,-35.4137
Solar,Eólica,Eólica,0.505077,0.346728,0.148195,0.8,0.2,0,2,14300.00,-14.1493,-42.727
Solar,Eólica,Eólica,0.488274,0.340054,0.171672,0.8,0,0.2,2,27000.00,-13.3227,-43.2951
Solar,Eólica,Solar,0.401936,0.265152,0.332912,0.2,0,0.8,2,34542.00,-10.1284,-45.2985
Solar,Hidráulica,Hidráulica,0.265195,0.69857,0.0362352,0.2,0.4,0.4,2,6.00,-22.3869,-44.9664
Solar,Eólica,Solar,0.658374,0.0691737,0.272453,0.4,0,0.6,2,33000.00,-5.044,-37.7972
Solar,Eólica,Solar,0.610907,0.170857,0.218236,0.4,0,0.6,2,30000.00,-9.5319,-40.4878
Solar,Eólica,Solar,0.557791,0.0958632,0.346346,0.2,0,0.8,2,22050.00,-5.94874,-40.2876
Solar,Hidráulica,Eólica,0.429576,0.471744,0.0986805,0.6,0.2,0.2,2,30000.00,-16.4772,-43.6841
Solar,Hidráulica,Solar,0.286211,0.600154,0.113636,0,0,1,2,33000.00,-17.2201,-47.0922
Solar,Hidráulica,Solar,0.11966,0.81966,0.0606795,0,0,1,2,49999.32,-20.7893,-51.5148
Solar,Eólica,Eólica,0.536142,0.242818,0.221041,0.6,0,0.4,2,30520.00,-10.99,-42.3604
Solar,Eólica,Eólica,0.484922,0.3368,0.178277,1,0,0,2,20000.00,-13.3272,-43.3572
Solar,Eólica,Eólica,0.485588,0.33622,0.178192,1,0,0,2,20000.00,-13.3208,-43.3429
Solar,Hidráulica,Hidráulica,0.146087,0.768257,0.0856556,0.2,0.4,0.4,2,23040.00,-19.873,-50.8905
Solar,Eólica,Eólica,0.701328,0.0693325,0.22934,0.8,0,0.2,2,34000.00,-5.546,-37.0264
Solar,Eólica,Eólica,0.698488,0.105299,0.196213,0.8,0,0.2,2,27496.00,-7.89001,-37.9358
Solar,Eólica,Eólica,0.693087,0.0623208,0.244592,0.8,0,0.2,2,32000.00,-4.9616,-36.9067
Solar,Eólica,Eólica,0.692988,0.0623706,0.244641,0.8,0,0.2,2,32000.00,-4.96427,-36.9105
Solar,Eólica,Solar,0.408262,0.247419,0.344319,0,0,1,2,48118.00,-9.41508,-45.1554
Solar,Eólica,Solar,0.411227,0.245445,0.343328,0,0,1,2,48118.00,-9.38683,-45.0824
Solar,Hidráulica,Solar,0.159008,0.768477,0.0725144,0,0,1,2,30000.00,-20.1946,-50.0407
Solar,Hidráulica,Solar,0.126666,0.807735,0.0655998,0,0.4,0.6,2,41895.00,-20.6194,-51.2958
Solar,Eólica,Eólica,0.716051,0.0676805,0.216268,0.6,0,0.4,2,26000.00,-5.80978,-36.6418
Solar,Eólica,Hidráulica,0.706907,0.0653418,0.227752,0,1,0,2,12000.00,-5.83162,-36.6516
Solar,Eólica,Solar,0.599767,0.060111,0.340122,0,0,1,2,27000.00,-3.96212,-38.3976
Solar,Eólica,Eólica,0.52342,0.164435,0.312145,1,0,0,2,31878.00,-8.28027,-42.1375
Solar,Solar,Solar,0.0218898,0.0595361,0.918574,0,0,1,2,10.80,-3.78528,-59.3042
Solar,Solar,Solar,0.0173639,0.0486086,0.934028,0,0,1,2,9.72,-3.08926,-60.012
Solar,Hidráulica,Solar,0.123179,0.77584,0.100982,0,0.2,0.8,2,50000.00,-18.8808,-52.4454
Solar,Hidráulica,Solar,0.122997,0.776059,0.100944,0,0.2,0.8,2,50000.00,-18.8842,-52.4537
Solar,Eólica,Solar,0.653797,0.0723241,0.273879,0,0,1,2,30933.00,-5.25896,-37.9773
Solar,Eólica,Solar,0.653533,0.0721938,0.274273,0,0,1,2,30933.00,-5.24731,-37.9775
Solar,Hidráulica,Hidráulica,0.225362,0.721753,0.0528851,0,1,0,2,750.00,-21.387,-46.9286
Solar,Eólica,Solar,0.516029,0.352667,0.131303,0,0,1,2,50000.00,-13.774,-42.5647
Solar,Eólica,Solar,0.442421,0.439362,0.118217,0,0,1,2,39496.00,-15.3593,-43.7989
Solar,Eólica,Solar,0.604236,0.177501,0.218264,0,0,1,2,31474.80,-9.65918,-40.6782
Solar,Eólica,Solar,0.604451,0.177827,0.217723,0,0,1,2,31474.80,-9.67441,-40.6758
Solar,Eólica,Solar,0.604539,0.177948,0.217512,0,0,1,2,31474.80,-9.68021,-40.6747
Solar,Eólica,Solar,0.603945,0.178148,0.217907,0,0,1,2,31474.80,-9.67952,-40.6883
Solar,Eólica,Solar,0.604015,0.178312,0.217673,0,0,1,2,31474.80,-9.68664,-40.6878
Solar,Eólica,Solar,0.408994,0.276191,0.314815,0,0,1,2,50000.00,-10.1058,-45.2788
Solar,Eólica,Solar,0.4096,0.275672,0.314728,0,0,1,2,50000.00,-10.098,-45.2639
Solar,Eólica,Solar,0.711468,0.0711942,0.217338,0.2,0,0.8,2,50000.00,-5.44864,-36.9875
Solar,Eólica,Solar,0.709552,0.0729902,0.217457,0.2,0.2,0.6,2,46000.00,-5.64131,-37.0591
Solar,Eólica,Eólica,0.694842,0.0679523,0.237206,0.6,0.2,0.2,2,22240.00,-5.63299,-37.0316
Solar,Eólica,Eólica,0.704128,0.0705157,0.225357,0.8,0.2,0,2,36140.00,-5.61902,-37.0259
Solar,Eólica,Solar,0.707054,0.0718989,0.221047,0.4,0,0.6,2,41700.00,-5.62898,-37.0476
Solar,Solar,Solar,0.459159,0.0777221,0.463119,0,0,1,2,30000.00,-4.11774,-41.4917
Solar,Eólica,Eólica,0.38896,0.249403,0.361638,0.4,0.2,0.4,2,30000.00,-9.74089,-45.4704
Solar,Eólica,Eólica,0.389256,0.249391,0.361353,0.4,0.2,0.4,2,30000.00,-9.7427,-45.4641
Solar,Eólica,Eólica,0.389428,0.249235,0.361337,0.4,0.2,0.4,2,30000.00,-9.74,-45.4595
Solar,Eólica,Eólica,0.389812,0.249235,0.360953,0.4,0.2,0.4,2,30000.00,-9.74272,-45.4513
Solar,Hidráulica,Hidráulica,0.419164,0.52542,0.0554158,0,0.8,0.2,2,6.40,-19.5078,-42.553
Solar,Eólica,Solar,0.570902,0.0610115,0.368086,0,0,1,2,27000.00,-3.8006,-38.9182
Solar,Eólica,Eólica,0.570043,0.0608634,0.369094,0.6,0,0.4,2,26000.00,-3.80608,-38.9201
Solar,Eólica,Eólica,0.56352,0.0595864,0.376894,0.8,0,0.2,2,20000.00,-3.7994,-38.9356
Solar,Eólica,Solar,0.709209,0.0703028,0.220488,0,0,1,2,52000.00,-5.30717,-37.0131
Solar,Eólica,Solar,0.709511,0.0706309,0.219859,0,0,1,2,52000.00,-5.33493,-37.0182
Solar,Eólica,Solar,0.706557,0.0713293,0.222114,0,0,1,2,52000.00,-5.34427,-37.0979
Solar,Eólica,Solar,0.708572,0.0708091,0.220619,0,0,1,2,52000.00,-5.33478,-37.0421
Solar,Eólica,Solar,0.710121,0.0707002,0.219179,0,0,1,2,52000.00,-5.34837,-37.0087
Solar,Eólica,Solar,0.710028,0.0709296,0.219042,0,0,1,2,52000.00,-5.36353,-37.0181
Solar,Eólica,Solar,0.70952,0.0710493,0.219431,0,0,1,2,52000.00,-5.36505,-37.0318
Solar,Eólica,Solar,0.70944,0.0713128,0.219247,0,0,1,2,52000.00,-5.38277,-37.042
Solar,Eólica,Hidráulica,0.383278,0.240463,0.376259,0,1,0,2,17014.00,-9.77494,-45.4623
Solar,Eólica,Hidráulica,0.408862,0.287911,0.303227,0.2,0.6,0.2,2,76565.00,-9.78327,-45.4711
Solar,Eólica,Eólica,0.736821,0.0743516,0.188827,0.8,0,0.2,2,48000.00,-6.10286,-36.5656
Solar,Eólica,Solar,0.461957,0.0775082,0.460535,0,0,1,2,30000.00,-4.12038,-41.435
Solar,Eólica,Solar,0.665906,0.115071,0.219022,0,0,1,2,49110.00,-7.42486,-38.8811
Solar,Eólica,Hidráulica,0.643103,0.102881,0.254016,0,1,0,2,9822.00,-7.42184,-38.8675
Solar,Solar,Solar,0.0557852,0.0469489,0.897266,0,0,1,2,1.00,-2.20367,-53.2377
Solar,Solar,Solar,0.0567767,0.0424011,0.900822,0,0,1,2,2.00,-1.76767,-52.8286
Solar,Eólica,Solar,0.617225,0.0787706,0.304004,0.4,0,0.6,2,30000.00,-5.32588,-38.8232
Solar,Eólica,Solar,0.617442,0.0788404,0.303718,0.4,0,0.6,2,30000.00,-5.33226,-38.8217
Solar,Eólica,Solar,0.618245,0.0788252,0.30293,0.4,0,0.6,2,30000.00,-5.33901,-38.8073
Solar,Solar,Solar,0.055651,0.0467653,0.897584,0,0,1,2,1.00,-2.18856,-53.2399
Solar,Solar,Solar,0.0563922,0.0478593,0.895748,0,0,1,2,1.00,-2.27831,-53.233
Solar,Solar,Solar,0.0556514,0.0467583,0.89759,0,0,1,2,1.00,-2.18793,-53.2394
Solar,Solar,Solar,0.0559102,0.0471341,0.896956,0,0,1,2,1.00,-2.21895,-53.2367
Solar,Solar,Solar,0.0550541,0.0461544,0.898792,0,0,1,2,1.00,-2.13938,-53.2626
Solar,Solar,Solar,0.0555336,0.0466318,0.897835,0,0,1,2,1.00,-2.17774,-53.2435
Solar,Solar,Solar,0.0647024,0.0470254,0.888272,0,0,1,2,1.00,-2.13169,-52.3837
Solar,Solar,Solar,0.0550754,0.0461672,0.898757,0,0,1,2,1.00,-2.14033,-53.2612
Solar,Solar,Solar,0.0607551,0.0454927,0.893752,0,0,1,2,3.00,-2.02557,-52.649
Solar,Solar,Solar,0.0642519,0.0457283,0.89002,0,0,1,2,1.00,-2.01801,-52.34
Solar,Solar,Solar,0.0641132,0.0460748,0.889812,0,0,1,2,1.00,-2.05076,-52.3753
Solar,Solar,Solar,0.0635022,0.045755,0.890743,0,0,1,2,1.00,-2.02653,-52.4099
Solar,Solar,Solar,0.064503,0.0468514,0.888646,0,0,1,2,1.00,-2.11772,-52.3904
Solar,Solar,Solar,0.0644572,0.0463315,0.889211,0,0,1,2,1.00,-2.07129,-52.361
Solar,Solar,Solar,0.063821,0.0459687,0.89021,0,0,1,2,1.00,-2.04345,-52.3949
Solar,Solar,Solar,0.0642811,0.0457769,0.889942,0,0,1,2,1.00,-2.02222,-52.3406
Solar,Solar,Solar,0.0641154,0.0460761,0.889808,0,0,1,2,1.00,-2.05086,-52.3752
Solar,Solar,Solar,0.0646863,0.0466699,0.888644,0,0,1,2,1.00,-2.09998,-52.3623
Solar,Solar,Solar,0.064316,0.0458011,0.889883,0,0,1,2,1.00,-2.02416,-52.339
Solar,Solar,Solar,0.061512,0.0443752,0.894113,0,0,1,2,2.00,-1.91493,-52.5023
Solar,Solar,Solar,0.0620823,0.0441362,0.893782,0,0,1,2,2.00,-1.88749,-52.4325
Solar,Solar,Solar,0.0644909,0.0459099,0.889599,0,0,1,2,1.00,-2.03271,-52.3304
Solar,Solar,Solar,0.0557258,0.0468377,0.897436,0,0,1,2,1.00,-2.19431,-53.2368
Solar,Solar,Solar,0.055063,0.0461559,0.898781,0,0,1,2,1.00,-2.13943,-53.2618
Solar,Solar,Solar,0.0550569,0.0461546,0.898789,0,0,1,2,1.00,-2.13937,-53.2623
Solar,Solar,Solar,0.064632,0.0466031,0.888765,0,0,1,2,1.00,-2.09441,-52.3628
Solar,Solar,Solar,0.0539751,0.0452391,0.900786,0,0,1,2,1.00,-2.06645,-53.3166
Solar,Solar,Solar,0.0553182,0.0464203,0.898262,0,0,1,2,1.00,-2.16082,-53.2522
Solar,Solar,Solar,0.0539781,0.0452406,0.900781,0,0,1,2,1.00,-2.06656,-53.3164
Solar,Solar,Solar,0.0539348,0.0451823,0.900883,0,0,1,2,1.00,-2.0616,-53.3171
Solar,Solar,Solar,0.0539845,0.0452494,0.900766,0,0,1,2,1.00,-2.0673,-53.3162
Solar,Solar,Solar,0.0542295,0.0453855,0.900385,0,0,1,2,1.00,-2.07736,-53.2991
Solar,Solar,Solar,0.0542342,0.0453906,0.900375,0,0,1,2,1.00,-2.07779,-53.299
Solar,Solar,Solar,0.0542776,0.0444534,0.901269,0,0,1,2,1.00,-1.99002,-53.2315
Solar,Solar,Solar,0.055196,0.046305,0.898499,0,0,1,2,1.00,-2.15161,-53.2575
Solar,Solar,Solar,0.0542388,0.0453894,0.900372,0,0,1,2,1.00,-2.07763,-53.2984
Solar,Solar,Solar,0.0546992,0.0455682,0.899733,0,0,1,2,1.00,-2.08941,-53.2615
Solar,Solar,Solar,0.0551238,0.0452456,0.899631,0,0,1,2,1.00,-2.05539,-53.1954
Solar,Solar,Solar,0.0536903,0.044909,0.901401,0,0,1,2,1.00,-2.03874,-53.325
Solar,Solar,Solar,0.0558836,0.0449717,0.899145,0,0,1,2,1.00,-2.02244,-53.098
Solar,Solar,Solar,0.0557507,0.0446415,0.899608,0,0,1,2,1.00,-1.99291,-53.0895
Solar,Solar,Solar,0.0553272,0.0448186,0.899854,0,0,1,2,1.00,-2.01367,-53.1455
Solar,Solar,Solar,0.0553269,0.0448181,0.899855,0,0,1,2,1.00,-2.01363,-53.1455
Solar,Solar,Solar,0.0558422,0.0446797,0.899478,0,0,1,2,1.00,-1.99559,-53.0826
Solar,Solar,Solar,0.0558259,0.0447051,0.899469,0,0,1,2,1.00,-1.99813,-53.086
Solar,Solar,Solar,0.0553483,0.0448977,0.899754,0,0,1,2,1.00,-2.02084,-53.1486
Solar,Solar,Solar,0.0552982,0.0454217,0.89928,0,0,1,2,1.00,-2.06992,-53.1888
Solar,Solar,Solar,0.0553466,0.0448937,0.89976,0,0,1,2,1.00,-2.02049,-53.1485
Solar,Solar,Solar,0.0553204,0.0454533,0.899226,0,0,1,2,1.00,-2.07261,-53.1886
Solar,Solar,Solar,0.0553029,0.0454193,0.899278,0,0,1,2,1.00,-2.06965,-53.1882
Solar,Solar,Solar,0.0553897,0.0447642,0.899846,0,0,1,2,1.00,-2.00797,-53.1353
Solar,Solar,Solar,0.0553426,0.044868,0.899789,0,0,1,2,1.00,-2.01813,-53.1472
Solar,Solar,Solar,0.0564852,0.0450331,0.898482,0,0,1,2,1.00,-2.0223,-53.0402
Solar,Solar,Solar,0.0565391,0.044776,0.898685,0,0,1,2,1.00,-1.99781,-53.0174
Solar,Solar,Solar,0.0564896,0.0449242,0.898586,0,0,1,2,1.00,-2.01212,-53.0324
Solar,Solar,Solar,0.0558607,0.0447897,0.89935,0,0,1,2,1.00,-2.0057,-53.0881
Solar,Solar,Solar,0.056764,0.0449029,0.898333,0,0,1,2,1.00,-2.00749,-53.003
Solar,Solar,Solar,0.0567498,0.0448951,0.898355,0,0,1,2,1.00,-2.0069,-53.0039
Solar,Solar,Solar,0.0558656,0.0448685,0.899266,0,0,1,2,1.00,-2.01301,-53.0929
Solar,Solar,Solar,0.0567135,0.0448968,0.89839,0,0,1,2,1.00,-2.00741,-53.0077
Solar,Solar,Solar,0.0553373,0.0454354,0.899227,0,0,1,2,1.00,-2.07079,-53.1857
Solar,Solar,Solar,0.0561517,0.0443744,0.899474,0,0,1,2,1.00,-1.96387,-53.03
Solar,Solar,Solar,0.056174,0.0443895,0.899436,0,0,1,2,1.00,-1.96508,-53.0287
Solar,Solar,Solar,0.0561536,0.0443755,0.899471,0,0,1,2,1.00,-1.96396,-53.0298
Solar,Solar,Solar,0.0561657,0.0443887,0.899446,0,0,1,2,1.00,-1.96508,-53.0295
Solar,Solar,Solar,0.056182,0.044414,0.899404,0,0,1,2,1.00,-1.96731,-53.0295
Solar,Solar,Solar,0.0552377,0.0450341,0.899728,0,0,1,2,1.00,-2.03464,-53.1693
Solar,Solar,Solar,0.0262255,0.0391309,0.934644,0,0,1,2,1.00,-1.90498,-57.0132
Solar,Solar,Solar,0.0558792,0.0437421,0.900379,0,0,1,2,1.00,-1.90652,-53.0148
Solar,Solar,Solar,0.0542373,0.0453864,0.900376,0,0,1,2,1.00,-2.07737,-53.2984
Solar,Solar,Solar,0.0549524,0.0445132,0.900534,0,0,1,2,1.00,-1.98881,-53.1641
Solar,Solar,Solar,0.0551342,0.0445888,0.900277,0,0,1,2,1.00,-1.99409,-53.1502
Solar,Solar,Solar,0.0552356,0.0443387,0.900426,0,0,1,2,1.00,-1.96954,-53.1226
Solar,Solar,Solar,0.0549532,0.0445061,0.900541,0,0,1,2,1.00,-1.98813,-53.1636
Solar,Solar,Solar,0.0553688,0.0449656,0.899666,0,0,1,2,1.00,-2.02696,-53.151
Solar,Solar,Solar,0.0584289,0.0408623,0.900709,0,0,1,2,1.00,-1.59786,-52.5509
Solar,Solar,Solar,0.0558547,0.0445466,0.899599,0,0,1,2,1.00,-1.98298,-53.0723
Solar,Solar,Solar,0.0553061,0.0449186,0.899775,0,0,1,2,1.00,-2.02321,-53.1544
Solar,Solar,Solar,0.0556108,0.0446887,0.899701,0,0,1,2,1.00,-1.99871,-53.1072
Solar,Solar,Solar,0.0554389,0.0445941,0.899967,0,0,1,2,1.00,-1.99155,-53.1187
Solar,Solar,Solar,0.0552896,0.043531,0.901179,0,0,1,2,1.00,-1.89213,-53.0615
Solar,Solar,Solar,0.0553033,0.0435896,0.901107,0,0,1,2,1.00,-1.89761,-53.0641
Solar,Solar,Solar,0.0554181,0.0446872,0.899895,0,0,1,2,1.00,-2.00048,-53.1272
Solar,Solar,Solar,0.0552563,0.0433201,0.901424,0,0,1,2,1.00,-1.87216,-53.0503
Solar,Solar,Solar,0.0551038,0.0429673,0.901929,0,0,1,2,1.00,-1.83951,-53.0416
Solar,Solar,Solar,0.0553283,0.0434963,0.901175,0,0,1,2,1.00,-1.88841,-53.055
Solar,Solar,Solar,0.0552157,0.0436566,0.901128,0,0,1,2,1.00,-1.90491,-53.0779
Solar,Solar,Solar,0.0552312,0.0425111,0.902258,0,0,1,2,1.00,-1.79365,-52.996
Solar,Solar,Solar,0.055253,0.0433128,0.901434,0,0,1,2,1.00,-1.87149,-53.0501
Solar,Solar,Solar,0.0553139,0.0434253,0.901261,0,0,1,2,1.00,-1.88172,-53.0516
Solar,Solar,Solar,0.055608,0.042548,0.901844,0,0,1,2,1.00,-1.79353,-52.9593
Solar,Solar,Solar,0.0549883,0.0423857,0.902626,0,0,1,2,1.00,-1.78375,-53.0125
Solar,Solar,Solar,0.0549243,0.0424798,0.902596,0,0,1,2,1.00,-1.79365,-53.0259
Solar,Solar,Solar,0.0557734,0.0421493,0.902077,0,0,1,2,1.00,-1.75258,-52.9137
Solar,Solar,Solar,0.055802,0.0421997,0.901998,0,0,1,2,1.00,-1.75729,-52.9143
Solar,Solar,Solar,0.0558263,0.0423187,0.901855,0,0,1,2,1.00,-1.76881,-52.9203
Solar,Solar,Solar,0.0563246,0.0423344,0.901341,0,0,1,2,1.00,-1.76549,-52.8701
Solar,Solar,Solar,0.0556057,0.0437011,0.900693,0,0,1,2,1.00,-1.90529,-53.0403
Solar,Solar,Solar,0.0561905,0.04224,0.901569,0,0,1,2,1.00,-1.75747,-52.8771
Solar,Solar,Solar,0.0584019,0.040829,0.900769,0,0,1,2,1.00,-1.5947,-52.5511
Solar,Solar,Solar,0.0531181,0.0408282,0.906054,0,0,1,2,1.00,-1.64678,-53.099
Solar,Solar,Solar,0.0585796,0.0415437,0.899877,0,0,1,2,1.00,-1.66546,-52.586
Solar,Solar,Solar,0.0585774,0.0415417,0.899881,0,0,1,2,1.00,-1.66528,-52.5861
Solar,Solar,Solar,0.05844,0.0408812,0.900679,0,0,1,2,1.00,-1.59968,-52.5512
Solar,Solar,Solar,0.058458,0.040912,0.90063,0,0,1,2,1.00,-1.60266,-52.5517
Solar,Solar,Solar,0.0584256,0.0408578,0.900717,0,0,1,2,1.00,-1.59743,-52.5509
Solar,Solar,Solar,0.0585807,0.0415434,0.899876,0,0,1,2,1.00,-1.66542,-52.5859
Solar,Solar,Solar,0.0586386,0.0415416,0.89982,0,0,1,2,1.00,-1.66471,-52.5801
Solar,Solar,Solar,0.0608065,0.0417324,0.897461,0,0,1,2,1.00,-1.66443,-52.3837
Solar,Solar,Solar,0.0583972,0.0408268,0.900776,0,0,1,2,1.00,-1.59452,-52.5514
Solar,Solar,Solar,0.061221,0.0427002,0.896079,0,0,1,2,1.00,-1.75658,-52.4136
Solar,Solar,Solar,0.0612739,0.0427301,0.895996,0,0,1,2,1.00,-1.75904,-52.4107
Solar,Solar,Solar,0.0612774,0.0427315,0.895991,0,0,1,2,1.00,-1.75915,-52.4105
Solar,Solar,Solar,0.0632526,0.0432154,0.893532,0,0,1,2,1.00,-1.78958,-52.2606
Solar,Solar,Solar,0.0620664,0.04309,0.894844,0,0,1,2,1.00,-1.78733,-52.3616
Solar,Solar,Solar,0.0623083,0.0432016,0.89449,0,0,1,2,1.00,-1.7961,-52.3468
Solar,Solar,Solar,0.0634909,0.043671,0.892838,0,0,1,2,1.00,-1.83148,-52.2704
Solar,Solar,Solar,0.0615419,0.0418964,0.896562,0,0,1,2,1.00,-1.67445,-52.3259
Solar,Solar,Solar,0.0615743,0.041954,0.896472,0,0,1,2,1.00,-1.67991,-52.327
Solar,Solar,Solar,0.0630146,0.043045,0.89394,0,0,1,2,1.00,-1.77503,-52.2705
Solar,Solar,Solar,0.0619521,0.0410054,0.897042,0,0,1,2,1.00,-1.58124,-52.2224
Solar,Solar,Solar,0.0606606,0.0409018,0.898438,0,0,1,2,1.00,-1.58182,-52.3368
Solar,Solar,Solar,0.0609941,0.0426262,0.89638,0,0,1,2,1.00,-1.75129,-52.4299
Solar,Solar,Solar,0.0599794,0.0408557,0.899165,0,0,1,2,1.00,-1.58313,-52.3988
Solar,Solar,Solar,0.0597462,0.0408874,0.899366,0,0,1,2,1.00,-1.58844,-52.4237
Solar,Solar,Solar,0.0606023,0.0424638,0.896934,0,0,1,2,1.00,-1.73876,-52.4557
Solar,Solar,Solar,0.0577895,0.0407915,0.901419,0,0,1,2,1.00,-1.59658,-52.6093
Solar,Solar,Solar,0.0579382,0.0407796,0.901282,0,0,1,2,1.00,-1.59397,-52.5936
Solar,Solar,Solar,0.0578313,0.0407932,0.901375,0,0,1,2,1.00,-1.59636,-52.6053
Solar,Solar,Solar,0.0601897,0.0424108,0.897399,0,0,1,2,1.00,-1.73718,-52.4915
Solar,Solar,Solar,0.06083,0.042558,0.896612,0,0,1,2,1.00,-1.74603,-52.4407
Solar,Solar,Solar,0.0597115,0.0394692,0.900819,0,0,1,2,1.00,-1.44161,-52.3202
Solar,Solar,Solar,0.0595703,0.0422516,0.898178,0,0,1,2,1.00,-1.72699,-52.54
Solar,Solar,Solar,0.0598729,0.0395243,0.900603,0,0,1,2,1.00,-1.44598,-52.3088
Solar,Solar,Solar,0.0586309,0.0417149,0.899654,0,0,1,2,1.00,-1.68215,-52.5934
Solar,Solar,Solar,0.0606972,0.0424843,0.896819,0,0,1,2,1.00,-1.73995,-52.4481
Solar,Solar,Solar,0.0608363,0.0425616,0.896602,0,0,1,2,1.00,-1.74633,-52.4403
Eólica,Eólica,Solar,0.540191,0.0534683,0.406341,0,0,1,2,5000.00,-3.49528,-38.9339
Eólica,Eólica,Eólica,0.506942,0.0587534,0.434305,1,0,0,2,42000.00,-2.85134,-39.9659
Eólica,Eólica,Eólica,0.770746,0.0715382,0.157715,0.8,0.2,0,2,4950.00,-7.49533,-35.4955
Eólica,Hidráulica,Hidráulica,0.067926,0.914466,0.0176078,0.2,0.8,0,2,10500.00,-26.6123,-51.7401
Eólica,Hidráulica,Hidráulica,0.0660001,0.918409,0.015591,0.4,0.6,0,2,30000.00,-26.5994,-51.7255
Eólica,Eólica,Eólica,0.775649,0.0591172,0.165233,1,0,0,2,4800.00,-6.57467,-34.976
Eólica,Eólica,Eólica,0.775526,0.0588349,0.165639,1,0,0,2,4800.00,-6.54752,-34.968
Eólica,Eólica,Eólica,0.775336,0.0588736,0.16579,1,0,0,2,4800.00,-6.54737,-34.9737
Eólica,Eólica,Eólica,0.495255,0.0565039,0.448241,0.6,0,0.4,2,30000.00,-2.88526,-39.9839
Eólica,Eólica,Eólica,0.536671,0.288698,0.174631,0.8,0.2,0,2,35070.00,-12.3512,-42.3385
Eólica,Eólica,Eólica,0.716371,0.0593953,0.224234,0.6,0,0.4,2,26000.00,-5.16593,-36.3193
Eólica,Eólica,Eólica,0.717182,0.0593591,0.223459,0.6,0,0.4,2,26000.00,-5.17395,-36.3024
Eólica,Eólica,Eólica,0.504155,0.053835,0.44201,1,0,0,2,16800.00,-3.02741,-39.6209
Eólica,Eólica,Eólica,0.712996,0.0599663,0.227038,0.6,0,0.4,2,26000.00,-5.16732,-36.4068
Eólica,Eólica,Eólica,0.738775,0.0589147,0.20231,1,0,0,2,28800.00,-5.38203,-35.8809
Eólica,Eólica,Eólica,0.510025,0.346061,0.143914,1,0,0,2,28800.00,-13.8957,-42.6769
Eólica,Eólica,Eólica,0.541835,0.0575202,0.400645,1,0,0,2,27300.00,-3.31876,-39.2396
Eólica,Eólica,Eólica,0.731029,0.0582511,0.21072,0.6,0.4,0,2,19800.00,-5.41871,-35.954
Eólica,Eólica,Eólica,0.737413,0.0674097,0.195178,0.8,0,0.2,2,68470.00,-5.12784,-36.4536
Eólica,Eólica,Eólica,0.690073,0.0614945,0.248433,1,0,0,2,27300.00,-4.96862,-36.9009
Eólica,Hidráulica,Eólica,0.0217799,0.972321,0.0058992,1,0,0,2,30000.00,-30.8407,-55.7251
Eólica,Eólica,Eólica,0.72038,0.05467,0.22495,0.6,0.4,0,2,8000.00,-5.23292,-35.9318
Eólica,Eólica,Eólica,0.552317,0.0555917,0.392091,0.4,0.4,0.2,2,14700.00,-3.52831,-38.8985
Eólica,Eólica,Eólica,0.51432,0.352379,0.133301,1,0,0,2,30000.00,-14.185,-42.503
Eólica,Hidráulica,Eólica,0.0326785,0.963632,0.00368958,0.8,0.2,0,2,22000.00,-32.2188,-52.2018
Eólica,Hidráulica,Hidráulica,0.0327806,0.963471,0.00374826,0.4,0.6,0,2,20000.00,-32.2103,-52.2114
Eólica,Eólica,Hidráulica,0.510862,0.34286,0.146278,0.2,0.4,0.4,2,21840.00,-13.9643,-42.6389
Eólica,Eólica,Eólica,0.512496,0.353199,0.134305,1,0,0,2,31860.00,-14.1296,-42.5597
Eólica,Eólica,Eólica,0.738321,0.0579999,0.203679,1,0,0,2,30000.00,-5.26982,-35.8589
Eólica,Eólica,Eólica,0.735751,0.0597058,0.204544,0.8,0,0.2,2,32000.00,-5.32907,-35.9916
Eólica,Eólica,Hidráulica,0.722181,0.054575,0.223244,0.2,0.8,0,2,14000.00,-5.1106,-35.9279
Eólica,Eólica,Eólica,0.737896,0.0585121,0.203592,1,0,0,2,30000.00,-5.30701,-35.8887
Eólica,Eólica,Eólica,0.728129,0.0693346,0.202536,1,0,0,2,30000.00,-6.01663,-36.4835
Eólica,Eólica,Eólica,0.726323,0.0701408,0.203536,1,0,0,2,30000.00,-6.04889,-36.546
Eólica,Eólica,Eólica,0.731121,0.055018,0.213861,0.8,0.2,0,2,22400.00,-5.0806,-35.8258
Eólica,Eólica,Eólica,0.72718,0.0533179,0.219502,0.4,0.4,0.2,2,12800.00,-5.09464,-35.767
Eólica,Eólica,Eólica,0.721351,0.0537124,0.224937,0.6,0.4,0,2,11200.00,-5.08724,-35.887
Eólica,Eólica,Hidráulica,0.466434,0.0729452,0.460621,0.4,0.6,0,2,29120.00,-3.88877,-41.1856
Eólica,Eólica,Eólica,0.588003,0.170524,0.241473,1,0,0,2,18000.00,-9.49858,-40.879
Eólica,Eólica,Eólica,0.754856,0.0549292,0.190215,1,0,0,2,28000.00,-5.30417,-35.382
Eólica,Eólica,Eólica,0.735417,0.057661,0.206922,0.8,0.2,0,2,20700.00,-5.41199,-35.8483
Eólica,Eólica,Eólica,0.53464,0.0563376,0.409022,0.6,0.4,0,2,25388.00,-3.22167,-39.29
Eólica,Eólica,Hidráulica,0.50833,0.0557721,0.435898,0.4,0.6,0,2,21600.00,-3.09825,-39.6786
Eólica,Eólica,Eólica,0.727452,0.0553248,0.217223,1,0,0,2,21000.00,-5.08802,-35.9022
Eólica,Eólica,Eólica,0.580121,0.242637,0.177242,1,0,0,2,29900.00,-11.6642,-41.362
Eólica,Hidráulica,Eólica,0.0554962,0.938643,0.0058608,0.8,0.2,0,2,29900.00,-30.0194,-50.3362
Eólica,Hidráulica,Hidráulica,0.0234767,0.973891,0.00263222,0.2,0.6,0.2,2,26000.00,-33.5221,-53.279
Eólica,Hidráulica,Hidráulica,0.0232259,0.974226,0.00254842,0,1,0,2,28000.00,-33.5913,-53.2716
Eólica,Eólica,Eólica,0.511225,0.350114,0.138661,0.6,0,0.4,2,30240.00,-14.0292,-42.6161
Eólica,Eólica,Eólica,0.507417,0.364845,0.127738,0.6,0,0.4,2,30240.00,-14.4689,-42.5836
Eólica,Eólica,Eólica,0.507524,0.358004,0.134472,0.6,0.2,0.2,2,18480.00,-14.4957,-42.5829
Eólica,Hidráulica,Hidráulica,0.0309009,0.96569,0.00340913,0.2,0.4,0.4,2,27000.00,-32.4127,-52.3555
Eólica,Eólica,Eólica,0.731999,0.0579147,0.210086,0.6,0.4,0,2,16200.00,-5.48728,-35.9001
Eólica,Eólica,Eólica,0.741467,0.055309,0.203224,1,0,0,2,27000.00,-5.15204,-35.663
Eólica,Eólica,Eólica,0.740091,0.055274,0.204635,1,0,0,2,27000.00,-5.12826,-35.6886
Eólica,Eólica,Eólica,0.731417,0.0582334,0.210349,1,0,0,2,18000.00,-5.46436,-35.9353
Eólica,Eólica,Eólica,0.643633,0.0619497,0.294417,1,0,0,2,23100.00,-4.5921,-37.7139
Eólica,Eólica,Eólica,0.640245,0.0608887,0.298866,1,0,0,2,16800.00,-4.62281,-37.6904
Eólica,Eólica,Solar,0.638401,0.0617164,0.299882,0.2,0,0.8,2,27000.00,-4.43299,-37.8162
Eólica,Eólica,Eólica,0.639045,0.0627902,0.298165,0.6,0,0.4,2,30000.00,-4.45121,-37.8677
Eólica,Eólica,Eólica,0.731795,0.0597706,0.208435,1,0,0,2,30000.00,-5.32196,-36.0606
Eólica,Eólica,Eólica,0.733785,0.0594676,0.206747,0.6,0,0.4,2,26000.00,-5.4183,-35.9861
Eólica,Eólica,Eólica,0.734064,0.0584378,0.207498,1,0,0,2,25200.00,-5.35435,-35.9335
Eólica,Eólica,Eólica,0.57569,0.249425,0.174885,0.8,0,0.2,2,30000.00,-11.8225,-41.4591
Eólica,Eólica,Eólica,0.578403,0.125254,0.296343,1,0,0,2,29700.00,-7.33058,-40.5795
Eólica,Eólica,Eólica,0.577838,0.1259,0.296262,1,0,0,2,29700.00,-7.35292,-40.6005
Eólica,Eólica,Eólica,0.579893,0.12429,0.295817,1,0,0,2,29700.00,-7.3034,-40.5364
Eólica,Eólica,Eólica,0.587048,0.190966,0.221987,1,0,0,2,32900.00,-9.88679,-41.1203
Eólica,Eólica,Eólica,0.516376,0.343966,0.139658,0.6,0.2,0.2,2,22100.00,-14.1146,-42.4749
Eólica,Eólica,Eólica,0.588514,0.189746,0.221741,1,0,0,2,32900.00,-9.86276,-41.0834
Eólica,Eólica,Eólica,0.576245,0.132146,0.291608,1,0,0,2,30000.00,-7.5946,-40.7304
Eólica,Eólica,Eólica,0.5762,0.132231,0.291569,1,0,0,2,30000.00,-7.59769,-40.7325
Eólica,Eólica,Eólica,0.75053,0.10502,0.14445,0.6,0,0.4,2,27200.00,-8.83378,-36.7602
Eólica,Eólica,Eólica,0.570912,0.130498,0.29859,1,0,0,2,29600.00,-7.48296,-40.7998
Eólica,Eólica,Eólica,0.508618,0.338916,0.152466,0.6,0.4,0,2,16200.00,-13.9156,-42.6978
Eólica,Eólica,Eólica,0.73961,0.0573261,0.203064,1,0,0,2,27300.00,-5.29366,-35.7893
Eólica,Eólica,Eólica,0.493884,0.0550128,0.451103,1,0,0,2,21000.00,-2.96649,-39.8795
Eólica,Eólica,Eólica,0.489348,0.053397,0.457255,0.6,0.4,0,2,15000.00,-2.94757,-39.8369
Eólica,Hidráulica,Hidráulica,0.022443,0.970977,0.00658048,0,1,0,2,10000.00,-30.9163,-55.7084
Eólica,Eólica,Eólica,0.750323,0.105125,0.144552,0.8,0.2,0,2,23920.00,-8.91133,-36.7477
Eólica,Hidráulica,Eólica,0.0232687,0.974019,0.00271225,0.6,0.4,0,2,17900.00,-33.6182,-53.3572
Eólica,Eólica,Eólica,0.750372,0.104534,0.145094,0.6,0.2,0.2,2,22295.00,-8.91381,-36.7296
Eólica,Eólica,Eólica,0.573427,0.127236,0.299337,1,0,0,2,28900.00,-7.38582,-40.6978
Eólica,Hidráulica,Hidráulica,0.023139,0.974194,0.00266662,0.4,0.6,0,2,21480.00,-33.5961,-53.3677
Eólica,Eólica,Eólica,0.743786,0.0577157,0.198498,1,0,0,2,31500.00,-5.29419,-35.7466
Eólica,Hidráulica,Hidráulica,0.026416,0.970572,0.00301208,0.2,0.8,0,2,18000.00,-33.1634,-52.8937
Eólica,Eólica,Eólica,0.573227,0.127344,0.299428,1,0,0,2,29600.00,-7.37235,-40.7072
Eólica,Eólica,Eólica,0.729239,0.0586406,0.21212,1,0,0,2,16800.00,-5.49488,-35.9879
Eólica,Hidráulica,Hidráulica,0.0264073,0.970676,0.00291721,0.2,0.4,0.4,2,27000.00,-33.0612,-52.8682
Eólica,Hidráulica,Hidráulica,0.027089,0.969649,0.00326232,0.2,0.8,0,2,9000.00,-33.0871,-52.8957
Eólica,Hidráulica,Hidráulica,0.0271966,0.969556,0.00324769,0.2,0.8,0,2,9000.00,-33.0985,-52.8619
Eólica,Hidráulica,Hidráulica,0.0266997,0.970113,0.00318715,0.2,0.8,0,2,9000.00,-33.1762,-52.9207
Eólica,Eólica,Hidráulica,0.57369,0.129898,0.296412,0.4,0.6,0,2,18400.00,-7.74296,-40.6752
Eólica,Eólica,Eólica,0.688238,0.0622796,0.249482,1,0,0,2,27000.00,-5.01477,-36.9645
Eólica,Eólica,Hidráulica,0.572184,0.243812,0.184004,0,1,0,2,12000.00,-11.9843,-41.4445
Eólica,Eólica,Eólica,0.731985,0.06075,0.207265,1,0,0,2,32900.00,-5.33868,-36.1129
Eólica,Eólica,Eólica,0.492903,0.054619,0.452478,1,0,0,2,21000.00,-2.92914,-39.8757
Eólica,Eólica,Eólica,0.74976,0.103405,0.146835,0.6,0.2,0.2,2,25830.00,-8.75024,-36.7501
Eólica,Eólica,Eólica,0.567932,0.216594,0.215474,1,0,0,2,25000.00,-10.6977,-41.5823
Eólica,Eólica,Eólica,0.664976,0.0610948,0.27393,1,0,0,2,23100.00,-4.74757,-37.3075
Eólica,Eólica,Eólica,0.529691,0.0552661,0.415043,1,0,0,2,18900.00,-3.25324,-39.2809
Eólica,Hidráulica,Hidráulica,0.0840998,0.90597,0.00993043,0,0.8,0.2,2,2099.50,-28.4809,-49.0372
Eólica,Eólica,Eólica,0.557692,0.319785,0.122523,1,0,0,2,30000.00,-14.0095,-41.5333
Eólica,Eólica,Hidráulica,0.509881,0.347484,0.142635,0,1,0,2,12000.00,-14.329,-42.5723
Eólica,Eólica,Eólica,0.508186,0.34154,0.150275,0.6,0.4,0,2,16200.00,-13.9946,-42.6908
Eólica,Eólica,Eólica,0.507367,0.358913,0.13372,0.6,0.4,0,2,18000.00,-14.5356,-42.5758
Eólica,Eólica,Solar,0.750796,0.0550798,0.194124,0.4,0,0.6,2,31000.00,-5.18353,-35.4888
Eólica,Eólica,Eólica,0.516412,0.243364,0.240224,0.6,0.4,0,2,12500.00,-11.1706,-42.6813
Eólica,Eólica,Eólica,0.521519,0.250517,0.227964,0.8,0,0.2,2,30000.00,-11.0475,-42.6876
Eólica,Eólica,Eólica,0.520902,0.249215,0.229883,1,0,0,2,25000.00,-11.1153,-42.6699
Eólica,Eólica,Eólica,0.727093,0.0647924,0.208115,1,0,0,2,20000.00,-5.88691,-36.2887
Eólica,Eólica,Eólica,0.730016,0.0565074,0.213477,1,0,0,2,27300.00,-5.08207,-35.9419
Eólica,Eólica,Eólica,0.749895,0.105871,0.144234,0.8,0.2,0,2,25300.00,-8.91557,-36.7756
Eólica,Eólica,Eólica,0.579637,0.133524,0.286839,1,0,0,2,29900.00,-7.68815,-40.6883
Eólica,Eólica,Eólica,0.751137,0.0579362,0.190927,1,0,0,2,40500.00,-5.2218,-35.6585
Eólica,Eólica,Eólica,0.742735,0.0714826,0.185782,1,0,0,2,27000.00,-6.47597,-36.2356
Eólica,Eólica,Eólica,0.752034,0.0764297,0.171537,0.6,0,0.4,2,49500.00,-6.47785,-36.3071
Eólica,Eólica,Eólica,0.753574,0.0769791,0.169447,0.6,0,0.4,2,49500.00,-6.54521,-36.2876
Eólica,Eólica,Eólica,0.525256,0.0559628,0.418781,1,0,0,2,21000.00,-3.2322,-39.402
Eólica,Hidráulica,Eólica,0.0555708,0.938199,0.00622986,0.6,0.2,0.2,2,22240.00,-29.9934,-50.4348
Eólica,Eólica,Eólica,0.66993,0.063951,0.266119,1,0,0,2,36000.00,-4.72291,-37.4117
Eólica,Eólica,Hidráulica,0.505172,0.356921,0.137907,0.4,0.6,0,2,16450.00,-14.4514,-42.6505
Eólica,Eólica,Eólica,0.594019,0.188479,0.217503,1,0,0,2,28000.00,-10.0049,-40.9338
Eólica,Eólica,Eólica,0.573642,0.254231,0.172127,1,0,0,2,28600.00,-11.9862,-41.4914
Eólica,Eólica,Eólica,0.576062,0.270634,0.153304,1,0,0,2,49500.00,-12.1313,-41.4967
Eólica,Eólica,Eólica,0.688891,0.188821,0.122289,1,0,0,2,49600.00,-11.2859,-38.7991
Eólica,Eólica,Eólica,0.687799,0.186672,0.12553,1,0,0,2,43400.00,-11.2985,-38.8013
Eólica,Eólica,Eólica,0.759003,0.0726162,0.16838,1,0,0,2,67500.00,-5.91074,-36.1522
Eólica,Eólica,Eólica,0.553298,0.15918,0.287521,1,0,0,2,25200.00,-8.53062,-41.4805
Eólica,Eólica,Eólica,0.556501,0.163098,0.280401,1,0,0,2,31500.00,-8.5608,-41.4984
Eólica,Eólica,Eólica,0.570235,0.173321,0.256444,0.6,0,0.4,2,47250.00,-8.71592,-41.4209
Eólica,Eólica,Eólica,0.563222,0.166053,0.270725,1,0,0,2,31500.00,-8.73887,-41.3999
Eólica,Eólica,Eólica,0.587713,0.138851,0.273436,1,0,0,2,29400.00,-8.00311,-40.6115
Eólica,Eólica,Solar,0.69557,0.0648052,0.239625,0.2,0,0.8,2,39050.00,-5.02069,-36.9989
Eólica,Eólica,Eólica,0.621853,0.192879,0.185269,1,0,0,2,42000.00,-10.2651,-40.4306
Eólica,Eólica,Eólica,0.716444,0.0696914,0.213865,1,0,0,2,21000.00,-6.07896,-36.674
Eólica,Eólica,Eólica,0.572774,0.212657,0.21457,1,0,0,2,29700.00,-10.5229,-41.4936
Eólica,Eólica,Eólica,0.567482,0.214317,0.218201,0.8,0,0.2,2,22500.00,-10.6723,-41.5705
Eólica,Eólica,Eólica,0.571392,0.21223,0.216378,1,0,0,2,25000.00,-10.5976,-41.4947
Eólica,Eólica,Eólica,0.5672,0.210261,0.222539,0.8,0.2,0,2,17500.00,-10.6468,-41.5334
Eólica,Eólica,Eólica,0.725923,0.0564001,0.217677,1,0,0,2,21000.00,-5.1602,-35.9797
Eólica,Eólica,Solar,0.738549,0.0613961,0.200055,0.4,0,0.6,2,30800.00,-5.53874,-35.9958
Eólica,Solar,Eólica,0.358263,0.0607502,0.580987,1,0,0,2,27600.00,-2.62714,-42.6639
Eólica,Eólica,Eólica,0.75916,0.0710969,0.169743,1,0,0,2,67100.00,-5.8084,-36.1023
Eólica,Eólica,Eólica,0.721683,0.0607268,0.21759,0.6,0.2,0.2,2,18600.00,-5.51855,-36.2299
Eólica,Eólica,Solar,0.730027,0.0630546,0.206919,0.4,0,0.6,2,31000.00,-5.53973,-36.2298
Eólica,Eólica,Eólica,0.728143,0.0620566,0.2098,0.6,0.4,0,2,24800.00,-5.57524,-36.1928
Eólica,Eólica,Eólica,0.737231,0.0659205,0.196849,1,0,0,2,43400.00,-5.58836,-36.2616
Eólica,Eólica,Eólica,0.715842,0.0687407,0.215417,1,0,0,2,16800.00,-6.09755,-36.6294
Eólica,Eólica,Eólica,0.745196,0.0669419,0.187862,1,0,0,2,58800.00,-5.43985,-36.222
Eólica,Eólica,Eólica,0.580513,0.236336,0.183151,1,0,0,2,25200.00,-11.559,-41.33
Eólica,Eólica,Eólica,0.72976,0.0609815,0.209258,1,0,0,2,27500.00,-5.44948,-36.1347
Eólica,Eólica,Eólica,0.578286,0.211183,0.210531,1,0,0,2,33600.00,-10.46,-41.3932
Eólica,Eólica,Eólica,0.574446,0.211627,0.213927,1,0,0,2,29700.00,-10.511,-41.4545
Eólica,Eólica,Eólica,0.568917,0.206074,0.225009,0.8,0,0.2,2,21000.00,-10.4468,-41.5008
Eólica,Eólica,Eólica,0.571511,0.211208,0.217281,1,0,0,2,29400.00,-10.463,-41.5141
Eólica,Eólica,Eólica,0.730155,0.0846316,0.185213,1,0,0,2,34650.00,-7.0016,-36.8983
Eólica,Eólica,Eólica,0.527537,0.245999,0.226463,1,0,0,2,32000.00,-10.9411,-42.561
Eólica,Eólica,Eólica,0.532285,0.250358,0.217357,1,0,0,2,38400.00,-10.9917,-42.5006
Eólica,Eólica,Eólica,0.731749,0.0614985,0.206752,1,0,0,2,27500.00,-5.52079,-36.1159
Eólica,Eólica,Eólica,0.585155,0.217117,0.197728,1,0,0,2,27300.00,-10.913,-41.2214
Eólica,Eólica,Eólica,0.528121,0.244792,0.227087,1,0,0,2,32000.00,-10.9115,-42.5462
Eólica,Eólica,Eólica,0.531426,0.255345,0.213229,0.6,0,0.4,2,44800.00,-10.9874,-42.5609
Eólica,Eólica,Eólica,0.529895,0.246134,0.223971,1,0,0,2,32000.00,-10.9762,-42.5102
Eólica,Eólica,Eólica,0.576869,0.26829,0.154841,1,0,0,2,49500.00,-12.0626,-41.4863
Eólica,Eólica,Eólica,0.707878,0.0604411,0.231681,1,0,0,2,16800.00,-5.35039,-36.4693
Eólica,Eólica,Eólica,0.515945,0.324688,0.159367,0.8,0.2,0,2,13500.00,-13.6498,-42.5772
Eólica,Eólica,Eólica,0.664012,0.0610785,0.27491,1,0,0,2,23100.00,-4.73591,-37.3237
Eólica,Hidráulica,Eólica,0.0559583,0.937814,0.00622727,0.6,0.2,0.2,2,22240.00,-29.9879,-50.3934
Eólica,Eólica,Hidráulica,0.725022,0.0791563,0.195821,0.4,0.6,0,2,16500.00,-6.97425,-36.7618
Eólica,Eólica,Eólica,0.576443,0.269122,0.154435,1,0,0,2,49500.00,-12.0842,-41.4936
Eólica,Eólica,Eólica,0.728157,0.0855677,0.186276,1,0,0,2,34650.00,-7.02919,-36.9624
Eólica,Eólica,Eólica,0.999381,0.000127627,0.000491832,1,0,0,2,36000.00,0,0
Eólica,Eólica,Eólica,0.691942,0.0660461,0.242012,1,0,0,2,37800.00,-5.09731,-37.1053
Eólica,Eólica,Eólica,0.696714,0.0666161,0.23667,1,0,0,2,42000.00,-5.10286,-37.0624
Eólica,Eólica,Eólica,0.590413,0.185906,0.223682,1,0,0,2,31185.00,-9.78915,-41.0129
Eólica,Eólica,Eólica,0.514529,0.363097,0.122373,1,0,0,2,50400.00,-14.1146,-42.4998
Eólica,Eólica,Eólica,0.514594,0.346,0.139406,1,0,0,2,25200.00,-14.0754,-42.5263
Eólica,Eólica,Eólica,0.746523,0.0584747,0.195002,1,0,0,2,42000.00,-5.15998,-35.7833
Eólica,Eólica,Eólica,0.504372,0.367641,0.127987,0.6,0.2,0.2,2,18600.00,-14.7661,-42.5791
Eólica,Eólica,Eólica,0.554471,0.195091,0.250438,0.6,0.4,0,2,0.16,-10.3799,-41.6187
Eólica,Eólica,Eólica,0.730491,0.0833619,0.186147,1,0,0,2,34650.00,-6.92399,-36.8607
Eólica,Solar,Eólica,0.363344,0.0605346,0.576122,0.8,0.2,0,2,24300.00,-2.70585,-42.5336
Eólica,Solar,Eólica,0.36358,0.0610958,0.575325,1,0,0,2,27000.00,-2.68475,-42.571
Eólica,Eólica,Eólica,0.493936,0.0797128,0.426351,1,0,0,2,44000.00,-4.11229,-41.0355
Eólica,Eólica,Eólica,0.494909,0.0799521,0.425139,1,0,0,2,44000.00,-4.13217,-41.0268
Eólica,Eólica,Eólica,0.489741,0.0789118,0.431347,1,0,0,2,38500.00,-4.1668,-41.049
Eólica,Eólica,Eólica,0.547926,0.257466,0.194608,1,0,0,2,39900.00,-11.4095,-42.1594
Eólica,Eólica,Hidráulica,0.541094,0.243279,0.215627,0,1,0,2,17100.00,-11.3813,-42.1756
Eólica,Eólica,Eólica,0.545078,0.251698,0.203224,1,0,0,2,28500.00,-11.4435,-42.1596
Eólica,Eólica,Eólica,0.549707,0.26405,0.186243,1,0,0,2,45600.00,-11.5209,-42.1441
Eólica,Eólica,Eólica,0.531765,0.277619,0.190616,1,0,0,2,42000.00,-11.7545,-42.525
Eólica,Eólica,Eólica,0.531718,0.278002,0.19028,1,0,0,2,42000.00,-11.7659,-42.5255
Eólica,Eólica,Eólica,0.532013,0.278605,0.189382,1,0,0,2,42000.00,-11.7896,-42.5174
Eólica,Eólica,Eólica,0.531324,0.280743,0.187933,1,0,0,2,42000.00,-11.8465,-42.5296
Eólica,Eólica,Eólica,0.5612,0.17904,0.25976,1,0,0,2,49500.00,-8.7646,-41.6575
Eólica,Eólica,Eólica,0.561939,0.179972,0.258089,1,0,0,2,49500.00,-8.80559,-41.6504
Eólica,Eólica,Eólica,0.563901,0.179189,0.25691,1,0,0,2,45600.00,-8.89035,-41.5832
Eólica,Eólica,Eólica,0.564949,0.180372,0.254679,1,0,0,2,45600.00,-8.94394,-41.5718
Eólica,Eólica,Eólica,0.567113,0.180896,0.251991,1,0,0,2,49500.00,-8.89749,-41.5555
Eólica,Eólica,Eólica,0.567191,0.181383,0.251427,1,0,0,2,49500.00,-8.91554,-41.5576
Eólica,Eólica,Eólica,0.559395,0.182785,0.25782,1,0,0,2,45600.00,-8.96474,-41.6995
Eólica,Eólica,Eólica,0.552327,0.177619,0.270054,0.6,0,0.4,2,34200.00,-8.97023,-41.7306
Eólica,Eólica,Eólica,0.588574,0.140845,0.270581,1,0,0,2,45600.00,-7.72013,-40.7153
Eólica,Eólica,Eólica,0.588589,0.137095,0.274315,1,0,0,2,45600.00,-7.56677,-40.6645
Eólica,Eólica,Eólica,0.586642,0.136258,0.2771,1,0,0,2,45600.00,-7.51159,-40.6891
Eólica,Eólica,Eólica,0.694962,0.0663836,0.238654,1,0,0,2,37800.00,-5.16022,-37.0621
Eólica,Eólica,Eólica,0.679475,0.0626637,0.257862,1,0,0,2,16800.00,-5.17629,-37.0792
Eólica,Eólica,Eólica,0.739155,0.0856813,0.175164,1,0,0,2,44000.00,-7.00881,-36.7833
Eólica,Eólica,Eólica,0.761372,0.0689417,0.169687,1,0,0,2,63000.00,-5.77803,-35.9649
Eólica,Eólica,Eólica,0.76347,0.0685113,0.168019,1,0,0,2,63000.00,-5.78307,-35.9052
Eólica,Eólica,Eólica,0.691311,0.0637224,0.244967,1,0,0,2,31950.00,-5.04913,-36.9945
Eólica,Solar,Eólica,0.362153,0.0611137,0.576734,1,0,0,2,27000.00,-2.68088,-42.6001
Eólica,Eólica,Eólica,0.692538,0.0671678,0.240294,1,0,0,2,37800.00,-5.18769,-37.1357
Eólica,Eólica,Eólica,0.736095,0.0838206,0.180084,1,0,0,2,34800.00,-7.04516,-36.7535
Eólica,Eólica,Eólica,0.563204,0.180154,0.256642,1,0,0,2,49500.00,-8.82636,-41.6269
Eólica,Eólica,Eólica,0.529859,0.0564993,0.413642,1,0,0,2,21000.00,-3.3044,-39.3521
Eólica,Eólica,Eólica,0.523999,0.0557951,0.420206,1,0,0,2,16800.00,-3.30767,-39.3903
Eólica,Eólica,Eólica,0.537563,0.0584986,0.403938,1,0,0,2,29400.00,-3.31736,-39.3695
Eólica,Eólica,Eólica,0.539689,0.0582918,0.40202,1,0,0,2,29400.00,-3.31572,-39.3244
Eólica,Eólica,Eólica,0.738076,0.086301,0.175623,1,0,0,2,46400.00,-6.97499,-36.8345
Eólica,Eólica,Eólica,0.751874,0.0559442,0.192181,1,0,0,2,31500.00,-5.26644,-35.5075
Eólica,Eólica,Eólica,0.74936,0.0571498,0.19349,1,0,0,2,31500.00,-5.33252,-35.6101
Eólica,Eólica,Eólica,0.505461,0.374072,0.120467,1,0,0,2,37200.00,-14.6034,-42.5781
Eólica,Eólica,Eólica,0.558764,0.18818,0.253056,1,0,0,2,49500.00,-9.05365,-41.7733
Eólica,Eólica,Eólica,0.581108,0.228495,0.190397,0.6,0,0.4,2,47300.00,-10.7861,-41.4422
Eólica,Eólica,Eólica,0.577691,0.227152,0.195157,0.8,0,0.2,2,43000.00,-10.7852,-41.4935
Eólica,Eólica,Eólica,0.690608,0.164856,0.144536,1,0,0,2,49700.00,-10.1892,-38.7751
Eólica,Eólica,Eólica,0.562912,0.211692,0.225396,1,0,0,2,25200.00,-10.4605,-41.6734
Eólica,Eólica,Eólica,0.565642,0.214689,0.219669,1,0,0,2,29400.00,-10.5007,-41.6506
Eólica,Eólica,Eólica,0.999383,0.000127919,0.000489058,1,0,0,2,37200.00,0,0
Eólica,Eólica,Eólica,0.558585,0.191984,0.249432,1,0,0,2,50400.00,-9.16079,-41.8073
Eólica,Eólica,Eólica,0.557666,0.192575,0.249758,1,0,0,2,50400.00,-9.17013,-41.8294
Eólica,Eólica,Eólica,0.556583,0.194341,0.249076,1,0,0,2,50400.00,-9.21725,-41.8622
Eólica,Eólica,Eólica,0.689424,0.164909,0.145667,1,0,0,2,48000.00,-10.2055,-38.7953
Eólica,Eólica,Eólica,0.739175,0.0671736,0.193651,1,0,0,2,45600.00,-5.66496,-36.2778
Eólica,Eólica,Hidráulica,0.720958,0.0624423,0.2166,0,1,0,2,17100.00,-5.68085,-36.303
Eólica,Eólica,Eólica,0.59104,0.138763,0.270197,1,0,0,2,31500.00,-7.98685,-40.5602
Eólica,Eólica,Eólica,0.596829,0.148624,0.254547,1,0,0,2,49500.00,-8.03575,-40.6764
Eólica,Eólica,Eólica,0.591828,0.223757,0.184415,1,0,0,2,49500.00,-10.7417,-41.2069
Hidráulica,Hidráulica,Hidráulica,0.349189,0.64346,0.00735146,0,1,0,2,330000.00,-19.4571,-41.098
Hidráulica,Hidráulica,Eólica,0.149297,0.832312,0.0183904,0.8,0.2,0,2,72000.00,-24.0813,-47.4773
Hidráulica,Solar,Hidráulica,0.01182,0.0185068,0.969673,0,1,0,2,10000.00,0.858479,-59.2946
Hidráulica,Hidráulica,Hidráulica,0.223581,0.733325,0.0430935,0.4,0.6,0,2,16500.00,-21.7633,-46.605
Hidráulica,Solar,Hidráulica,0.0445993,0.159219,0.796181,0,1,0,2,249750.00,-1.9159,-59.4734
Hidráulica,Hidráulica,Solar,0.363444,0.607825,0.0287308,0.2,0,0.8,2,39000.00,-21.4501,-42.4046
Hidráulica,Eólica,Hidráulica,0.536295,0.259671,0.204035,0,1,0,2,237300.00,-6.7535,-43.5627
Hidráulica,Hidráulica,Eólica,0.0582966,0.933914,0.0077896,1,0,0,2,17620.00,-29.3148,-50.6798
Hidráulica,Hidráulica,Hidráulica,0.0777334,0.920131,0.00213577,0,1,0,2,658000.00,-18.5043,-49.4902
Hidráulica,Hidráulica,Eólica,0.0552106,0.938303,0.00648627,0.6,0,0.4,2,44800.00,-29.3466,-50.7021
Hidráulica,Hidráulica,Hidráulica,0.0444763,0.951303,0.00422054,0,0.8,0.2,2,130000.00,-29.0053,-51.3844
Hidráulica,Hidráulica,Hidráulica,0.150227,0.835727,0.0140456,0,1,0,2,375000.00,-17.9879,-48.5323
Hidráulica,Hidráulica,Hidráulica,0.314284,0.629844,0.0558717,0,1,0,2,14000.00,-20.1039,-44.8431
Hidráulica,Hidráulica,Hidráulica,0.0560576,0.728344,0.215598,0,1,0,2,120000.00,-15.1239,-58.9647
Hidráulica,Hidráulica,Hidráulica,0.131459,0.862818,0.00572319,0,1,0,2,424000.00,-20.0227,-47.4339
Hidráulica,Hidráulica,Hidráulica,0.0158453,0.984147,7.77786e-06,0,1,0,2,1440000.00,-20.303,-49.1977
Hidráulica,Hidráulica,Hidráulica,0.224925,0.673382,0.101693,0.2,0.8,0,2,7700.00,-18.8109,-48.3872
Hidráulica,Hidráulica,Hidráulica,0.240819,0.701437,0.0577441,0,1,0,2,7360.00,-20.7824,-46.7224
Hidráulica,Hidráulica,Hidráulica,0.439632,0.514195,0.0461732,0,1,0,2,6468.00,-19.8328,-41.8007
Hidráulica,Hidráulica,Hidráulica,0.094544,0.8913,0.0141563,0.2,0.6,0.2,2,24602.00,-26.6489,-49.3385
Hidráulica,Hidráulica,Hidráulica,0.031899,0.964312,0.0037889,0,1,0,2,158000.00,-29.017,-53.19
Hidráulica,Hidráulica,Hidráulica,0.12377,0.872468,0.0037616,0,1,0,2,476000.00,-20.2863,-47.0644
Hidráulica,Hidráulica,Hidráulica,0.375152,0.572321,0.0525272,0,1,0,2,9400.00,-19.8935,-43.3666
Hidráulica,Hidráulica,Solar,0.182198,0.788837,0.0289655,0.2,0.2,0.6,2,22000.00,-23.3831,-47.0296
Hidráulica,Hidráulica,Eólica,0.397469,0.574897,0.0276346,0.6,0.2,0.2,2,55000.00,-20.9171,-41.7219
Hidráulica,Hidráulica,Eólica,0.202653,0.775511,0.0218358,0.8,0.2,0,2,56050.00,-23.3735,-45.8715
Hidráulica,Eólica,Eólica,0.535065,0.422027,0.0429075,0.4,0.2,0.4,2,60000.00,-17.8962,-40.2018
Hidráulica,Hidráulica,Hidráulica,0.00906945,0.990929,1.96817e-06,0,1,0,2,1710000.00,-19.0183,-50.4986
Hidráulica,Hidráulica,Hidráulica,0.15754,0.818048,0.0244115,0,1,0,2,24000.00,-24.1519,-47.5481
Hidráulica,Hidráulica,Hidráulica,0.0492473,0.950753,1.18673e-07,0,1,0,2,2462400.00,-9.41565,-38.2077
Hidráulica,Eólica,Hidráulica,0.728951,0.146278,0.124772,0,1,0,2,550.00,-11.2819,-37.4468
Hidráulica,Hidráulica,Hidráulica,0.206961,0.78381,0.00922885,0,1,0,2,216000.00,-22.5288,-44.5679
Hidráulica,Hidráulica,Hidráulica,0.2004,0.782018,0.017582,0.2,0.6,0.2,2,87020.00,-23.41,-45.6006
Hidráulica,Solar,Eólica,0.0590877,0.0690331,0.871879,1,0,0,2,42800.00,-2.81806,-54.2999
Hidráulica,Hidráulica,Hidráulica,0.386219,0.581122,0.0326585,0.4,0.6,0,2,112240.00,-19.1159,-42.6625
Hidráulica,Hidráulica,Eólica,0.384333,0.581055,0.0346116,0.4,0.4,0.2,2,102000.00,-19.1653,-42.775
Hidráulica,Hidráulica,Hidráulica,0.0896267,0.816562,0.0938114,0,1,0,2,157370.00,-17.0906,-54.8307
Hidráulica,Hidráulica,Hidráulica,0.0133169,0.986638,4.516e-05,0,1,0,2,880000.00,-27.6041,-51.3271
Hidráulica,Hidráulica,Hidráulica,0.177497,0.797199,0.0253041,0,1,0,2,243090.00,-18.7891,-48.1486
Hidráulica,Hidráulica,Hidráulica,0.246871,0.664201,0.0889275,0,1,0,2,129200.00,-16.3227,-48.1875
Hidráulica,Hidráulica,Hidráulica,0.0917169,0.829915,0.0783681,0.2,0.4,0.4,2,29500.00,-20.6753,-53.5676
Hidráulica,Hidráulica,Eólica,0.150189,0.7562,0.0936116,1,0,0,2,65000.00,-18.5306,-51.1478
Hidráulica,Hidráulica,Hidráulica,0.147005,0.776178,0.0768172,0.2,0.6,0.2,2,90000.00,-18.7217,-51.0028
Hidráulica,Hidráulica,Hidráulica,0.399175,0.573818,0.0270067,0,0.8,0.2,2,140000.00,-19.0216,-42.1249
Hidráulica,Hidráulica,Eólica,0.153167,0.76918,0.0776526,0.8,0,0.2,2,68400.00,-19.1171,-50.6457
Hidráulica,Hidráulica,Hidráulica,0.0635933,0.636908,0.299498,0,1,0,2,261000.00,-10.1633,-59.4642
Hidráulica,Hidráulica,Hidráulica,0.0579021,0.938623,0.00347508,0,1,0,2,361000.00,-24.0621,-50.7072
Hidráulica,Hidráulica,Hidráulica,7.39254e-10,1,7.55703e-32,0,1,0,2,11233100.00,-3.12676,-51.775
Hidráulica,Hidráulica,Hidráulica,0.0566226,0.937659,0.00571877,0,0.8,0.2,2,141900.00,-27.4978,-50.8046
Hidráulica,Hidráulica,Eólica,0.0939434,0.886315,0.0197417,1,0,0,2,62000.00,-24.6811,-50.3992
Hidráulica,Hidráulica,Solar,0.0582115,0.509588,0.4322,0,0.4,0.6,2,49998.00,-12.9986,-58.9566
Hidráulica,Hidráulica,Solar,0.058005,0.598374,0.343621,0,0.4,0.6,2,21960.00,-15.0439,-58.749
Hidráulica,Hidráulica,Hidráulica,0.109536,0.458406,0.432058,0,1,0,2,6660.00,-13.0981,-54.8175
Hidráulica,Hidráulica,Hidráulica,0.0706488,0.486216,0.443136,0,1,0,2,18000.00,-13.3203,-57.5976
Hidráulica,Hidráulica,Hidráulica,0.108537,0.873409,0.0180545,0.2,0.8,0,2,18000.00,-25.8203,-49.0651
Hidráulica,Hidráulica,Hidráulica,0.351305,0.5945,0.0541949,0,1,0,2,1944.00,-20.1655,-43.8901
Hidráulica,Hidráulica,Hidráulica,0.0325391,0.9579,0.00956124,0,1,0,2,9800.00,-29.3653,-54.5039
Hidráulica,Hidráulica,Hidráulica,0.335429,0.626528,0.0380433,0,1,0,2,5400.00,-21.4889,-43.4552
Hidráulica,Hidráulica,Hidráulica,0.321509,0.648808,0.0296829,0,0.8,0.2,2,25000.00,-22.0209,-43.2995
Hidráulica,Hidráulica,Eólica,0.43714,0.519465,0.0433946,0.8,0.2,0,2,20000.00,-19.769,-41.7884
Hidráulica,Solar,Hidráulica,0.0558536,0.447392,0.496754,0,1,0,2,13000.00,-12.904,-58.9133
Hidráulica,Hidráulica,Hidráulica,0.339827,0.609613,0.0505595,0.2,0.8,0,2,2460.00,-20.5067,-43.9861
Hidráulica,Eólica,Eólica,0.36036,0.352656,0.286983,0.6,0.4,0,2,4820.00,-12.5284,-46.2676
Hidráulica,Solar,Eólica,0.0958017,0.279337,0.624861,0.6,0.4,0,2,16252.00,-9.77861,-54.9886
Hidráulica,Hidráulica,Hidráulica,0.215127,0.72271,0.062163,0.4,0.6,0,2,10800.00,-20.6669,-47.654
Hidráulica,Solar,Eólica,0.0299613,0.356232,0.613806,0.6,0.4,0,2,4800.00,-11.9529,-62.1802
Hidráulica,Hidráulica,Hidráulica,0.212335,0.746842,0.0408228,0,1,0,2,6800.00,-22.2763,-46.7621
Hidráulica,Hidráulica,Eólica,0.348632,0.617772,0.0335961,0.8,0.2,0,2,24300.00,-21.374,-42.9938
Hidráulica,Hidráulica,Hidráulica,0.0625312,0.914981,0.0224877,0,1,0,2,5280.00,-25.9971,-52.7854
Hidráulica,Hidráulica,Eólica,0.354386,0.609495,0.0361195,0.6,0.4,0,2,12400.00,-21.345,-42.9708
Hidráulica,Hidráulica,Hidráulica,0.404413,0.558013,0.0375735,0.2,0.8,0,2,15000.00,-20.7018,-42.064
Hidráulica,Hidráulica,Hidráulica,0.352749,0.592914,0.0543374,0,1,0,2,2744.00,-20.1247,-43.8698
Hidráulica,Hidráulica,Eólica,0.455188,0.512297,0.0325152,0.4,0.4,0.2,2,21000.00,-20.6036,-40.8055
Hidráulica,Solar,Eólica,0.0860765,0.264727,0.649197,0.4,0.4,0.2,2,9000.00,-9.68528,-55.4753
Hidráulica,Solar,Hidráulica,0.0300306,0.356663,0.613307,0,1,0,2,6900.00,-11.9103,-62.1811
Hidráulica,Hidráulica,Hidráulica,0.371144,0.581231,0.0476257,0.2,0.8,0,2,6000.00,-20.3625,-43.2124
Hidráulica,Hidráulica,Hidráulica,0.35723,0.439432,0.203337,0.2,0.8,0,2,13000.00,-14.358,-46.198
Hidráulica,Hidráulica,Hidráulica,0.164832,0.804911,0.0302569,0,1,0,2,2704.00,-23.8418,-47.6536
Hidráulica,Hidráulica,Hidráulica,0.370221,0.570559,0.0592197,0,1,0,2,2880.00,-19.6492,-43.6918
Hidráulica,Hidráulica,Hidráulica,0.0979688,0.883077,0.0189544,0,0.8,0.2,2,28000.00,-25.5519,-49.8544
Hidráulica,Hidráulica,Hidráulica,0.0530121,0.938629,0.0083587,0,1,0,2,28000.00,-28.9365,-51.4653
Hidráulica,Hidráulica,Hidráulica,0.0575327,0.927178,0.0152894,0.2,0.8,0,2,21000.00,-27.0122,-52.4272
Hidráulica,Hidráulica,Hidráulica,0.324622,0.64699,0.0283884,0,1,0,2,30000.00,-22.033,-43.1544
Hidráulica,Hidráulica,Hidráulica,0.0591482,0.924899,0.0159528,0,1,0,2,16000.00,-26.9579,-52.3405
Hidráulica,Hidráulica,Hidráulica,0.0576304,0.926443,0.0159267,0,1,0,2,13000.00,-27.0587,-52.4706
Hidráulica,Hidráulica,Eólica,0.124851,0.854054,0.0210953,0.6,0.4,0,2,23000.00,-25.0006,-48.6228
Hidráulica,Hidráulica,Eólica,0.405455,0.562226,0.0323189,0.6,0.4,0,2,20000.00,-21.1075,-41.7275
Hidráulica,Hidráulica,Hidráulica,0.0560665,0.487694,0.45624,0.4,0.6,0,2,26118.00,-13.2238,-59.0268
Hidráulica,Hidráulica,Hidráulica,0.217159,0.736473,0.046368,0,1,0,2,3000.00,-21.8742,-46.8866
Hidráulica,Hidráulica,Hidráulica,0.148884,0.716684,0.134432,0,1,0,2,30000.00,-17.9447,-51.7262
Hidráulica,Eólica,Hidráulica,0.52156,0.416344,0.0620959,0.2,0.8,0,2,19100.00,-17.5951,-40.9861
Hidráulica,Hidráulica,Hidráulica,0.0953193,0.888698,0.0159826,0,1,0,2,1907.00,-26.7574,-49.4542
Hidráulica,Hidráulica,Hidráulica,0.0445256,0.940514,0.0149607,0,1,0,2,11840.30,-27.5446,-53.8069
Hidráulica,Eólica,Eólica,0.569555,0.367791,0.062654,0.6,0.4,0,2,16000.00,-17.0724,-40.106
Hidráulica,Hidráulica,Hidráulica,0.0903434,0.787684,0.121972,0,1,0,2,13000.00,-19.4103,-54.4931
Hidráulica,Hidráulica,Eólica,0.0833489,0.892372,0.0242791,0.6,0.2,0.2,2,27435.00,-24.9189,-51.4086
Hidráulica,Hidráulica,Hidráulica,0.0510115,0.940006,0.00898243,0,1,0,2,24000.00,-28.8282,-51.8422
Hidráulica,Hidráulica,Hidráulica,0.0547359,0.924984,0.0202801,0.2,0.8,0,2,6000.00,-26.4622,-53.3158
Hidráulica,Hidráulica,Hidráulica,0.0642086,0.557749,0.378042,0.2,0.8,0,2,7480.00,-14.7064,-58.1106
Hidráulica,Solar,Hidráulica,0.039277,0.419285,0.541438,0.2,0.8,0,2,9600.00,-12.7044,-60.8847
Hidráulica,Hidráulica,Hidráulica,0.117702,0.849687,0.032611,0,1,0,2,12000.00,-23.8533,-49.9578
Hidráulica,Solar,Hidráulica,0.0228287,0.266558,0.710614,0,1,0,2,17010.00,-10.2304,-63.2338
Hidráulica,Hidráulica,Hidráulica,0.277893,0.692693,0.0294138,0.2,0.8,0,2,9594.00,-22.7788,-44.2136
Hidráulica,Hidráulica,Hidráulica,0.221594,0.679301,0.0991046,0,1,0,2,19000.00,-18.681,-48.4997
Hidráulica,Hidráulica,Eólica,0.058439,0.925267,0.0162938,0.8,0.2,0,2,28500.00,-26.6112,-52.5342
Hidráulica,Hidráulica,Hidráulica,0.372493,0.598534,0.0289727,0,1,0,2,13200.00,-21.9372,-42.09
Hidráulica,Hidráulica,Hidráulica,0.0482595,0.484499,0.467242,0,1,0,2,2400.00,-13.7791,-59.7721
Hidráulica,Hidráulica,Hidráulica,0.0612675,0.920537,0.0181957,0.2,0.8,0,2,4000.00,-26.7589,-52.3854
Hidráulica,Hidráulica,Eólica,0.0518471,0.508121,0.440032,0.6,0.4,0,2,13403.00,-13.8592,-59.4325
Hidráulica,Hidráulica,Eólica,0.06788,0.917883,0.0142372,0.6,0.4,0,2,20000.00,-27.1036,-51.2822
Hidráulica,Hidráulica,Hidráulica,0.0681677,0.549944,0.381889,0,1,0,2,5760.00,-14.6113,-57.745
Hidráulica,Eólica,Hidráulica,0.791316,0.0810776,0.127606,0,1,0,2,5751.00,-8.65333,-35.2183
Hidráulica,Solar,Hidráulica,0.030582,0.365409,0.604009,0,1,0,2,12000.00,-11.9264,-62.1462
Hidráulica,Hidráulica,Hidráulica,0.0675688,0.914547,0.0178843,0,1,0,2,5600.00,-26.6786,-51.7806
Hidráulica,Hidráulica,Hidráulica,0.335957,0.634692,0.0293509,0,1,0,2,14000.00,-22.1899,-42.8917
Hidráulica,Hidráulica,Hidráulica,0.0572175,0.93261,0.0101722,0.2,0.8,0,2,10500.00,-28.6147,-51.4029
Hidráulica,Hidráulica,Hidráulica,0.378788,0.527433,0.0937796,0,1,0,2,5335.00,-17.7559,-44.4733
Hidráulica,Hidráulica,Hidráulica,0.03437,0.956441,0.00918932,0,1,0,2,9750.00,-29.4489,-54.0922
Hidráulica,Hidráulica,Hidráulica,0.146341,0.812222,0.0414372,0,1,0,2,6790.00,-22.845,-49.1566
Hidráulica,Hidráulica,Hidráulica,0.0961001,0.65204,0.25186,0,1,0,2,4000.00,-16.4399,-55.3028
Hidráulica,Hidráulica,Hidráulica,0.106471,0.865949,0.0275802,0.2,0.8,0,2,4000.00,-24.7374,-50.1188
Hidráulica,Eólica,Eólica,0.345679,0.339334,0.314987,1,0,0,2,10000.00,-11.9809,-46.642
Hidráulica,Hidráulica,Hidráulica,0.0537941,0.927005,0.019201,0,0.8,0.2,2,5100.00,-26.6836,-53.2792
Hidráulica,Hidráulica,Hidráulica,0.0630524,0.918351,0.0185969,0.2,0.8,0,2,7500.00,-26.5757,-52.2908
Hidráulica,Solar,Eólica,0.329505,0.322941,0.347554,0.6,0.4,0,2,8000.00,-11.5421,-46.9892
Hidráulica,Hidráulica,Hidráulica,0.0571161,0.923838,0.0190456,0.2,0.8,0,2,3300.00,-26.6929,-52.9008
Hidráulica,Hidráulica,Hidráulica,0.276397,0.568002,0.155601,0,1,0,2,12000.00,-16.4813,-47.7758
Hidráulica,Hidráulica,Hidráulica,0.0729855,0.50774,0.419274,0.4,0.6,0,2,20000.00,-13.605,-57.4244
Hidráulica,Hidráulica,Hidráulica,0.0512477,0.930958,0.0177941,0,1,0,2,10000.00,-26.8731,-53.4044
Hidráulica,Hidráulica,Hidráulica,0.257325,0.633492,0.109183,0,1,0,2,12000.00,-18.1325,-47.64
Hidráulica,Hidráulica,Hidráulica,0.0564679,0.567068,0.376464,0,1,0,2,7000.00,-14.8944,-58.872
Hidráulica,Hidráulica,Hidráulica,0.102903,0.880444,0.0166529,0,1,0,2,11700.00,-26.3022,-49.1529
Hidráulica,Hidráulica,Hidráulica,0.0684976,0.91613,0.0153721,0.2,0.8,0,2,9000.00,-27.0919,-51.3525
Hidráulica,Hidráulica,Hidráulica,0.0668753,0.913181,0.0199439,0.2,0.8,0,2,18000.00,-26.0379,-52.1764
Hidráulica,Hidráulica,Hidráulica,0.0763967,0.89952,0.0240831,0,1,0,2,6600.00,-25.5234,-51.7833
Hidráulica,Hidráulica,Hidráulica,0.0719738,0.901755,0.0262709,0.4,0.6,0,2,14200.00,-25.1186,-52.3866
Hidráulica,Hidráulica,Hidráulica,0.0541807,0.930133,0.0156859,0,1,0,2,24001.00,-26.9172,-52.8558
Hidráulica,Hidráulica,Hidráulica,0.0827538,0.53236,0.384886,0,1,0,2,28000.00,-13.7964,-56.6999
Hidráulica,Hidráulica,Hidráulica,0.0470769,0.941884,0.0110391,0,1,0,2,5200.00,-28.6559,-52.7041
Hidráulica,Hidráulica,Hidráulica,0.0651327,0.920131,0.0147367,0.2,0.8,0,2,9600.00,-27.2716,-51.5481
Hidráulica,Hidráulica,Hidráulica,0.0607607,0.917038,0.022201,0,1,0,2,5670.00,-26.0607,-52.9244
Hidráulica,Hidráulica,Hidráulica,0.154887,0.727221,0.117893,0,1,0,2,30000.00,-18.4031,-51.2233
Hidráulica,Eólica,Hidráulica,0.783293,0.0810722,0.135635,0.2,0.8,0,2,8850.00,-8.38972,-35.445
Hidráulica,Hidráulica,Hidráulica,0.0574351,0.928767,0.0137976,0,1,0,2,720.00,-27.8238,-52.07
Hidráulica,Hidráulica,Hidráulica,0.0957586,0.888487,0.0157545,0,1,0,2,2740.00,-26.7808,-49.3967
Hidráulica,Hidráulica,Hidráulica,0.279,0.590149,0.130851,0,1,0,2,960.00,-17.4492,-47.3489
Hidráulica,Hidráulica,Hidráulica,0.377912,0.575519,0.0465697,0,1,0,2,2900.00,-20.454,-43.0061
Hidráulica,Hidráulica,Hidráulica,0.325939,0.613142,0.0609192,0,1,0,2,625.60,-19.994,-44.6917
Hidráulica,Hidráulica,Hidráulica,0.223576,0.703038,0.0733855,0,1,0,2,800.00,-20.2147,-47.7056
Hidráulica,Hidráulica,Hidráulica,0.358247,0.593877,0.0478753,0,0.8,0.2,2,4420.00,-20.495,-43.4828
Hidráulica,Hidráulica,Hidráulica,0.424185,0.531591,0.0442233,0,1,0,2,302.40,-20.2768,-41.9636
Hidráulica,Eólica,Hidráulica,0.499223,0.455696,0.0450814,0,1,0,2,240.00,-19.4733,-40.6111
Hidráulica,Hidráulica,Hidráulica,0.127697,0.608831,0.263472,0,1,0,2,675.00,-15.8797,-53.5814
Hidráulica,Hidráulica,Hidráulica,0.0648972,0.913667,0.0214357,0,1,0,2,74.82,-26.2401,-52.4229
Hidráulica,Hidráulica,Hidráulica,0.0411669,0.946051,0.0127822,0,1,0,2,512.00,-28.4031,-53.81
Hidráulica,Hidráulica,Hidráulica,0.0440326,0.944056,0.0119117,0,1,0,2,895.00,-28.5658,-53.2517
Hidráulica,Hidráulica,Hidráulica,0.326973,0.643328,0.0296988,0,1,0,2,686.00,-22.5331,-43.0392
Hidráulica,Hidráulica,Hidráulica,0.0633123,0.913695,0.0229925,0,1,0,2,1980.00,-25.9856,-52.7474
Hidráulica,Hidráulica,Hidráulica,0.0458852,0.942583,0.0115316,0,1,0,2,1120.00,-28.6294,-52.9356
Hidráulica,Hidráulica,Hidráulica,0.0513937,0.537353,0.411253,0,1,0,2,800.00,-14.6026,-59.4167
Hidráulica,Hidráulica,Hidráulica,0.0459215,0.939196,0.0148828,0,1,0,2,1760.00,-27.7653,-53.5578
Hidráulica,Hidráulica,Hidráulica,0.242189,0.723755,0.0340564,0,1,0,2,3168.00,-22.7275,-45.4521
Hidráulica,Solar,Hidráulica,0.221773,0.144541,0.633686,0,1,0,2,1932.00,-6.78194,-48.1508
Hidráulica,Solar,Hidráulica,0.0429944,0.420718,0.536287,0.2,0.8,0,2,2500.20,-12.8452,-60.322
Hidráulica,Hidráulica,Hidráulica,0.357871,0.584803,0.0573265,0,1,0,2,2032.00,-19.8997,-43.8744
Hidráulica,Hidráulica,Hidráulica,0.054228,0.475773,0.469999,0,1,0,2,850.00,-13.6348,-59.0648
Hidráulica,Hidráulica,Hidráulica,0.124473,0.830132,0.0453949,0,1,0,2,1344.00,-22.8817,-50.3308
Hidráulica,Hidráulica,Hidráulica,0.289538,0.65353,0.0569324,0,1,0,2,352.00,-20.5672,-45.3884
Hidráulica,Hidráulica,Hidráulica,0.193398,0.766751,0.0398504,0,1,0,2,1200.00,-22.6603,-47.278
Hidráulica,Hidráulica,Hidráulica,0.149606,0.809098,0.0412961,0,1,0,2,980.00,-22.9581,-48.9783
Hidráulica,Solar,Hidráulica,0.0440187,0.42502,0.530961,0,1,0,2,2560.00,-12.8996,-60.1971
Hidráulica,Hidráulica,Hidráulica,0.424221,0.530973,0.044806,0,1,0,2,768.00,-20.2185,-41.9947
Hidráulica,Hidráulica,Hidráulica,0.111706,0.482663,0.405631,0,1,0,2,712.40,-13.6342,-54.6778
Hidráulica,Hidráulica,Hidráulica,0.0585756,0.930634,0.0107904,0,1,0,2,800.00,-28.6192,-51.355
Hidráulica,Hidráulica,Hidráulica,0.0643853,0.91312,0.0224948,0,1,0,2,828.00,-26.0685,-52.5898
Hidráulica,Hidráulica,Hidráulica,0.171948,0.792287,0.0357655,0,1,0,2,4873.60,-23.1494,-47.7945
Hidráulica,Hidráulica,Hidráulica,0.113492,0.859605,0.0269029,0,1,0,2,736.00,-24.8164,-49.6558
Hidráulica,Eólica,Hidráulica,0.352321,0.350149,0.29753,0,1,0,2,1751.00,-12.4694,-46.4442
Hidráulica,Eólica,Hidráulica,0.447365,0.445792,0.106843,0,1,0,2,1000.00,-16.6279,-43.3085
Hidráulica,Hidráulica,Hidráulica,0.360113,0.591929,0.0479573,0,1,0,2,4230.00,-20.4767,-43.4464
Hidráulica,Hidráulica,Hidráulica,0.138211,0.831892,0.0298968,0,1,0,2,1723.00,-24.1686,-48.7125
Hidráulica,Hidráulica,Hidráulica,0.0579084,0.927576,0.0145154,0.2,0.8,0,2,144.00,-27.6599,-52.1426
Hidráulica,Hidráulica,Hidráulica,0.27489,0.686921,0.0381891,0,1,0,2,428.00,-22.1108,-44.8446
Hidráulica,Hidráulica,Hidráulica,0.297808,0.666745,0.0354466,0,1,0,2,800.00,-22.1659,-44.1174
Hidráulica,Hidráulica,Hidráulica,0.132124,0.566837,0.301039,0,1,0,2,72.00,-15.1446,-53.4931
Hidráulica,Hidráulica,Hidráulica,0.0802253,0.898372,0.0214023,0,1,0,2,85.00,-26.0177,-51.1733
Hidráulica,Eólica,Hidráulica,0.791326,0.0803962,0.128277,0.4,0.6,0,2,4500.00,-8.63107,-35.1976
Hidráulica,Hidráulica,Hidráulica,0.326571,0.63058,0.0428491,0,1,0,2,1200.00,-21.2428,-43.8975
Hidráulica,Eólica,Hidráulica,0.381955,0.293593,0.324452,0,1,0,2,60.00,-11.4559,-45.6424
Hidráulica,Hidráulica,Hidráulica,0.0543471,0.929554,0.0160988,0,1,0,2,1200.00,-27.3532,-52.7698
Hidráulica,Hidráulica,Hidráulica,0.243874,0.720607,0.0355195,0,1,0,2,360.00,-22.6319,-45.4878
Hidráulica,Hidráulica,Hidráulica,0.34496,0.588816,0.0662234,0.2,0.8,0,2,160.00,-19.5262,-44.4504
Hidráulica,Eólica,Hidráulica,0.7651,0.0924363,0.142464,0.2,0.8,0,2,160.00,-8.97474,-36.061
Hidráulica,Hidráulica,Hidráulica,0.0750933,0.898369,0.0265379,0,1,0,2,320.00,-25.3585,-52.0812
Hidráulica,Hidráulica,Hidráulica,0.347057,0.552432,0.100511,0,0.8,0.2,2,16.00,-17.9039,-45.2525
Hidráulica,Eólica,Hidráulica,0.782745,0.0779756,0.13928,0.2,0.8,0,2,144.00,-8.34763,-35.3424
Hidráulica,Hidráulica,Hidráulica,0.405788,0.546513,0.0476994,0,0.8,0.2,2,120.00,-20.1782,-42.4869
Hidráulica,Eólica,Hidráulica,0.782005,0.0886126,0.129383,0,1,0,2,945.00,-9.08528,-35.5706
Hidráulica,Hidráulica,Hidráulica,0.1239,0.853111,0.0229898,0,1,0,2,1000.00,-25.2279,-48.7493
Hidráulica,Hidráulica,Hidráulica,0.0963062,0.886194,0.0174994,0,1,0,2,360.00,-26.4775,-49.6039
Hidráulica,Hidráulica,Hidráulica,0.137204,0.551052,0.311744,0,1,0,2,1000.00,-14.867,-53.2845
Hidráulica,Hidráulica,Hidráulica,0.0812245,0.902626,0.0161496,0,1,0,2,871.20,-26.9302,-50.423
Hidráulica,Hidráulica,Hidráulica,0.273897,0.677339,0.0487639,0,1,0,2,60.35,-21.2661,-45.4264
Hidráulica,Hidráulica,Hidráulica,0.0637647,0.916359,0.0198764,0,1,0,2,494.00,-26.5025,-52.3458
Hidráulica,Hidráulica,Hidráulica,0.352832,0.594184,0.0529837,0,0.8,0.2,2,662.40,-20.2636,-43.8004
Hidráulica,Hidráulica,Hidráulica,0.330163,0.504913,0.164924,0,1,0,2,20.00,-15.96,-46.4819
Hidráulica,Hidráulica,Hidráulica,0.0482218,0.935889,0.0158889,0,1,0,2,1200.00,-27.5133,-53.4311
Hidráulica,Hidráulica,Hidráulica,0.0402257,0.944456,0.0153186,0,1,0,2,4500.00,-27.7297,-54.4078
Hidráulica,Hidráulica,Hidráulica,0.0867655,0.902172,0.0110625,0,0.8,0.2,2,4100.00,-28.0414,-49.1283
Hidráulica,Hidráulica,Hidráulica,0.0634917,0.918201,0.018307,0,1,0,2,1000.00,-26.7711,-52.1747
Hidráulica,Hidráulica,Hidráulica,0.386041,0.57062,0.043339,0,1,0,2,256.00,-20.6997,-42.6656
Hidráulica,Solar,Hidráulica,0.357705,0.260286,0.38201,0,1,0,2,100.00,-10.4859,-46.0396
Hidráulica,Hidráulica,Hidráulica,0.129647,0.718848,0.151504,0,1,0,2,184.00,-18.3574,-52.6392
Hidráulica,Hidráulica,Hidráulica,0.0696736,0.912177,0.0181489,0,1,0,2,840.00,-26.7068,-51.6089
Hidráulica,Hidráulica,Hidráulica,0.178715,0.777195,0.0440898,0,1,0,2,2000.00,-22.425,-48.0206
Hidráulica,Hidráulica,Hidráulica,0.26494,0.695674,0.0393857,0,1,0,2,550.00,-22.0858,-45.1691
Hidráulica,Hidráulica,Hidráulica,0.0595273,0.922834,0.0176386,0,1,0,2,810.00,-26.9658,-52.4597
Hidráulica,Eólica,Hidráulica,0.779061,0.0945945,0.126345,0,0.8,0.2,2,412.80,-9.44083,-35.7347
Hidráulica,Hidráulica,Hidráulica,0.0853185,0.886056,0.0286253,0,1,0,2,910.00,-24.9458,-51.5114
Hidráulica,Hidráulica,Hidráulica,0.0850339,0.811711,0.103255,0,0.8,0.2,2,925.00,-20.3999,-54.4443
Hidráulica,Hidráulica,Hidráulica,0.0641804,0.9181,0.0177192,0,1,0,2,850.00,-26.8727,-52.0317
Hidráulica,Solar,Hidráulica,0.0600582,0.41623,0.523712,0,1,0,2,1000.00,-12.6629,-58.3405
Hidráulica,Hidráulica,Hidráulica,0.0484859,0.937228,0.0142863,0,1,0,2,280.00,-27.8839,-53.1353
Hidráulica,Hidráulica,Hidráulica,0.0545149,0.924423,0.0210624,0,1,0,2,510.00,-26.4656,-53.3991
Hidráulica,Solar,Hidráulica,0.0803352,0.341488,0.578177,0.2,0.8,0,2,153.60,-11.3441,-56.3239
Hidráulica,Hidráulica,Hidráulica,0.0627946,0.876875,0.0603307,0,1,0,2,688.00,-22.7013,-55.055
Hidráulica,Hidráulica,Hidráulica,0.0564914,0.926446,0.0170622,0,1,0,2,950.00,-27.1263,-52.6846
Hidráulica,Hidráulica,Hidráulica,0.0505649,0.527532,0.421903,0.2,0.8,0,2,2500.00,-14.4178,-59.5236
Hidráulica,Hidráulica,Hidráulica,0.183299,0.776217,0.0404843,0,1,0,2,386.00,-22.7171,-47.6528
Hidráulica,Hidráulica,Hidráulica,0.243768,0.70818,0.0480528,0,1,0,2,988.80,-21.5594,-46.1906
Hidráulica,Hidráulica,Hidráulica,0.0622828,0.917868,0.0198496,0,1,0,2,172.00,-26.5386,-52.4781
Hidráulica,Hidráulica,Hidráulica,0.050159,0.93595,0.0138911,0,1,0,2,700.00,-27.9349,-52.8729
Hidráulica,Hidráulica,Hidráulica,0.0674597,0.917448,0.0150926,0,1,0,2,2000.00,-27.3306,-51.3569
Hidráulica,Hidráulica,Hidráulica,0.218113,0.743535,0.0383514,0,1,0,2,1250.00,-22.5705,-46.4099
Hidráulica,Hidráulica,Hidráulica,0.0825666,0.907553,0.00988062,0,1,0,2,360.00,-28.5583,-49.1236
Hidráulica,Hidráulica,Hidráulica,0.137071,0.550588,0.312341,0,1,0,2,996.00,-14.8582,-53.292
Hidráulica,Hidráulica,Hidráulica,0.103993,0.880187,0.01582,0,1,0,2,412.50,-26.7212,-48.9
Hidráulica,Hidráulica,Hidráulica,0.08883,0.900285,0.0108853,0,1,0,2,3130.00,-28.0905,-48.9438
Hidráulica,Hidráulica,Hidráulica,0.148601,0.549537,0.301862,0,1,0,2,80.00,-14.9225,-52.7416
Hidráulica,Hidráulica,Hidráulica,0.335321,0.63292,0.0317591,0,1,0,2,796.00,-22.2266,-43.0135
Hidráulica,Hidráulica,Hidráulica,0.339501,0.599246,0.0612525,0,1,0,2,500.00,-19.8562,-44.4033
Hidráulica,Hidráulica,Hidráulica,0.0631912,0.917477,0.0193322,0,1,0,2,257.60,-26.6104,-52.3301
Hidráulica,Hidráulica,Hidráulica,0.0677734,0.919007,0.0132196,0,1,0,2,1000.00,-27.7904,-51.001
Hidráulica,Hidráulica,Hidráulica,0.0403594,0.944335,0.0153055,0,1,0,2,2250.00,-27.7814,-54.3736
Hidráulica,Hidráulica,Hidráulica,0.0840221,0.900145,0.0158332,0,1,0,2,825.00,-26.9594,-50.1744
Hidráulica,Hidráulica,Hidráulica,0.123623,0.539367,0.33701,0,0.8,0.2,2,660.00,-14.6121,-53.9953
Hidráulica,Hidráulica,Hidráulica,0.0645974,0.916286,0.019117,0,1,0,2,1980.00,-26.5855,-52.1843
Hidráulica,Eólica,Hidráulica,0.766235,0.0778269,0.155938,0,1,0,2,1000.00,-7.96677,-35.7421
Hidráulica,Hidráulica,Hidráulica,0.183989,0.763699,0.0523125,0,1,0,2,684.00,-21.8038,-48.2195
Hidráulica,Hidráulica,Hidráulica,0.428746,0.52486,0.0463937,0,1,0,2,3000.00,-19.9986,-41.9981
Hidráulica,Hidráulica,Hidráulica,0.395808,0.565827,0.0383643,0,1,0,2,1000.00,-21.0286,-42.1997
Hidráulica,Hidráulica,Hidráulica,0.291916,0.670264,0.0378197,0,1,0,2,950.00,-21.9867,-44.4083
Hidráulica,Hidráulica,Hidráulica,0.435133,0.520109,0.0447577,0,1,0,2,1000.00,-20.1144,-41.7856
Hidráulica,Hidráulica,Hidráulica,0.0464333,0.942793,0.0107735,0,1,0,2,1280.00,-28.8401,-52.7014
Hidráulica,Hidráulica,Hidráulica,0.22744,0.734937,0.0376233,0,0.8,0.2,2,920.00,-22.5625,-46.0883
Hidráulica,Hidráulica,Hidráulica,0.0776292,0.905891,0.01648,0,1,0,2,835.00,-26.9133,-50.7392
Hidráulica,Hidráulica,Hidráulica,0.353212,0.61397,0.0328172,0,0.6,0.4,2,17.64,-21.976,-42.7027
Hidráulica,Hidráulica,Hidráulica,0.056375,0.924456,0.0191688,0,1,0,2,909.00,-26.7394,-52.9786
Hidráulica,Eólica,Hidráulica,0.394065,0.326061,0.279874,0,0.8,0.2,2,1440.00,-12.3058,-45.4367
Hidráulica,Hidráulica,Hidráulica,0.242378,0.723397,0.0342248,0,1,0,2,1225.00,-22.7536,-45.4472
Hidráulica,Solar,Hidráulica,0.094461,0.32583,0.579709,0,1,0,2,280.50,-11.022,-55.2727
Hidráulica,Eólica,Hidráulica,0.356791,0.325466,0.317742,0,1,0,2,2750.00,-11.928,-46.3129
Hidráulica,Hidráulica,Hidráulica,0.0973821,0.890193,0.0124249,0,1,0,2,1000.00,-27.5925,-48.7079
Hidráulica,Eólica,Hidráulica,0.356132,0.325838,0.318031,0,1,0,2,2750.00,-11.931,-46.3292
Hidráulica,Hidráulica,Hidráulica,0.326819,0.629166,0.044015,0,1,0,2,1616.00,-21.1358,-43.9553
Hidráulica,Hidráulica,Hidráulica,0.0555558,0.927738,0.0167058,0,1,0,2,1500.00,-27.2008,-52.7336
Hidráulica,Hidráulica,Hidráulica,0.0598754,0.917499,0.0226258,0,1,0,2,400.00,-26.1333,-53.0253
Hidráulica,Hidráulica,Hidráulica,0.424398,0.509756,0.0658457,0,1,0,2,1000.00,-18.7898,-42.8226
Hidráulica,Hidráulica,Hidráulica,0.0717812,0.915175,0.013044,0,1,0,2,1600.00,-27.7603,-50.6349
Hidráulica,Hidráulica,Hidráulica,0.0828773,0.903622,0.0135008,0.2,0.8,0,2,2500.00,-27.4678,-49.8772
Hidráulica,Hidráulica,Hidráulica,0.440979,0.513586,0.0454352,0,0.8,0.2,2,2100.00,-19.9792,-41.7146
Hidráulica,Hidráulica,Hidráulica,0.0762569,0.908665,0.0150782,0,1,0,2,1933.00,-27.2044,-50.6344
Hidráulica,Hidráulica,Hidráulica,0.364986,0.602747,0.0322677,0,1,0,2,3000.00,-21.8636,-42.4355
Hidráulica,Hidráulica,Hidráulica,0.0720391,0.916989,0.0109717,0,1,0,2,3696.00,-28.283,-50.203
Hidráulica,Hidráulica,Hidráulica,0.450545,0.513826,0.0356289,0,1,0,2,1512.00,-20.7736,-40.9875
Hidráulica,Hidráulica,Hidráulica,0.0854865,0.885674,0.02884,0,1,0,2,1000.00,-24.9161,-51.5181
Hidráulica,Hidráulica,Hidráulica,0.0955418,0.88853,0.0159287,0,1,0,2,1041.30,-26.7859,-49.4271
Hidráulica,Hidráulica,Hidráulica,0.054414,0.934236,0.0113503,0,1,0,2,990.00,-28.5203,-51.9086
Hidráulica,Hidráulica,Hidráulica,0.0985879,0.829232,0.0721803,0,0.6,0.4,2,20.00,-21.5664,-52.7842
Hidráulica,Hidráulica,Hidráulica,0.0554145,0.92793,0.0166553,0,1,0,2,3000.00,-27.1789,-52.7497
Hidráulica,Hidráulica,Hidráulica,0.116763,0.731485,0.151752,0,0.8,0.2,2,900.00,-18.4843,-53.2909
Hidráulica,Hidráulica,Hidráulica,0.0668494,0.901612,0.0315386,0,1,0,2,2160.00,-24.8534,-53.1864
Hidráulica,Hidráulica,Hidráulica,0.0924794,0.894052,0.013469,0,1,0,2,2200.00,-27.3572,-49.2195
Hidráulica,Hidráulica,Hidráulica,0.354112,0.615688,0.0301996,0,1,0,2,1764.00,-22.2169,-42.5006
Hidráulica,Hidráulica,Hidráulica,0.0401335,0.947608,0.0122589,0,1,0,2,1750.00,-28.5369,-53.8614
Hidráulica,Hidráulica,Hidráulica,0.352433,0.615999,0.0315688,0,0.8,0.2,2,19.60,-22.1178,-42.6291
Hidráulica,Hidráulica,Hidráulica,0.221661,0.742458,0.0358815,0,1,0,2,1566.00,-22.7629,-46.151
Hidráulica,Hidráulica,Hidráulica,0.0608535,0.92271,0.0164361,0,1,0,2,1210.00,-27.1704,-52.1621
Hidráulica,Hidráulica,Hidráulica,0.0445594,0.942333,0.0131079,0,1,0,2,522.00,-28.2452,-53.4148
Hidráulica,Eólica,Hidráulica,0.999301,0.000119415,0.000580059,0,1,0,2,1000.00,0,0
Hidráulica,Eólica,Hidráulica,0.999301,0.000119474,0.000579349,0,1,0,2,1260.00,0,0
Hidráulica,Eólica,Hidráulica,0.999303,0.000119597,0.000577876,0.2,0.8,0,2,1800.00,0,0
Hidráulica,Eólica,Hidráulica,0.999304,0.000119756,0.000575972,0.2,0.8,0,2,2500.00,0,0
Hidráulica,Eólica,Hidráulica,0.999301,0.000119415,0.000580059,0,1,0,2,1000.00,0,0
Hidráulica,Hidráulica,Hidráulica,0.0904122,0.89296,0.0166277,0,1,0,2,4500.00,-26.6272,-49.8799
Solar,Hidráulica,Hidráulica,0.101397,0.874892,0.0237108,0,0.8,0.2,3,19.60,-25.6644,-49.0949
Solar,Eólica,Eólica,0.579153,0.132615,0.288232,0.8,0,0.2,3,34370.00,-7.34679,-40.5414
Solar,Eólica,Solar,0.573435,0.130444,0.29612,0.4,0,0.6,3,27496.00,-7.37283,-40.549
Solar,Eólica,Hidráulica,0.67538,0.0637726,0.260847,0,0.8,0.2,3,1100.00,-5.37858,-36.8211
Solar,Hidráulica,Hidráulica,0.328413,0.60726,0.0643268,0,1,0,3,1418.40,-19.8656,-43.9711
Solar,Eólica,Eólica,0.506257,0.300406,0.193337,1,0,0,3,27213.11,-12.3253,-42.6241
Solar,Eólica,Eólica,0.51391,0.317948,0.168142,0.6,0.2,0.2,3,54426.22,-12.3148,-42.6184
Solar,Eólica,Hidráulica,0.520507,0.344463,0.13503,0.2,0.8,0,3,95245.89,-12.3188,-42.6238
Solar,Eólica,Eólica,0.657229,0.0752593,0.267512,0.4,0.2,0.4,3,44625.00,-4.8932,-38.0084
Solar,Eólica,Eólica,0.469919,0.353994,0.176088,0.6,0,0.4,3,30000.00,-13.3002,-43.3235
Solar,Eólica,Eólica,0.469916,0.353916,0.176168,0.6,0,0.4,3,30000.00,-13.2978,-43.3241
Solar,Hidráulica,Solar,0.342838,0.560572,0.0965898,0,0,1,3,31000.00,-17.4082,-44.9015
Solar,Eólica,Solar,0.497557,0.081984,0.420459,0.2,0,0.8,3,49995.00,-3.84836,-41.152
Solar,Hidráulica,Solar,0.411243,0.483373,0.105384,0,0,1,3,33000.00,-16.3096,-43.667
Solar,Eólica,Solar,0.754339,0.0609231,0.184738,0,0,1,3,30000.00,-5.50106,-35.4162
Solar,Eólica,Solar,0.753964,0.061032,0.185004,0,0,1,3,30000.00,-5.50409,-35.4284
Solar,Eólica,Solar,0.754475,0.0610193,0.184506,0,0,1,3,30000.00,-5.51155,-35.4166
Solar,Eólica,Eólica,0.442913,0.343869,0.213218,0.8,0,0.2,3,29400.00,-12.6141,-44.0896
Solar,Eólica,Eólica,0.40207,0.279316,0.318614,0.6,0,0.4,3,45680.00,-10.0991,-45.2815
Solar,Eólica,Eólica,0.658628,0.0730169,0.268356,0.6,0,0.4,3,33000.00,-5.05213,-37.79
Solar,Eólica,Eólica,0.658362,0.0729487,0.268689,0.6,0,0.4,3,33000.00,-5.04451,-37.7929
Solar,Eólica,Eólica,0.563069,0.103029,0.333902,0.8,0,0.2,3,30100.00,-5.95366,-40.2947
Solar,Eólica,Eólica,0.562791,0.10301,0.334199,0.8,0,0.2,3,30100.00,-5.95035,-40.2993
Solar,Hidráulica,Solar,0.271185,0.609918,0.118897,0,0,1,3,33000.00,-17.2134,-47.0892
Solar,Eólica,Eólica,0.669375,0.0700309,0.260595,0.8,0,0.2,3,47250.00,-4.60098,-37.6421
Solar,Hidráulica,Eólica,0.255188,0.662257,0.0825546,0.8,0,0.2,3,32550.00,-18.8166,-46.6904
Solar,Eólica,Eólica,0.692903,0.0933,0.213797,1,0,0,3,27200.00,-6.91704,-37.5602
Solar,Eólica,Eólica,0.692811,0.0931998,0.21399,1,0,0,3,27200.00,-6.90975,-37.5601
Solar,Eólica,Eólica,0.635969,0.13215,0.231881,0.6,0,0.4,3,30000.00,-8.08333,-39.3555
Solar,Hidráulica,Solar,0.426526,0.431457,0.142017,0,0.2,0.8,3,5000.00,-15.5402,-43.6283
Solar,Eólica,Eólica,0.726596,0.0777427,0.195662,0.8,0,0.2,3,30000.00,-6.34717,-36.5247
Solar,Eólica,Solar,0.408157,0.251464,0.340379,0,0,1,3,48118.00,-9.37406,-45.0832
Solar,Eólica,Solar,0.408307,0.252085,0.339608,0,0,1,3,48118.00,-9.3914,-45.0824
Solar,Eólica,Solar,0.408306,0.252505,0.339189,0,0,1,3,48118.00,-9.40234,-45.0841
Solar,Eólica,Solar,0.512104,0.178505,0.309391,0,0,1,3,30000.00,-8.5504,-42.2927
Solar,Hidráulica,Solar,0.430372,0.443976,0.125652,0.2,0,0.8,3,33000.00,-15.3419,-43.6272
Solar,Eólica,Solar,0.66634,0.12229,0.21137,0.2,0,0.8,3,32000.06,-7.97972,-38.6225
Solar,Eólica,Solar,0.602588,0.0631411,0.334271,0.2,0,0.8,3,27000.00,-3.95533,-38.395
Solar,Eólica,Solar,0.602971,0.0632849,0.333744,0.2,0,0.8,3,27000.00,-3.96939,-38.3939
Solar,Eólica,Solar,0.516516,0.171001,0.312483,0.2,0,0.8,3,32164.00,-8.27854,-42.1635
Solar,Solar,Solar,0.0293391,0.0587397,0.911921,0,0,1,3,10.80,-3.52833,-57.9753
Solar,Solar,Solar,0.0144443,0.0410012,0.944555,0,0,1,3,13.50,-2.51528,-61.0533
Solar,Solar,Solar,0.0190174,0.049821,0.931162,0,0,1,3,4.32,-3.13861,-60.0239
Solar,Solar,Hidráulica,0.0677459,0.278557,0.653697,0,1,0,3,900.00,-10.3267,-56.9794
Solar,Hidráulica,Hidráulica,0.120226,0.74142,0.138354,0,1,0,3,5056.00,-18.8999,-52.4664
Solar,Eólica,Solar,0.653166,0.0762354,0.270599,0,0,1,3,30933.00,-5.26187,-37.9689
Solar,Eólica,Solar,0.652713,0.0760679,0.271219,0,0,1,3,30933.00,-5.24584,-37.9725
Solar,Eólica,Solar,0.652974,0.0762519,0.270775,0,0,1,3,30933.00,-5.26087,-37.9731
Solar,Hidráulica,Solar,0.101429,0.84827,0.0503005,0.2,0.2,0.6,3,2.00,-23.0583,-51.0447
Solar,Eólica,Solar,0.499399,0.366469,0.134133,0,0,1,3,50000.00,-13.781,-42.5508
Solar,Eólica,Eólica,0.495007,0.345997,0.158996,0.8,0.2,0,3,18750.00,-13.7859,-42.5588
Solar,Solar,Hidráulica,0.0362259,0.010905,0.952869,0,1,0,3,4039.20,3.83139,-51.8358
Solar,Hidráulica,Solar,0.423397,0.454017,0.122586,0,0,1,3,39496.00,-15.3638,-43.7904
Solar,Hidráulica,Solar,0.423154,0.454279,0.122568,0,0,1,3,39496.00,-15.3671,-43.795
Solar,Eólica,Eólica,0.677116,0.12775,0.195134,0.8,0,0.2,3,49500.00,-7.96479,-38.6307
Solar,Eólica,Solar,0.593567,0.186457,0.219976,0,0,1,3,31474.80,-9.69498,-40.6648
Solar,Eólica,Solar,0.593321,0.18674,0.219939,0,0,1,3,31474.80,-9.70214,-40.6713
Solar,Eólica,Eólica,0.677287,0.127343,0.19537,0.8,0,0.2,3,49500.00,-7.94741,-38.6228
Solar,Hidráulica,Eólica,0.423093,0.44792,0.128987,1,0,0,3,29622.00,-15.3921,-43.7873
Solar,Eólica,Solar,0.40113,0.277254,0.321615,0.2,0,0.8,3,43032.00,-10.107,-45.27
Solar,Hidráulica,Solar,0.422295,0.455689,0.122016,0,0,1,3,39496.00,-15.3964,-43.8038
Solar,Hidráulica,Solar,0.42122,0.457242,0.121538,0,0,1,3,39496.00,-15.4255,-43.818
Solar,Hidráulica,Solar,0.421728,0.456992,0.12128,0,0,1,3,39496.00,-15.4292,-43.8037
Solar,Hidráulica,Solar,0.422644,0.455923,0.121433,0,0,1,3,39496.00,-15.4137,-43.7875
Solar,Eólica,Solar,0.465256,0.081048,0.453696,0,0,1,3,30000.00,-4.11423,-41.4976
Solar,Eólica,Solar,0.465678,0.0808705,0.453452,0,0,1,3,30000.00,-4.10623,-41.4843
Solar,Eólica,Solar,0.383675,0.255096,0.361229,0,0,1,3,30000.00,-9.74905,-45.4513
Solar,Eólica,Eólica,0.751913,0.0983584,0.149728,0.6,0,0.4,3,23100.00,-8.34554,-36.2383
Solar,Hidráulica,Solar,0.343105,0.569491,0.0874041,0,0,1,3,49500.00,-17.3314,-44.8692
Solar,Hidráulica,Solar,0.342418,0.57042,0.0871622,0,0,1,3,49500.00,-17.3489,-44.8781
Solar,Eólica,Solar,0.574787,0.0640088,0.361204,0.2,0,0.8,3,27000.00,-3.79512,-38.9182
Solar,Eólica,Solar,0.574855,0.064039,0.361106,0.2,0,0.8,3,27000.00,-3.79786,-38.9182
Solar,Eólica,Solar,0.713508,0.0769506,0.209541,0.2,0,0.8,3,49950.00,-5.58661,-36.996
Solar,Eólica,Eólica,0.721184,0.0785735,0.200242,0.4,0.4,0.2,3,59940.00,-5.55928,-36.9802
Solar,Eólica,Solar,0.710134,0.0742673,0.215599,0,0,1,3,52000.00,-5.29818,-37.0152
Solar,Eólica,Solar,0.710986,0.0749104,0.214103,0,0,1,3,52000.00,-5.35567,-37.0154
Solar,Eólica,Solar,0.711109,0.0749758,0.213915,0,0,1,3,52000.00,-5.36202,-37.0147
Solar,Eólica,Solar,0.467338,0.349753,0.18291,0,0.2,0.8,3,22000.00,-13.3333,-43.3372
Solar,Eólica,Eólica,0.752214,0.0983418,0.149444,1,0,0,3,24059.00,-8.32639,-36.2405
Solar,Eólica,Eólica,0.752028,0.0984016,0.14957,1,0,0,3,24059.00,-8.32632,-36.2461
Solar,Eólica,Eólica,0.752086,0.0982999,0.149614,1,0,0,3,24059.00,-8.32104,-36.2433
Solar,Solar,Eólica,0.371795,0.241885,0.38632,0.8,0.2,0,3,12760.00,-9.77306,-45.471
Solar,Eólica,Hidráulica,0.411724,0.299041,0.289235,0.2,0.8,0,3,80819.00,-9.78576,-45.4611
Solar,Eólica,Eólica,0.734475,0.078843,0.186682,0.8,0,0.2,3,48000.00,-6.09318,-36.5683
Solar,Hidráulica,Hidráulica,0.176309,0.783156,0.0405342,0,1,0,3,117.00,-22.9819,-47.0425
Solar,Eólica,Solar,0.46801,0.0813063,0.450684,0,0,1,3,30000.00,-4.14444,-41.4552
Solar,Eólica,Solar,0.468401,0.0812195,0.45038,0,0,1,3,30000.00,-4.14157,-41.4453
Solar,Eólica,Solar,0.662824,0.120436,0.21674,0,0,1,3,49110.00,-7.40324,-38.8564
Solar,Solar,Solar,0.0597373,0.0482512,0.892011,0,0,1,3,1.00,-2.20455,-53.2373
Solar,Solar,Solar,0.0597378,0.0482532,0.892009,0,0,1,3,1.00,-2.20472,-53.2374
Solar,Solar,Solar,0.0603234,0.0491516,0.890525,0,0,1,3,1.00,-2.27818,-53.2326
Solar,Solar,Solar,0.0601474,0.0487872,0.891065,0,0,1,3,1.00,-2.24792,-53.2285
Solar,Solar,Solar,0.0648378,0.0480259,0.887136,0,0,1,3,1.00,-2.13577,-52.7378
Solar,Solar,Solar,0.0597896,0.0483178,0.891893,0,0,1,3,1.00,-2.20995,-53.2361
Solar,Solar,Solar,0.067157,0.04812,0.884723,0,0,1,3,1.00,-2.12383,-52.5345
Solar,Solar,Solar,0.0590118,0.0474515,0.893537,0,0,1,3,1.00,-2.14012,-53.2616
Solar,Solar,Solar,0.0694113,0.0486852,0.881903,0,0,1,3,1.00,-2.15525,-52.3715
Solar,Solar,Solar,0.0689721,0.0478938,0.883134,0,0,1,3,1.00,-2.08835,-52.3622
Solar,Solar,Solar,0.0589958,0.0474423,0.893562,0,0,1,3,1.00,-2.13945,-53.2627
Solar,Solar,Solar,0.0686134,0.047082,0.884305,0,0,1,3,1.00,-2.01785,-52.3441
Solar,Solar,Solar,0.0689699,0.0476657,0.883364,0,0,1,3,1.00,-2.06785,-52.3486
Solar,Solar,Solar,0.0684913,0.0474292,0.884079,0,0,1,3,1.00,-2.05042,-52.3758
Solar,Solar,Solar,0.039632,0.0437819,0.916586,0,0,1,3,1.00,-2.05278,-55.3737
Solar,Solar,Solar,0.0689716,0.0481244,0.882904,0,0,1,3,1.00,-2.109,-52.376
Solar,Solar,Solar,0.0686954,0.0471418,0.884163,0,0,1,3,1.00,-2.02262,-52.3406
Solar,Solar,Solar,0.0687134,0.0471163,0.88417,0,0,1,3,1.00,-2.02014,-52.3375
Solar,Solar,Solar,0.0685001,0.047432,0.884068,0,0,1,3,1.00,-2.05061,-52.3752
Solar,Solar,Solar,0.0689734,0.0481182,0.882908,0,0,1,3,1.00,-2.10844,-52.3755
Solar,Solar,Solar,0.0690044,0.0474109,0.883585,0,0,1,3,1.00,-2.04453,-52.3302
Solar,Solar,Solar,0.0666065,0.0456102,0.887783,0,0,1,3,1.00,-1.89851,-52.4292
Solar,Solar,Solar,0.0597384,0.0482556,0.892006,0,0,1,3,1.00,-2.20492,-53.2375
Solar,Solar,Solar,0.0687867,0.0471802,0.884033,0,0,1,3,1.00,-2.02536,-52.335
Solar,Solar,Solar,0.0590105,0.0474525,0.893537,0,0,1,3,1.00,-2.14023,-53.2618
Solar,Solar,Solar,0.0594652,0.0478999,0.892635,0,0,1,3,1.00,-2.1759,-53.2434
Solar,Solar,Solar,0.0590058,0.0474442,0.89355,0,0,1,3,1.00,-2.13953,-53.2618
Solar,Solar,Solar,0.0590193,0.0474617,0.893519,0,0,1,3,1.00,-2.14097,-53.2615
Solar,Solar,Solar,0.0578975,0.0465146,0.895588,0,0,1,3,1.00,-2.06612,-53.317
Solar,Solar,Solar,0.0596141,0.0480677,0.892318,0,0,1,3,1.00,-2.18942,-53.2386
Solar,Solar,Solar,0.0590106,0.047453,0.893536,0,0,1,3,1.00,-2.14027,-53.2618
Solar,Solar,Solar,0.0581655,0.0466677,0.895167,0,0,1,3,1.00,-2.0774,-53.2992
Solar,Solar,Solar,0.0582271,0.0457308,0.896042,0,0,1,3,1.00,-1.98974,-53.2344
Solar,Solar,Solar,0.058395,0.0467065,0.894898,0,0,1,3,1.00,-2.07856,-53.2783
Solar,Solar,Solar,0.058755,0.0471308,0.894114,0,0,1,3,1.00,-2.11365,-53.2679
Solar,Solar,Solar,0.0579359,0.0464998,0.895564,0,0,1,3,1.00,-2.06434,-53.3122
Solar,Solar,Solar,0.0584473,0.0467147,0.894838,0,0,1,3,1.00,-2.07877,-53.2735
Solar,Solar,Solar,0.0581888,0.045716,0.896095,0,0,1,3,1.00,-1.98875,-53.2374
Solar,Solar,Solar,0.0587536,0.0471211,0.894125,0,0,1,3,1.00,-2.11278,-53.2675
Solar,Solar,Solar,0.0587617,0.0471446,0.894094,0,0,1,3,1.00,-2.11484,-53.2681
Solar,Solar,Solar,0.0588617,0.0457312,0.895407,0,0,1,3,1.00,-1.98317,-53.1703
Solar,Solar,Solar,0.0587907,0.0457233,0.895486,0,0,1,3,1.00,-1.98316,-53.1769
Solar,Solar,Solar,0.0587342,0.0468771,0.894389,0,0,1,3,1.00,-2.09069,-53.2545
Solar,Solar,Solar,0.0588533,0.0457278,0.895419,0,0,1,3,1.00,-1.98294,-53.1709
Solar,Solar,Solar,0.0588515,0.0457287,0.89542,0,0,1,3,1.00,-1.98304,-53.1712
Solar,Solar,Solar,0.0593467,0.0461091,0.894544,0,0,1,3,1.00,-2.01349,-53.1454
Solar,Solar,Solar,0.0593147,0.0467533,0.893932,0,0,1,3,1.00,-2.07337,-53.1886
Solar,Solar,Solar,0.0591908,0.0465508,0.894258,0,0,1,3,1.00,-2.056,-53.1885
Solar,Solar,Solar,0.0593593,0.0461443,0.894496,0,0,1,3,1.00,-2.01664,-53.1464
Solar,Solar,Solar,0.0594104,0.0461134,0.894476,0,0,1,3,1.00,-2.01324,-53.1393
Solar,Solar,Solar,0.0593572,0.0461966,0.894446,0,0,1,3,1.00,-2.02152,-53.1498
Solar,Solar,Solar,0.0587481,0.0457534,0.895498,0,0,1,3,1.00,-1.98643,-53.1831
Solar,Solar,Solar,0.0591794,0.0465649,0.894256,0,0,1,3,1.00,-2.05742,-53.1905
Solar,Solar,Solar,0.0605637,0.0460275,0.893409,0,0,1,3,1.00,-1.99364,-53.02
Solar,Solar,Solar,0.0606265,0.0460785,0.893295,0,0,1,3,1.00,-1.99777,-53.0171
Solar,Solar,Solar,0.06055,0.0464005,0.89305,0,0,1,3,1.00,-2.02841,-53.0446
Solar,Solar,Solar,0.0606241,0.0460801,0.893296,0,0,1,3,1.00,-1.99794,-53.0174
Solar,Solar,Solar,0.050828,0.0450622,0.90411,0,0,1,3,1.00,-2.01157,-53.9947
Solar,Solar,Solar,0.0606692,0.046137,0.893194,0,0,1,3,1.00,-2.00279,-53.0166
Solar,Solar,Solar,0.0607608,0.0461568,0.893082,0,0,1,3,1.00,-2.00373,-53.0089
Solar,Solar,Solar,0.0599051,0.0463072,0.893788,0,0,1,3,1.00,-2.02623,-53.1023
Solar,Solar,Solar,0.0598749,0.0460297,0.894095,0,0,1,3,1.00,-2.00074,-53.088
Solar,Solar,Solar,0.0602593,0.0457118,0.894029,0,0,1,3,1.00,-1.96715,-53.0301
Solar,Solar,Solar,0.0628673,0.0422923,0.89484,0,0,1,3,1.00,-1.60884,-52.5542
Solar,Solar,Solar,0.0602585,0.0457112,0.89403,0,0,1,3,1.00,-1.9671,-53.0301
Solar,Solar,Solar,0.0603972,0.045767,0.893836,0,0,1,3,1.00,-1.97095,-53.02
Solar,Solar,Solar,0.0602509,0.0456898,0.894059,0,0,1,3,1.00,-1.96517,-53.0295
Solar,Solar,Solar,0.0602634,0.0456919,0.894045,0,0,1,3,1.00,-1.96524,-53.0284
Solar,Solar,Solar,0.0603969,0.0457681,0.893835,0,0,1,3,1.00,-1.97106,-53.0201
Solar,Solar,Solar,0.0599543,0.045803,0.894243,0,0,1,3,1.00,-1.97876,-53.0659
Solar,Solar,Solar,0.0596975,0.0459587,0.894344,0,0,1,3,1.00,-1.99591,-53.1011
Solar,Solar,Solar,0.0596822,0.0449989,0.895319,0,0,1,3,1.00,-1.90556,-53.0417
Solar,Solar,Solar,0.0597366,0.0459449,0.894318,0,0,1,3,1.00,-1.99423,-53.0964
Solar,Solar,Solar,0.0606232,0.0460741,0.893303,0,0,1,3,1.00,-1.99739,-53.0171
Solar,Solar,Solar,0.0593134,0.0462883,0.894398,0,0,1,3,1.00,-2.03048,-53.1599
Solar,Solar,Solar,0.0590387,0.0458339,0.895127,0,0,1,3,1.00,-1.99097,-53.159
Solar,Solar,Solar,0.058924,0.0456181,0.895458,0,0,1,3,1.00,-1.97191,-53.1569
Solar,Solar,Solar,0.0597032,0.0459576,0.894339,0,0,1,3,1.00,-1.99575,-53.1005
Solar,Solar,Solar,0.0599656,0.0457973,0.894237,0,0,1,3,1.00,-1.97811,-53.0644
Solar,Solar,Solar,0.0589862,0.045561,0.895453,0,0,1,3,1.00,-1.9659,-53.147
Solar,Solar,Solar,0.0590095,0.045821,0.89517,0,0,1,3,1.00,-1.99006,-53.1611
Solar,Solar,Solar,0.0711583,0.0472463,0.881595,0,0,1,3,1.00,-2.01228,-52.1371
Solar,Solar,Solar,0.0599292,0.0458275,0.894243,0,0,1,3,1.00,-1.98131,-53.0699
Solar,Solar,Solar,0.0598814,0.0432223,0.896896,0,0,1,3,1.00,-1.73103,-52.9056
Solar,Solar,Solar,0.0590182,0.0451334,0.895848,0,0,1,3,1.00,-1.92514,-53.1166
Solar,Solar,Solar,0.0593735,0.0449081,0.895718,0,0,1,3,1.00,-1.90005,-53.0666
Solar,Solar,Solar,0.0589922,0.0451629,0.895845,0,0,1,3,1.00,-1.92821,-53.1211
Solar,Solar,Solar,0.0593665,0.0449166,0.895717,0,0,1,3,1.00,-1.90093,-53.0679
Solar,Solar,Solar,0.0593703,0.0449123,0.895717,0,0,1,3,1.00,-1.90048,-53.0672
Solar,Solar,Solar,0.0591965,0.0441895,0.896614,0,0,1,3,1.00,-1.83275,-53.0377
Solar,Solar,Solar,0.0590774,0.0438278,0.897095,0,0,1,3,1.00,-1.79877,-53.0259
Solar,Solar,Solar,0.0594124,0.0461137,0.894474,0,0,1,3,1.00,-2.01325,-53.1392
Solar,Solar,Solar,0.0590613,0.0438592,0.897079,0,0,1,3,1.00,-1.80201,-53.0296
Solar,Solar,Solar,0.0590726,0.0438086,0.897119,0,0,1,3,1.00,-1.79695,-53.0251
Solar,Solar,Solar,0.059268,0.0443515,0.89638,0,0,1,3,1.00,-1.84769,-53.0411
Solar,Solar,Solar,0.0597806,0.0438373,0.896382,0,0,1,3,1.00,-1.79253,-52.9564
Solar,Solar,Solar,0.049337,0.0424812,0.908182,0,0,1,3,1.00,-1.77826,-53.9996
Solar,Solar,Solar,0.0596494,0.0438482,0.896502,0,0,1,3,1.00,-1.79492,-52.9702
Solar,Solar,Solar,0.0592102,0.0436328,0.897157,0,0,1,3,1.00,-1.77832,-52.9997
Solar,Solar,Solar,0.0591438,0.0464695,0.894387,0,0,1,3,1.00,-2.04898,-53.1882
Solar,Solar,Solar,0.0656551,0.0443757,0.889969,0,0,1,3,1.00,-1.7892,-52.4355
Solar,Solar,Solar,0.059782,0.0438377,0.89638,0,0,1,3,1.00,-1.79255,-52.9563
Solar,Solar,Solar,0.0592233,0.0436213,0.897155,0,0,1,3,1.00,-1.77706,-52.9976
Solar,Solar,Solar,0.0597643,0.0438444,0.896391,0,0,1,3,1.00,-1.79339,-52.9585
Solar,Solar,Solar,0.0592266,0.0436232,0.89715,0,0,1,3,1.00,-1.77721,-52.9974
Solar,Solar,Solar,0.0599414,0.0434083,0.89665,0,0,1,3,1.00,-1.7488,-52.9121
Solar,Solar,Solar,0.0607998,0.0435875,0.895613,0,0,1,3,1.00,-1.75787,-52.8397
Solar,Solar,Solar,0.059904,0.043256,0.89684,0,0,1,3,1.00,-1.73414,-52.9056
Solar,Solar,Solar,0.0594824,0.0434198,0.897098,0,0,1,3,1.00,-1.75459,-52.9584
Solar,Solar,Solar,0.0592251,0.0436247,0.89715,0,0,1,3,1.00,-1.77737,-52.9977
Solar,Solar,Solar,0.0630778,0.0427503,0.894172,0,0,1,3,1.00,-1.65293,-52.5655
Solar,Solar,Solar,0.0628271,0.0421747,0.894998,0,0,1,3,1.00,-1.59732,-52.5499
Solar,Solar,Solar,0.0657108,0.0440711,0.890218,0,0,1,3,1.00,-1.7592,-52.4106
Solar,Solar,Solar,0.0589593,0.045591,0.89545,0,0,1,3,1.00,-1.969,-53.1516
Solar,Solar,Solar,0.0629319,0.0428661,0.894202,0,0,1,3,1.00,-1.66588,-52.5871
Solar,Solar,Solar,0.0629264,0.0428693,0.894204,0,0,1,3,1.00,-1.66625,-52.5878
Solar,Solar,Solar,0.0629315,0.0428882,0.89418,0,0,1,3,1.00,-1.66809,-52.5886
Solar,Solar,Solar,0.0629206,0.0423859,0.894693,0,0,1,3,1.00,-1.6178,-52.5555
Solar,Solar,Solar,0.060435,0.0435817,0.895983,0,0,1,3,1.00,-1.76092,-52.875
Solar,Solar,Solar,0.0655931,0.0440108,0.890396,0,0,1,3,1.00,-1.75438,-52.4173
Solar,Solar,Solar,0.065611,0.0440179,0.890371,0,0,1,3,1.00,-1.75491,-52.4161
Solar,Solar,Solar,0.0657332,0.0440853,0.890181,0,0,1,3,1.00,-1.76038,-52.4095
Solar,Solar,Solar,0.0659252,0.0441438,0.889931,0,0,1,3,1.00,-1.76437,-52.396
Solar,Solar,Solar,0.0665211,0.044449,0.88903,0,0,1,3,1.00,-1.78868,-52.3624
Solar,Solar,Solar,0.0655738,0.0440009,0.890425,0,0,1,3,1.00,-1.75359,-52.4184
Solar,Solar,Solar,0.0664503,0.0444301,0.88912,0,0,1,3,1.00,-1.78747,-52.3675
Solar,Solar,Solar,0.0655873,0.0440079,0.890405,0,0,1,3,1.00,-1.75415,-52.4176
Solar,Solar,Solar,0.0655968,0.044012,0.890391,0,0,1,3,1.00,-1.75446,-52.417
Solar,Solar,Solar,0.0661878,0.0442376,0.889575,0,0,1,3,1.00,-1.77116,-52.3785
Solar,Solar,Solar,0.065592,0.0440104,0.890398,0,0,1,3,1.00,-1.75435,-52.4174
Solar,Solar,Solar,0.065593,0.0440098,0.890397,0,0,1,3,1.00,-1.75429,-52.4172
Solar,Solar,Solar,0.0665297,0.0444377,0.889033,0,0,1,3,1.00,-1.78752,-52.3609
Solar,Solar,Solar,0.0655862,0.044009,0.890405,0,0,1,3,1.00,-1.75426,-52.4178
Solar,Solar,Solar,0.0673397,0.044785,0.887875,0,0,1,3,1.00,-1.81391,-52.3114
Solar,Solar,Solar,0.0677952,0.0449827,0.887222,0,0,1,3,1.00,-1.82893,-52.284
Solar,Solar,Solar,0.0670217,0.0446179,0.88836,0,0,1,3,1.00,-1.80061,-52.3288
Solar,Solar,Solar,0.0679553,0.044733,0.887312,0,0,1,3,1.00,-1.80371,-52.2539
Solar,Solar,Solar,0.0666594,0.0438238,0.889517,0,0,1,3,1.00,-1.72679,-52.3091
Solar,Solar,Solar,0.0659499,0.0430194,0.891031,0,0,1,3,1.00,-1.65367,-52.3192
Solar,Solar,Solar,0.0681697,0.0449145,0.886916,0,0,1,3,1.00,-1.81927,-52.2468
Solar,Solar,Solar,0.0665222,0.0423481,0.89113,0,0,1,3,1.00,-1.58138,-52.2223
Solar,Solar,Solar,0.0661851,0.0421232,0.891692,0,0,1,3,1.00,-1.56155,-52.2371
Solar,Solar,Solar,0.0652549,0.0439049,0.89084,0,0,1,3,1.00,-1.74707,-52.4411
Solar,Solar,Solar,0.06306,0.0416416,0.895298,0,0,1,3,1.00,-1.54074,-52.4911
Solar,Solar,Solar,0.0654832,0.0439776,0.890539,0,0,1,3,1.00,-1.75212,-52.4251
Solar,Solar,Solar,0.0634425,0.0421681,0.894389,0,0,1,3,1.00,-1.59088,-52.4916
Solar,Solar,Solar,0.0621941,0.0421041,0.895702,0,0,1,3,1.00,-1.59617,-52.6051
Solar,Solar,Solar,0.0514528,0.0410118,0.907535,0,0,1,3,1.00,-1.60093,-53.6501
Solar,Solar,Solar,0.0635867,0.0404385,0.895975,0,0,1,3,1.00,-1.41059,-52.3568
Solar,Solar,Solar,0.0643793,0.0408419,0.894779,0,0,1,3,1.00,-1.44568,-52.312
Solar,Solar,Solar,0.0649314,0.0437928,0.891276,0,0,1,3,1.00,-1.73902,-52.4632
Solar,Solar,Solar,0.0634868,0.0433573,0.893156,0,0,1,3,1.00,-1.70945,-52.5679
Eólica,Eólica,Hidráulica,0.764015,0.0766104,0.159375,0,0.8,0.2,3,100650.00,-5.12431,-36.3833
Eólica,Hidráulica,Hidráulica,0.0696966,0.918245,0.0120583,0,1,0,3,600.00,-28.3867,-49.5614
Eólica,Eólica,Eólica,0.615635,0.0632851,0.32108,1,0,0,3,25200.00,-4.12556,-38.1503
Eólica,Eólica,Hidráulica,0.541056,0.0848204,0.374124,0,0.8,0.2,3,105000.00,-2.9051,-41.0392
Eólica,Hidráulica,Eólica,0.0470629,0.948087,0.00484973,0.4,0.4,0.2,3,70000.00,-30.0791,-50.1721
Eólica,Hidráulica,Solar,0.383939,0.587226,0.0288354,0,0.2,0.8,3,28050.00,-21.5657,-41.0731
Eólica,Solar,Eólica,0.407028,0.0608925,0.53208,1,0,0,3,18000.00,-2.82625,-41.7071
Eólica,Hidráulica,Hidráulica,0.062211,0.917712,0.0200771,0,1,0,3,9000.00,-26.5839,-51.6876
Eólica,Hidráulica,Hidráulica,0.0476696,0.945465,0.00686555,0.2,0.6,0.2,3,9200.00,-30.458,-50.3906
Eólica,Eólica,Eólica,0.763094,0.0871325,0.149774,0.6,0.2,0.2,3,4950.00,-8.29468,-35.5956
Eólica,Eólica,Eólica,0.762859,0.0868208,0.150321,0.6,0.2,0.2,3,4950.00,-8.26816,-35.5964
Eólica,Hidráulica,Hidráulica,0.0619317,0.920087,0.0179813,0.2,0.6,0.2,3,22500.00,-26.6183,-51.5646
Eólica,Eólica,Eólica,0.765878,0.0637381,0.170384,1,0,0,3,4800.00,-6.58225,-34.9785
Eólica,Eólica,Hidráulica,0.584248,0.0587974,0.356954,0.2,0.8,0,3,4500.00,-4.04306,-38.2969
Eólica,Hidráulica,Eólica,0.0503661,0.942793,0.00684134,0.8,0.2,0,3,27600.00,-29.9445,-50.2516
Eólica,Eólica,Eólica,0.733721,0.0620502,0.204229,1,0,0,3,30000.00,-5.26884,-35.9036
Eólica,Eólica,Eólica,0.560924,0.0593127,0.379763,1,0,0,3,18900.00,-3.54216,-38.8784
Eólica,Eólica,Eólica,0.735694,0.0625987,0.201708,1,0,0,3,28800.00,-5.37436,-35.8683
Eólica,Eólica,Eólica,0.48827,0.346935,0.164795,0.8,0.2,0,3,11200.00,-13.8823,-42.663
Eólica,Eólica,Eólica,0.48797,0.364346,0.147684,0.8,0.2,0,3,20800.00,-14.2017,-42.6183
Eólica,Eólica,Eólica,0.544274,0.0600461,0.39568,1,0,0,3,25200.00,-3.32206,-39.2671
Eólica,Eólica,Eólica,0.536749,0.0615609,0.40169,1,0,0,3,37800.00,-3.06602,-39.5969
Eólica,Eólica,Eólica,0.698475,0.0608259,0.240699,0.8,0.2,0,3,14400.00,-5.08258,-36.4074
Eólica,Hidráulica,Eólica,0.0501618,0.943042,0.0067967,1,0,0,3,29900.00,-29.912,-50.2823
Eólica,Eólica,Eólica,0.683857,0.064372,0.251771,1,0,0,3,23100.00,-4.96398,-36.9147
Eólica,Hidráulica,Eólica,0.047518,0.94637,0.00611172,1,0,0,3,30000.00,-30.3188,-50.3161
Eólica,Hidráulica,Eólica,0.0287117,0.967008,0.00428006,0.6,0.4,0,3,22000.00,-32.2008,-52.2209
Eólica,Eólica,Eólica,0.738145,0.0627267,0.199129,1,0,0,3,30000.00,-5.39192,-35.8331
Eólica,Eólica,Eólica,0.487834,0.368179,0.143987,1,0,0,3,30240.00,-14.0885,-42.6827
Eólica,Eólica,Eólica,0.734501,0.0609122,0.204587,1,0,0,3,27000.00,-5.26223,-35.8145
Eólica,Eólica,Eólica,0.733221,0.0638778,0.202902,0.8,0,0.2,3,32000.00,-5.35964,-35.9987
Eólica,Eólica,Eólica,0.734415,0.0622443,0.20334,1,0,0,3,30000.00,-5.2953,-35.8957
Eólica,Eólica,Eólica,0.724142,0.0737188,0.202139,1,0,0,3,30000.00,-6.02361,-36.472
Eólica,Eólica,Eólica,0.73333,0.0610359,0.205634,1,0,0,3,27000.00,-5.25507,-35.8436
Eólica,Eólica,Eólica,0.727924,0.0604983,0.211578,1,0,0,3,30000.00,-5.0545,-35.9687
Eólica,Eólica,Eólica,0.744361,0.0622139,0.193425,0.6,0.2,0.2,3,6.00,-6.20992,-35.363
Eólica,Eólica,Eólica,0.723858,0.0570279,0.219114,0.8,0.2,0,3,14400.00,-5.09715,-35.752
Eólica,Eólica,Eólica,0.718895,0.0579326,0.223172,0.8,0.2,0,3,14400.00,-5.10719,-35.889
Eólica,Eólica,Eólica,0.47285,0.075479,0.451671,1,0,0,3,27750.00,-3.87953,-41.1534
Eólica,Eólica,Eólica,0.470469,0.075165,0.454366,1,0,0,3,27510.00,-3.85301,-41.1834
Eólica,Eólica,Eólica,0.726703,0.0604902,0.212807,1,0,0,3,16100.00,-5.38981,-35.8463
Eólica,Eólica,Eólica,0.730723,0.0616391,0.207638,0.6,0.2,0.2,3,20700.00,-5.42682,-35.8534
Eólica,Eólica,Eólica,0.562137,0.258431,0.179432,1,0,0,3,29900.00,-11.7965,-41.3934
Eólica,Eólica,Eólica,0.4855,0.37876,0.13574,1,0,0,3,29600.00,-14.4199,-42.6287
Eólica,Hidráulica,Eólica,0.0205715,0.97649,0.0029387,1,0,0,3,30000.00,-33.5517,-53.2273
Eólica,Hidráulica,Eólica,0.0202955,0.976777,0.00292744,1,0,0,3,30000.00,-33.5767,-53.2953
Eólica,Hidráulica,Eólica,0.0202019,0.97271,0.0070879,1,0,0,3,25200.00,-30.7709,-55.6629
Eólica,Eólica,Eólica,0.486901,0.376657,0.136443,1,0,0,3,29600.00,-14.3776,-42.6094
Eólica,Hidráulica,Eólica,0.0196807,0.977447,0.00287182,1,0,0,3,30000.00,-33.6681,-53.4218
Eólica,Hidráulica,Hidráulica,0.0199811,0.977013,0.00300545,0.2,0.8,0,3,24000.00,-33.6565,-53.3936
Eólica,Eólica,Eólica,0.490584,0.367781,0.141635,1,0,0,3,30240.00,-14.1337,-42.6024
Eólica,Eólica,Eólica,0.486863,0.369402,0.143735,1,0,0,3,28560.00,-14.1523,-42.6816
Eólica,Hidráulica,Eólica,0.0200158,0.976936,0.00304787,0.6,0.4,0,3,22000.00,-33.6594,-53.4003
Eólica,Eólica,Eólica,0.736135,0.0639952,0.19987,1,0,0,3,29700.00,-5.47206,-35.9162
Eólica,Hidráulica,Eólica,0.0272836,0.968825,0.00389097,1,0,0,3,29700.00,-32.3689,-52.342
Eólica,Hidráulica,Eólica,0.0276302,0.968266,0.00410427,0.8,0.2,0,3,21600.00,-32.3862,-52.327
Eólica,Eólica,Eólica,0.717585,0.0712927,0.211122,1,0,0,3,20000.00,-6.00427,-36.4353
Eólica,Eólica,Eólica,0.752066,0.0612744,0.18666,1,0,0,3,27000.00,-5.56943,-35.4473
Eólica,Eólica,Eólica,0.752591,0.0614115,0.185997,1,0,0,3,29700.00,-5.52111,-35.469
Eólica,Eólica,Eólica,0.730203,0.0640386,0.205758,1,0,0,3,26000.00,-5.47993,-36.0044
Eólica,Eólica,Hidráulica,0.736931,0.0623078,0.200761,0.4,0.6,0,3,29160.00,-5.36013,-35.8355
Eólica,Hidráulica,Hidráulica,0.0498764,0.943097,0.00702618,0.2,0.6,0.2,3,23000.00,-29.9831,-50.3324
Eólica,Eólica,Solar,0.685181,0.0664392,0.248379,0.4,0,0.6,3,30000.00,-4.96181,-37.0355
Eólica,Eólica,Eólica,0.638179,0.063288,0.298533,0.6,0.4,0,3,12600.00,-4.65656,-37.6123
Eólica,Eólica,Eólica,0.629994,0.0640815,0.305924,1,0,0,3,21000.00,-4.42428,-37.8797
Eólica,Eólica,Eólica,0.72934,0.0632562,0.207404,1,0,0,3,30000.00,-5.30225,-36.0381
Eólica,Eólica,Eólica,0.596224,0.20854,0.195236,1,0,0,3,30000.00,-10.5833,-40.6374
Eólica,Eólica,Eólica,0.599093,0.206604,0.194303,1,0,0,3,30000.00,-10.5567,-40.5687
Eólica,Eólica,Hidráulica,0.780567,0.0813287,0.138104,0,1,0,3,2000.00,-8.33438,-35.0053
Eólica,Hidráulica,Hidráulica,0.154925,0.740354,0.10472,0,1,0,3,156.00,-19.7276,-50.1966
Eólica,Eólica,Eólica,0.572844,0.130891,0.296265,1,0,0,3,29700.00,-7.33011,-40.59
Eólica,Eólica,Eólica,0.55849,0.262069,0.179441,0.8,0,0.2,3,30000.00,-11.8567,-41.4742
Eólica,Eólica,Eólica,0.502904,0.252395,0.2447,1,0,0,3,18000.00,-11.071,-42.6788
Eólica,Eólica,Eólica,0.569037,0.134277,0.296686,1,0,0,3,29600.00,-7.43868,-40.7083
Eólica,Eólica,Eólica,0.568514,0.13372,0.297766,1,0,0,3,29600.00,-7.41035,-40.7109
Eólica,Eólica,Hidráulica,0.485892,0.346201,0.167907,0.4,0.6,0,3,8100.00,-13.8948,-42.7027
Eólica,Eólica,Hidráulica,0.486832,0.359743,0.153425,0,0.8,0.2,3,9000.00,-14.3257,-42.5719
Eólica,Eólica,Eólica,0.484957,0.37657,0.138473,0.4,0.4,0.2,3,21000.00,-14.55,-42.5806
Eólica,Eólica,Eólica,0.567076,0.135439,0.297485,1,0,0,3,28900.00,-7.48598,-40.754
Eólica,Eólica,Hidráulica,0.479845,0.363282,0.156873,0,1,0,3,4000.00,-14.4319,-42.6919
Eólica,Eólica,Eólica,0.485433,0.361189,0.153378,0.8,0.2,0,3,10000.00,-14.3202,-42.6103
Eólica,Eólica,Eólica,0.48219,0.368036,0.149773,0.8,0.2,0,3,10000.00,-14.4815,-42.6409
Eólica,Eólica,Hidráulica,0.49331,0.348877,0.157813,0,1,0,3,8500.00,-14.1082,-42.4746
Eólica,Eólica,Eólica,0.738227,0.111657,0.150116,0.4,0.2,0.4,3,22295.00,-8.89519,-36.7257
Eólica,Hidráulica,Hidráulica,0.0207719,0.975827,0.00340149,0,1,0,3,7160.00,-33.6399,-53.3251
Eólica,Eólica,Eólica,0.47206,0.0735144,0.454425,1,0,0,3,21000.00,-3.92389,-41.0282
Eólica,Eólica,Eólica,0.569857,0.133051,0.297091,1,0,0,3,28900.00,-7.41302,-40.6686
Eólica,Eólica,Eólica,0.465153,0.071528,0.463319,1,0,0,3,16800.00,-3.86612,-41.0382
Eólica,Solar,Hidráulica,0.460044,0.070495,0.469461,0.4,0.6,0,3,10500.00,-3.93213,-41.0266
Eólica,Eólica,Eólica,0.725111,0.0588906,0.215998,1,0,0,3,21000.00,-5.10748,-35.8703
Eólica,Eólica,Eólica,0.73781,0.060902,0.201288,1,0,0,3,28875.00,-5.26372,-35.7638
Eólica,Solar,Hidráulica,0.409262,0.0623726,0.528365,0.2,0.6,0.2,3,23000.00,-2.8166,-41.7822
Eólica,Eólica,Eólica,0.574048,0.194492,0.231461,0.6,0,0.4,3,25850.00,-9.87175,-41.0631
Eólica,Hidráulica,Hidráulica,0.0234686,0.973034,0.00349715,0,1,0,3,21000.00,-33.0839,-52.8376
Eólica,Eólica,Eólica,0.548788,0.220982,0.230229,0.6,0.4,0,3,17500.00,-10.665,-41.6045
Eólica,Eólica,Eólica,0.554237,0.220023,0.225739,0.6,0,0.4,3,20000.00,-10.6402,-41.5076
Eólica,Eólica,Eólica,0.683119,0.0650997,0.251782,1,0,0,3,24000.00,-4.98815,-36.9646
Eólica,Eólica,Eólica,0.554712,0.220213,0.225075,0.6,0,0.4,3,20000.00,-10.6528,-41.4973
Eólica,Eólica,Eólica,0.554211,0.225475,0.220314,1,0,0,3,25000.00,-10.6941,-41.5687
Eólica,Eólica,Hidráulica,0.544076,0.214591,0.241334,0,1,0,3,7500.00,-10.6503,-41.5874
Eólica,Eólica,Eólica,0.573629,0.137912,0.288459,0.8,0.2,0,3,25300.00,-7.74419,-40.6208
Eólica,Eólica,Eólica,0.550095,0.222655,0.22725,0.6,0,0.4,3,20000.00,-10.6734,-41.6047
Eólica,Eólica,Eólica,0.730762,0.0647687,0.204469,1,0,0,3,32900.00,-5.37121,-36.0903
Eólica,Hidráulica,Hidráulica,0.0227316,0.973929,0.00333968,0.2,0.8,0,3,24000.00,-33.1896,-52.9302
Eólica,Hidráulica,Eólica,0.0227281,0.974033,0.00323937,1,0,0,3,30000.00,-33.138,-52.9121
Eólica,Eólica,Eólica,0.503338,0.0579302,0.438731,1,0,0,3,24000.00,-2.92883,-39.8757
Eólica,Eólica,Eólica,0.741478,0.111258,0.147264,1,0,0,3,31365.00,-8.7093,-36.7337
Eólica,Eólica,Eólica,0.740485,0.111623,0.147892,1,0,0,3,31365.00,-8.70989,-36.7628
Eólica,Eólica,Eólica,0.73762,0.0621422,0.200238,1,0,0,3,28200.00,-5.38141,-35.8049
Eólica,Eólica,Eólica,0.546305,0.0603908,0.393305,1,0,0,3,29700.00,-3.24796,-39.2943
Eólica,Eólica,Eólica,0.487468,0.34775,0.164783,0.6,0.4,0,3,13500.00,-13.8351,-42.7038
Eólica,Hidráulica,Eólica,0.0486593,0.94451,0.00683034,1,0,0,3,27800.00,-29.9807,-50.4528
Eólica,Eólica,Eólica,0.734022,0.0659132,0.200065,1,0,0,3,37800.00,-5.38686,-36.1105
Eólica,Eólica,Eólica,0.74591,0.0623911,0.191699,1,0,0,3,42000.00,-5.18127,-35.7806
Eólica,Eólica,Eólica,0.744165,0.0621333,0.193702,1,0,0,3,42000.00,-5.13189,-35.8098
Eólica,Hidráulica,Hidráulica,0.0166982,0.979436,0.00386598,0,0.8,0.2,3,100800.00,-31.0313,-55.9308
Eólica,Hidráulica,Hidráulica,0.0166109,0.97969,0.00369918,0,0.8,0.2,3,105000.00,-31.0752,-55.8863
Eólica,Eólica,Hidráulica,0.733735,0.0559173,0.210348,0.4,0.6,0,3,12400.00,-5.19038,-35.4825
Eólica,Eólica,Eólica,0.505051,0.255381,0.239568,0.6,0,0.4,3,20000.00,-11.135,-42.6535
Eólica,Eólica,Eólica,0.502497,0.252779,0.244724,0.6,0.4,0,3,17500.00,-11.0904,-42.683
Eólica,Eólica,Eólica,0.579643,0.199194,0.221163,1,0,0,3,28000.00,-10.0575,-40.9787
Eólica,Eólica,Eólica,0.580432,0.198319,0.22125,1,0,0,3,28000.00,-10.0369,-40.9586
Eólica,Eólica,Eólica,0.737896,0.113517,0.148586,0.8,0.2,0,3,25300.00,-8.92096,-36.7822
Eólica,Eólica,Eólica,0.490331,0.363397,0.146272,1,0,0,3,18900.00,-14.267,-42.5364
Eólica,Eólica,Hidráulica,0.486509,0.350718,0.162773,0,1,0,3,10800.00,-13.9808,-42.6788
Eólica,Eólica,Eólica,0.747919,0.0803966,0.171684,1,0,0,3,45000.00,-6.51097,-36.2636
Eólica,Eólica,Solar,0.999272,0.000158376,0.000569748,0.2,0,0.8,3,22050.00,0,0
Eólica,Eólica,Eólica,0.99929,0.00016,0.000549674,1,0,0,3,28350.00,0,0
Eólica,Eólica,Eólica,0.56705,0.234365,0.198584,1,0,0,3,28200.00,-11.0955,-41.3057
Eólica,Eólica,Eólica,0.566612,0.234659,0.198729,1,0,0,3,28200.00,-11.0989,-41.3159
Eólica,Eólica,Eólica,0.750455,0.0681684,0.181376,0.4,0.4,0.2,3,60350.00,-5.25687,-36.0575
Eólica,Eólica,Eólica,0.72736,0.0633337,0.209307,1,0,0,3,31950.00,-5.22984,-36.1029
Eólica,Eólica,Eólica,0.753437,0.0728528,0.17371,1,0,0,3,67200.00,-5.49555,-36.1908
Eólica,Eólica,Eólica,0.583394,0.197205,0.219401,1,0,0,3,30000.00,-9.98632,-40.9107
Eólica,Eólica,Eólica,0.496798,0.355745,0.147457,1,0,0,3,36000.00,-13.7069,-42.6001
Eólica,Eólica,Eólica,0.490841,0.0792046,0.429954,1,0,0,3,31500.00,-4.11429,-40.9903
Eólica,Eólica,Eólica,0.545234,0.171887,0.282879,1,0,0,3,31500.00,-8.60018,-41.5908
Eólica,Eólica,Eólica,0.552858,0.173133,0.274009,0.6,0,0.4,3,30000.00,-8.76165,-41.4303
Eólica,Eólica,Eólica,0.557223,0.17932,0.263457,0.8,0.2,0,3,42600.00,-8.70878,-41.5181
Eólica,Eólica,Eólica,0.559876,0.179508,0.260616,1,0,0,3,43500.00,-8.72203,-41.4741
Eólica,Eólica,Eólica,0.57946,0.145431,0.275109,1,0,0,3,29400.00,-8.0065,-40.6378
Eólica,Eólica,Eólica,0.57946,0.145162,0.275378,1,0,0,3,29400.00,-7.99566,-40.6349
Eólica,Eólica,Eólica,0.606846,0.204719,0.188435,1,0,0,3,37800.00,-10.411,-40.4664
Eólica,Eólica,Eólica,0.610411,0.20158,0.18801,1,0,0,3,42000.00,-10.2431,-40.4245
Eólica,Eólica,Eólica,0.583121,0.259123,0.157756,0.6,0.4,0,3,72000.00,-11.1307,-41.2873
Eólica,Eólica,Eólica,0.734395,0.0588355,0.206769,1,0,0,3,22500.00,-5.19891,-35.6916
Eólica,Eólica,Eólica,0.714112,0.0749545,0.210933,1,0,0,3,25200.00,-6.08534,-36.6673
Eólica,Eólica,Eólica,0.545101,0.175128,0.279771,0.6,0,0.4,3,33000.00,-8.6756,-41.6345
Eólica,Eólica,Eólica,0.548206,0.172484,0.27931,0.6,0,0.4,3,33000.00,-8.61366,-41.5514
Eólica,Eólica,Hidráulica,0.527078,0.162629,0.310293,0,0.8,0.2,3,9000.00,-8.66741,-41.6308
Eólica,Eólica,Eólica,0.561372,0.218862,0.219766,1,0,0,3,29700.00,-10.4496,-41.4481
Eólica,Eólica,Eólica,0.551837,0.224721,0.223442,0.8,0,0.2,3,22500.00,-10.701,-41.5951
Eólica,Eólica,Eólica,0.547428,0.218348,0.234224,0.6,0.4,0,3,15000.00,-10.6245,-41.6028
Eólica,Eólica,Eólica,0.725253,0.0600083,0.214739,1,0,0,3,23100.00,-5.15066,-35.9324
Eólica,Eólica,Eólica,0.721119,0.0601294,0.218752,1,0,0,3,21000.00,-5.15606,-35.9994
Eólica,Solar,Eólica,0.372554,0.0637996,0.563647,1,0,0,3,27600.00,-2.65724,-42.6148
Eólica,Solar,Eólica,0.371591,0.0639878,0.564421,1,0,0,3,27600.00,-2.66698,-42.6423
Eólica,Eólica,Eólica,0.746228,0.0714896,0.182282,0.6,0.4,0,3,55800.00,-5.55685,-36.199
Eólica,Eólica,Eólica,0.732415,0.0693997,0.198186,1,0,0,3,37200.00,-5.64743,-36.2469
Eólica,Eólica,Hidráulica,0.70766,0.063753,0.228587,0.2,0.8,0,3,6200.00,-5.64423,-36.2471
Eólica,Eólica,Eólica,0.57134,0.257982,0.170678,1,0,0,3,46200.00,-11.5261,-41.3317
Eólica,Eólica,Eólica,0.559441,0.220105,0.220453,1,0,0,3,29700.00,-10.4654,-41.4935
Eólica,Eólica,Eólica,0.554492,0.210393,0.235114,1,0,0,3,16800.00,-10.4027,-41.4464
Eólica,Eólica,Eólica,0.562028,0.219767,0.218205,1,0,0,3,29700.00,-10.4891,-41.4345
Eólica,Eólica,Eólica,0.556338,0.225631,0.218031,1,0,0,3,33600.00,-10.5094,-41.6117
Eólica,Eólica,Eólica,0.515707,0.254319,0.229974,1,0,0,3,32000.00,-10.93,-42.5371
Eólica,Eólica,Eólica,0.516597,0.255912,0.227491,1,0,0,3,32000.00,-10.9901,-42.5165
Eólica,Eólica,Eólica,0.570075,0.229768,0.200156,1,0,0,3,27300.00,-11.0064,-41.2271
Eólica,Eólica,Eólica,0.727675,0.0652682,0.207057,1,0,0,3,27500.00,-5.50227,-36.1148
Eólica,Eólica,Eólica,0.569827,0.228476,0.201697,1,0,0,3,27300.00,-10.9582,-41.2334
Eólica,Eólica,Eólica,0.514616,0.255635,0.229749,1,0,0,3,32000.00,-10.9563,-42.5622
Eólica,Eólica,Eólica,0.55638,0.266736,0.176884,1,0,0,3,28600.00,-12.0155,-41.4954
Eólica,Eólica,Eólica,0.727413,0.0633335,0.209253,0.8,0.2,0,3,24255.00,-5.42634,-36.0202
Eólica,Eólica,Eólica,0.732508,0.0704542,0.197037,1,0,0,3,33600.00,-5.82018,-36.2378
Eólica,Eólica,Eólica,0.739563,0.0692705,0.191167,1,0,0,3,43400.00,-5.59288,-36.1532
Eólica,Eólica,Hidráulica,0.707562,0.0865012,0.205936,0.4,0.6,0,3,13860.00,-7.0508,-36.9679
Eólica,Eólica,Eólica,0.692764,0.0696883,0.237547,1,0,0,3,37800.00,-5.09804,-37.0781
Eólica,Eólica,Eólica,0.712368,0.0754802,0.212151,0.8,0,0.2,3,58905.00,-5.23984,-37.0755
Eólica,Eólica,Eólica,0.694173,0.0684575,0.237369,1,0,0,3,34650.00,-5.10554,-36.9771
Eólica,Eólica,Hidráulica,0.662649,0.187098,0.150253,0.4,0.6,0,3,12400.00,-11.36,-38.8041
Eólica,Eólica,Eólica,0.483968,0.373318,0.142714,0.6,0.2,0.2,3,21150.00,-14.4127,-42.6498
Eólica,Eólica,Eólica,0.484046,0.371591,0.144362,0.8,0.2,0,3,18800.00,-14.4154,-42.6411
Eólica,Eólica,Eólica,0.481469,0.402232,0.116299,1,0,0,3,45000.00,-14.7923,-42.6013
Eólica,Eólica,Eólica,0.481293,0.402943,0.115764,1,0,0,3,45000.00,-14.8151,-42.5962
Eólica,Eólica,Eólica,0.582187,0.259867,0.157946,0.6,0.4,0,3,72000.00,-11.1399,-41.3085
Eólica,Eólica,Eólica,0.734725,0.068258,0.197017,1,0,0,3,33600.00,-5.68754,-36.1244
Eólica,Eólica,Eólica,0.732213,0.0712232,0.196564,1,0,0,3,33600.00,-5.87318,-36.2663
Eólica,Solar,Eólica,0.373057,0.0637235,0.563219,1,0,0,3,27000.00,-2.66897,-42.595
Eólica,Eólica,Hidráulica,0.733948,0.0559665,0.210085,0.2,0.8,0,3,10650.00,-5.24239,-35.4615
Eólica,Eólica,Hidráulica,0.738724,0.0570065,0.204269,0.4,0.6,0,3,17750.00,-5.22485,-35.4789
Eólica,Hidráulica,Eólica,0.0214434,0.975864,0.00269312,0.6,0.4,0,3,55800.00,-33.1462,-53.0232
Eólica,Hidráulica,Eólica,0.0219376,0.975007,0.00305551,1,0,0,3,37200.00,-33.1808,-53.0358
Eólica,Eólica,Eólica,0.529701,0.262735,0.207564,0.8,0.2,0,3,28500.00,-11.4691,-42.1658
Eólica,Eólica,Eólica,0.53682,0.273964,0.189216,1,0,0,3,45600.00,-11.5006,-42.1453
Eólica,Eólica,Eólica,0.534546,0.268298,0.197156,1,0,0,3,39900.00,-11.4275,-42.1579
Eólica,Eólica,Eólica,0.518667,0.288576,0.192758,1,0,0,3,42000.00,-11.7735,-42.5122
Eólica,Eólica,Eólica,0.517143,0.290561,0.192296,1,0,0,3,42000.00,-11.8121,-42.5433
Eólica,Eólica,Eólica,0.517068,0.291133,0.191799,1,0,0,3,42000.00,-11.8289,-42.5431
Eólica,Eólica,Eólica,0.555607,0.188702,0.25569,1,0,0,3,45600.00,-8.94364,-41.6394
Eólica,Eólica,Eólica,0.585625,0.143817,0.270557,1,0,0,3,45600.00,-7.5947,-40.6697
Eólica,Eólica,Eólica,0.544789,0.198944,0.256268,0.6,0.4,0,3,0.16,-10.3301,-41.4347
Eólica,Eólica,Eólica,0.763904,0.0723761,0.16372,1,0,0,3,63000.00,-5.75918,-35.8862
Eólica,Solar,Eólica,0.383495,0.0665578,0.549947,1,0,0,3,35100.00,-2.69809,-42.5892
Eólica,Solar,Eólica,0.384436,0.0665584,0.549006,1,0,0,3,35100.00,-2.70176,-42.5705
Eólica,Eólica,Eólica,0.736236,0.0699838,0.193781,1,0,0,3,46200.00,-5.52282,-36.2767
Eólica,Eólica,Eólica,0.562663,0.232931,0.204407,0.8,0,0.2,3,21200.00,-11.1594,-41.3361
Eólica,Eólica,Eólica,0.999347,0.000165574,0.00048731,1,0,0,3,49500.00,0,0
Eólica,Eólica,Eólica,0.493522,0.372715,0.133763,1,0,0,3,37800.00,-14.1799,-42.533
Eólica,Eólica,Eólica,0.740909,0.0699596,0.189131,1,0,0,3,42000.00,-5.70306,-36.1287
Eólica,Eólica,Eólica,0.540283,0.0599575,0.39976,1,0,0,3,25200.00,-3.28824,-39.3328
Eólica,Eólica,Eólica,0.546682,0.0614408,0.391878,1,0,0,3,29400.00,-3.33804,-39.3294
Eólica,Eólica,Eólica,0.739094,0.0684521,0.192454,0.8,0,0.2,3,49500.00,-5.36713,-36.2038
Eólica,Eólica,Eólica,0.731627,0.0909008,0.177472,1,0,0,3,40600.00,-7.03776,-36.8048
Eólica,Eólica,Eólica,0.74838,0.0598671,0.191753,1,0,0,3,31500.00,-5.27455,-35.5262
Eólica,Eólica,Eólica,0.485439,0.393783,0.120778,1,0,0,3,43400.00,-14.6142,-42.5758
Eólica,Eólica,Eólica,0.70306,0.140147,0.156793,0.8,0,0.2,3,49500.00,-9.03646,-38.0999
Eólica,Eólica,Hidráulica,0.547506,0.292368,0.160126,0.2,0.6,0.2,3,79800.00,-11.4325,-42.1374
Eólica,Eólica,Eólica,0.567267,0.238647,0.194086,0.8,0,0.2,3,47300.00,-10.7594,-41.4984
Eólica,Eólica,Eólica,0.566323,0.235737,0.197941,0.8,0,0.2,3,43000.00,-10.7548,-41.4788
Eólica,Eólica,Eólica,0.49541,0.341828,0.162762,0.6,0.4,0,3,18000.00,-13.6772,-42.5732
Eólica,Eólica,Eólica,0.555097,0.253712,0.191191,0.6,0,0.4,3,47700.00,-11.0689,-41.7714
Eólica,Eólica,Solar,0.750444,0.0793698,0.170186,0.2,0.2,0.6,3,23600.00,-7.02845,-35.9547
Eólica,Eólica,Eólica,0.758156,0.0744681,0.167376,0.8,0.2,0,3,64900.00,-5.7617,-36.0959
Eólica,Eólica,Eólica,0.553306,0.222112,0.224582,1,0,0,3,29400.00,-10.4584,-41.6315
Eólica,Eólica,Eólica,0.552066,0.224657,0.223277,1,0,0,3,29400.00,-10.5264,-41.663
Eólica,Eólica,Eólica,0.999315,0.00016231,0.000522662,1,0,0,3,37200.00,0,0
Eólica,Eólica,Eólica,0.999349,0.000165816,0.000484819,1,0,0,3,50400.00,0,0
Eólica,Eólica,Eólica,0.999349,0.000165816,0.000484819,1,0,0,3,50400.00,0,0
Eólica,Eólica,Eólica,0.724578,0.082837,0.192585,0.8,0,0.2,3,27000.00,-6.73954,-36.6576
Eólica,Eólica,Eólica,0.719503,0.082973,0.197524,1,0,0,3,22500.00,-6.78309,-36.7241
Eólica,Eólica,Eólica,0.718455,0.0815583,0.199987,1,0,0,3,18000.00,-6.78706,-36.6665
Eólica,Solar,Eólica,0.439882,0.0696512,0.490467,1,0,0,3,49600.00,-2.78062,-41.7812
Eólica,Solar,Eólica,0.441332,0.0699509,0.488717,1,0,0,3,49600.00,-2.80738,-41.7656
Eólica,Solar,Eólica,0.439938,0.07024,0.489822,1,0,0,3,49600.00,-2.81954,-41.8024
Eólica,Eólica,Eólica,0.549992,0.202857,0.247151,1,0,0,3,50400.00,-9.2399,-41.8749
Eólica,Eólica,Eólica,0.548886,0.203183,0.247931,1,0,0,3,50400.00,-9.2378,-41.8999
Eólica,Eólica,Eólica,0.547628,0.20387,0.248502,1,0,0,3,50400.00,-9.24603,-41.9296
Eólica,Eólica,Eólica,0.764025,0.0747919,0.161184,1,0,0,3,45000.00,-6.40366,-35.7512
Eólica,Eólica,Eólica,0.747725,0.0740253,0.17825,0.8,0,0.2,3,59000.00,-5.69116,-36.266
Eólica,Eólica,Eólica,0.578561,0.149599,0.271839,1,0,0,3,36000.00,-7.99574,-40.7697
Hidráulica,Hidráulica,Eólica,0.145825,0.829763,0.0244129,1,0,0,3,40400.00,-24.0232,-47.3558
Hidráulica,Hidráulica,Eólica,0.374776,0.578762,0.0464624,0.8,0.2,0,3,21600.00,-20.1176,-42.3968
Hidráulica,Hidráulica,Solar,0.263845,0.699257,0.0368974,0.2,0,0.8,3,46000.00,-21.3253,-44.6159
Hidráulica,Hidráulica,Hidráulica,0.100445,0.870984,0.0285708,0.2,0.8,0,3,82500.00,-22.9411,-50.5172
Hidráulica,Hidráulica,Hidráulica,0.00492299,0.995077,1.29045e-07,0,1,0,3,1676000.00,-26.0098,-51.666
Hidráulica,Hidráulica,Hidráulica,0.148546,0.826409,0.025045,0.2,0.4,0.4,3,36400.00,-24.0088,-47.2645
Hidráulica,Hidráulica,Hidráulica,0.0822062,0.904071,0.0137229,0.2,0.8,0,3,8920.00,-27.5486,-49.0063
Hidráulica,Hidráulica,Hidráulica,0.332049,0.643142,0.0248089,0,0.8,0.2,3,140000.00,-19.7083,-42.96
Hidráulica,Hidráulica,Hidráulica,0.132502,0.842422,0.0250765,0,0.8,0.2,3,131490.00,-21.7592,-48.9906
Hidráulica,Hidráulica,Hidráulica,0.342779,0.648917,0.00830444,0,1,0,3,399000.00,-16.7381,-42.5747
Hidráulica,Hidráulica,Hidráulica,6.20573e-07,0.999999,2.10942e-24,0,1,0,3,7000000.00,-25.4083,-54.5874
Hidráulica,Hidráulica,Eólica,0.148661,0.826857,0.0244829,0.6,0.2,0.2,3,55000.00,-23.612,-47.3972
Hidráulica,Hidráulica,Hidráulica,0.0285376,0.968186,0.00327622,0,1,0,3,180000.00,-29.0728,-53.2081
Hidráulica,Hidráulica,Hidráulica,0.0598491,0.737602,0.202549,0,1,0,3,121500.00,-15.2356,-58.7278
Hidráulica,Hidráulica,Eólica,0.0654157,0.603633,0.330951,0.8,0.2,0,3,42000.00,-14.7402,-58.1032
Hidráulica,Hidráulica,Hidráulica,0.011789,0.98821,1.31835e-06,0,1,0,3,1551200.00,-20.7758,-51.6267
Hidráulica,Hidráulica,Hidráulica,0.188362,0.809467,0.00217096,0,1,0,3,902500.00,-9.75736,-48.372
Hidráulica,Hidráulica,Hidráulica,0.0926203,0.794895,0.112485,0,1,0,3,210000.00,-14.8712,-55.7853
Hidráulica,Hidráulica,Hidráulica,0.22187,0.715166,0.0629633,0,1,0,3,7360.00,-20.7824,-46.7224
Hidráulica,Hidráulica,Hidráulica,0.0748192,0.886018,0.0391633,0,1,0,3,8200.00,-24.105,-52.3301
Hidráulica,Hidráulica,Hidráulica,0.127197,0.869649,0.00315382,0,1,0,3,510000.00,-19.1296,-47.697
Hidráulica,Hidráulica,Eólica,0.121893,0.842207,0.0359001,1,0,0,3,31500.00,-23.1877,-49.3845
Hidráulica,Hidráulica,Eólica,0.0636548,0.923225,0.0131201,1,0,0,3,30000.00,-27.4578,-50.6397
Hidráulica,Hidráulica,Eólica,0.146153,0.827483,0.0263638,0.8,0.2,0,3,28400.00,-24.0618,-47.4164
Hidráulica,Hidráulica,Hidráulica,0.105184,0.883152,0.0116648,0,1,0,3,264000.00,-21.2961,-49.7831
Hidráulica,Hidráulica,Hidráulica,0.207457,0.634189,0.158354,0,1,0,3,4000.00,-17.3882,-49.2172
Hidráulica,Hidráulica,Hidráulica,0.0508496,0.944038,0.00511204,0,1,0,3,354000.00,-22.6,-52.8694
Hidráulica,Hidráulica,Hidráulica,0.355388,0.607282,0.0373303,0.2,0.6,0.2,3,78000.00,-19.6462,-42.8502
Hidráulica,Hidráulica,Hidráulica,0.109648,0.860572,0.0297804,0.2,0.4,0.4,3,73800.00,-22.9039,-49.998
Hidráulica,Hidráulica,Hidráulica,0.392036,0.55832,0.0496437,0,1,0,3,1416.00,-20.2274,-41.9956
Hidráulica,Hidráulica,Hidráulica,0.382022,0.617521,0.000457722,0,1,0,3,1050300.00,-9.43024,-40.8272
Hidráulica,Hidráulica,Eólica,0.441502,0.522805,0.035693,1,0,0,3,35337.00,-20.0832,-40.577
Hidráulica,Hidráulica,Hidráulica,0.417334,0.516346,0.0663199,0,1,0,3,8500.00,-18.719,-42.2629
Hidráulica,Hidráulica,Hidráulica,0.029307,0.966266,0.00442751,0,1,0,3,125000.00,-29.4491,-53.285
Hidráulica,Eólica,Hidráulica,0.584795,0.413388,0.00181677,0,1,0,3,794200.00,-9.39605,-38.2019
Hidráulica,Solar,Hidráulica,0.0463254,0.473464,0.48021,0.2,0.4,0.4,3,73500.00,-11.9957,-60.6968
Hidráulica,Hidráulica,Hidráulica,0.0204566,0.979439,0.000104423,0,1,0,3,690000.00,-27.7803,-51.1919
Hidráulica,Hidráulica,Hidráulica,0.36622,0.568379,0.0654002,0.2,0.8,0,3,2408.00,-19.4233,-43.2008
Hidráulica,Hidráulica,Hidráulica,0.20737,0.760102,0.0325277,0,1,0,3,212580.00,-18.046,-47.6749
Hidráulica,Hidráulica,Hidráulica,0.0562899,0.932084,0.0116259,0,1,0,3,120168.00,-25.7034,-52.002
Hidráulica,Hidráulica,Hidráulica,0.0444329,0.944685,0.0108823,0.2,0.4,0.4,3,74000.00,-27.346,-52.7316
Hidráulica,Hidráulica,Hidráulica,0.061533,0.934222,0.00424488,0,1,0,3,191890.00,-27.1359,-49.5183
Hidráulica,Eólica,Hidráulica,0.658943,0.284856,0.0562005,0,1,0,3,160000.00,-12.5835,-38.998
Hidráulica,Hidráulica,Hidráulica,0.140839,0.791189,0.0679719,0.2,0.8,0,3,93000.00,-19.1427,-50.7539
Hidráulica,Hidráulica,Eólica,0.0662903,0.911987,0.021723,1,0,0,3,37042.00,-25.5328,-51.8156
Hidráulica,Hidráulica,Hidráulica,0.224872,0.771194,0.00393381,0,1,0,3,333700.00,-21.9207,-42.7931
Hidráulica,Hidráulica,Hidráulica,0.000312973,0.999687,2.18488e-11,0,1,0,3,3568000.00,-8.79669,-63.9522
Hidráulica,Hidráulica,Hidráulica,0.0148112,0.985184,4.99615e-06,0,1,0,3,1819800.00,-9.35151,-56.778
Hidráulica,Hidráulica,Solar,0.0456245,0.946424,0.00795182,0.2,0,0.8,3,49365.00,-28.9925,-51.4708
Hidráulica,Hidráulica,Hidráulica,0.326058,0.613588,0.0603537,0,1,0,3,1400.00,-20.1248,-43.8702
Hidráulica,Hidráulica,Hidráulica,0.324999,0.614712,0.060289,0,1,0,3,1440.00,-20.1375,-43.8919
Hidráulica,Hidráulica,Hidráulica,0.395743,0.562025,0.0422318,0,1,0,3,2056.00,-20.7636,-41.5286
Hidráulica,Hidráulica,Hidráulica,0.170085,0.793918,0.0359964,0,0.6,0.4,3,30000.00,-22.699,-47.2842
Hidráulica,Hidráulica,Hidráulica,0.0951802,0.865485,0.0393348,0,1,0,3,10000.00,-23.7497,-50.9079
Hidráulica,Hidráulica,Hidráulica,0.271436,0.690139,0.0384245,0,1,0,3,5149.17,-22.1533,-44.0904
Hidráulica,Hidráulica,Hidráulica,0.0767649,0.896125,0.0271098,0,1,0,3,24000.00,-24.9411,-51.3842
Hidráulica,Hidráulica,Hidráulica,0.0918957,0.465871,0.442234,0,0.8,0.2,3,28000.00,-12.7932,-56.008
Hidráulica,Hidráulica,Hidráulica,0.354235,0.575115,0.0706498,0,1,0,3,5600.00,-19.1636,-43.6713
Hidráulica,Hidráulica,Hidráulica,0.0420678,0.945194,0.0127379,0,1,0,3,3340.00,-28.6718,-52.7262
Hidráulica,Hidráulica,Hidráulica,0.205763,0.728542,0.0656953,0,0.8,0.2,3,5040.00,-20.8399,-47.3022
Hidráulica,Hidráulica,Hidráulica,0.37974,0.580556,0.0397044,0,1,0,3,4500.00,-21.0725,-41.7218
Hidráulica,Hidráulica,Hidráulica,0.0551091,0.920703,0.024188,0.4,0.6,0,3,29072.00,-25.5728,-53.1129
Hidráulica,Eólica,Hidráulica,0.513546,0.370785,0.115669,0,1,0,3,1720.00,-15.5225,-41.5111
Hidráulica,Hidráulica,Eólica,0.0545122,0.936269,0.00921932,0.8,0.2,0,3,30000.00,-28.8064,-50.613
Hidráulica,Hidráulica,Hidráulica,0.226051,0.734807,0.0391418,0,1,0,3,3340.00,-22.5477,-45.3618
Hidráulica,Hidráulica,Hidráulica,0.0554421,0.92361,0.0209484,0.2,0.8,0,3,1800.00,-26.7484,-52.4076
Hidráulica,Eólica,Eólica,0.397573,0.354397,0.24803,0.8,0,0.2,3,25000.00,-12.4408,-45.1656
Hidráulica,Hidráulica,Hidráulica,0.0539309,0.926164,0.0199051,0,1,0,3,8200.00,-26.7882,-52.5036
Hidráulica,Hidráulica,Hidráulica,0.219175,0.742541,0.0382835,0,1,0,3,6820.00,-22.6008,-45.5475
Hidráulica,Hidráulica,Hidráulica,0.405708,0.556745,0.0375468,0.2,0.6,0.2,3,25000.00,-20.5081,-41.2808
Hidráulica,Hidráulica,Hidráulica,0.0572145,0.924568,0.018217,0.4,0.6,0,3,11500.00,-26.9405,-51.953
Hidráulica,Hidráulica,Hidráulica,0.219365,0.548866,0.231769,0,1,0,3,3010.00,-15.5165,-49.4852
Hidráulica,Hidráulica,Hidráulica,0.1929,0.765646,0.0414536,0,1,0,3,19000.00,-22.2604,-46.7189
Hidráulica,Hidráulica,Eólica,0.0576562,0.600919,0.341424,0.6,0,0.4,3,26000.00,-15.1301,-58.7298
Hidráulica,Hidráulica,Solar,0.0516823,0.558566,0.389752,0,0.2,0.8,3,27000.00,-14.4573,-59.5075
Hidráulica,Hidráulica,Hidráulica,0.0342983,0.950969,0.0147325,0,1,0,3,1118.00,-28.4423,-54.2893
Hidráulica,Hidráulica,Eólica,0.109321,0.766198,0.124481,0.8,0.2,0,3,21600.00,-19.0412,-52.9999
Hidráulica,Hidráulica,Hidráulica,0.400496,0.536624,0.0628799,0,1,0,3,14000.00,-18.9473,-42.5293
Hidráulica,Hidráulica,Hidráulica,0.0458509,0.944089,0.0100599,0.2,0.8,0,3,19500.00,-28.9628,-51.7577
Hidráulica,Hidráulica,Hidráulica,0.0419052,0.941117,0.0169775,0.2,0.6,0.2,3,9200.00,-27.5611,-53.5789
Hidráulica,Hidráulica,Solar,0.394555,0.56847,0.036975,0.2,0.2,0.6,3,27000.00,-20.6167,-41.4833
Hidráulica,Hidráulica,Hidráulica,0.057178,0.599523,0.343299,0,1,0,3,19000.00,-15.2873,-58.7112
Hidráulica,Hidráulica,Hidráulica,0.39064,0.573349,0.0360114,0,0.8,0.2,3,29000.00,-20.6963,-41.5158
Hidráulica,Hidráulica,Eólica,0.344225,0.419035,0.23674,0.4,0.4,0.2,3,24660.00,-13.4122,-46.3692
Hidráulica,Hidráulica,Hidráulica,0.396803,0.536615,0.0665816,0,1,0,3,9000.00,-18.8936,-42.685
Hidráulica,Hidráulica,Hidráulica,0.163471,0.644007,0.192521,0,1,0,3,30000.00,-16.3427,-51.439
Hidráulica,Hidráulica,Solar,0.289639,0.559141,0.151221,0.2,0,0.8,3,26000.00,-16.1864,-47.0281
Hidráulica,Hidráulica,Solar,0.0479092,0.942441,0.00964929,0.4,0,0.6,3,26000.00,-28.8914,-51.4559
Hidráulica,Hidráulica,Hidráulica,0.383713,0.551337,0.0649502,0.2,0.8,0,3,12000.00,-19.0382,-42.9238
Hidráulica,Hidráulica,Hidráulica,0.0550814,0.910351,0.0345678,0,1,0,3,14000.00,-24.7331,-53.8928
Hidráulica,Hidráulica,Hidráulica,0.111266,0.780085,0.108649,0,0.8,0.2,3,30000.00,-19.3354,-52.6721
Hidráulica,Hidráulica,Hidráulica,0.0925273,0.625508,0.281964,0,1,0,3,18000.00,-15.7394,-55.5296
Hidráulica,Solar,Hidráulica,0.0574771,0.463737,0.478785,0,1,0,3,30000.00,-12.8486,-58.9261
Hidráulica,Solar,Hidráulica,0.0552505,0.466507,0.478242,0,1,0,3,16000.00,-13.2656,-59.0194
Hidráulica,Solar,Hidráulica,0.0305268,0.344053,0.62542,0,1,0,3,3600.00,-11.9312,-62.104
Hidráulica,Hidráulica,Hidráulica,0.0783536,0.890496,0.0311509,0,1,0,3,14000.00,-24.6946,-51.5193
Hidráulica,Hidráulica,Eólica,0.0401005,0.94372,0.0161795,1,0,0,3,16750.00,-27.5754,-53.7891
Hidráulica,Hidráulica,Hidráulica,0.0461141,0.943552,0.0103337,0,1,0,3,24000.00,-28.7528,-51.8439
Hidráulica,Hidráulica,Hidráulica,0.0580113,0.924414,0.0175746,0,0.8,0.2,3,25000.00,-26.7033,-51.9186
Hidráulica,Hidráulica,Hidráulica,0.163456,0.648187,0.188356,0,1,0,3,30000.00,-16.4415,-51.3997
Hidráulica,Hidráulica,Hidráulica,0.168122,0.80008,0.0317979,0,1,0,3,18000.00,-23.4544,-46.9097
Hidráulica,Hidráulica,Hidráulica,0.347825,0.60791,0.0442645,0,0.8,0.2,3,29000.00,-20.3531,-42.9206
Hidráulica,Hidráulica,Hidráulica,0.0962047,0.803044,0.100752,0,1,0,3,28000.00,-19.8744,-53.3686
Hidráulica,Solar,Hidráulica,0.0240983,0.251997,0.723905,0,0.8,0.2,3,17000.00,-10.0203,-63.0603
Hidráulica,Eólica,Hidráulica,0.768987,0.089092,0.141921,0,1,0,3,6500.00,-8.51806,-35.4886
Hidráulica,Hidráulica,Hidráulica,0.0910016,0.857185,0.0518132,0,1,0,3,4200.00,-22.9864,-51.8244
Hidráulica,Hidráulica,Hidráulica,0.165985,0.80307,0.0309448,0,0.8,0.2,3,25024.00,-23.3913,-46.995
Hidráulica,Solar,Hidráulica,0.0741734,0.321148,0.604678,0,1,0,3,30000.00,-10.3549,-56.9857
Hidráulica,Solar,Solar,0.0734885,0.31547,0.611042,0,0.2,0.8,3,27000.00,-10.3308,-56.9817
Hidráulica,Hidráulica,Eólica,0.251233,0.716468,0.0322992,0.6,0.4,0,3,11155.00,-22.791,-44.2392
Hidráulica,Hidráulica,Hidráulica,0.0426406,0.939807,0.0175528,0,1,0,3,8806.00,-27.4412,-53.5612
Hidráulica,Hidráulica,Hidráulica,0.0698859,0.910159,0.0199556,0,1,0,3,10000.00,-26.4485,-50.9886
Hidráulica,Hidráulica,Hidráulica,0.0687266,0.530205,0.401068,0.4,0.6,0,3,10500.00,-14.3329,-57.6161
Hidráulica,Hidráulica,Hidráulica,0.0538824,0.926998,0.0191193,0.2,0.8,0,3,6075.00,-26.9794,-52.3794
Hidráulica,Hidráulica,Hidráulica,0.40887,0.551612,0.0395176,0,1,0,3,3800.00,-20.8342,-41.1225
Hidráulica,Hidráulica,Hidráulica,0.132272,0.748943,0.118784,0,1,0,3,30000.00,-18.731,-51.7984
Hidráulica,Hidráulica,Hidráulica,0.0563735,0.923161,0.0204653,0,1,0,3,12060.00,-26.5486,-52.3558
Hidráulica,Hidráulica,Hidráulica,0.0643731,0.910195,0.0254317,0,1,0,3,19008.00,-25.4881,-52.2156
Hidráulica,Hidráulica,Eólica,0.0439291,0.941148,0.0149229,0.8,0.2,0,3,25406.91,-27.5353,-53.1292
Hidráulica,Hidráulica,Hidráulica,0.0703423,0.487292,0.442366,0.4,0.6,0,3,21800.00,-13.3555,-57.6139
Hidráulica,Hidráulica,Hidráulica,0.0584315,0.930178,0.0113903,0.2,0.8,0,3,19499.00,-28.2924,-50.6582
Hidráulica,Hidráulica,Hidráulica,0.0870604,0.493372,0.419568,0,1,0,3,14000.00,-13.6036,-56.2003
Hidráulica,Hidráulica,Hidráulica,0.0647116,0.922707,0.0125816,0,1,0,3,5600.00,-28.2007,-50.1708
Hidráulica,Hidráulica,Hidráulica,0.0338988,0.952193,0.0139082,0.2,0.8,0,3,10000.00,-28.4211,-54.298
Hidráulica,Hidráulica,Hidráulica,0.0903248,0.890298,0.0193769,0,1,0,3,5700.00,-26.3524,-49.3231
Hidráulica,Hidráulica,Hidráulica,0.0615879,0.914534,0.0238779,0,1,0,3,10000.00,-25.9811,-52.217
Hidráulica,Hidráulica,Eólica,0.236517,0.722441,0.0410417,1,0,0,3,29900.00,-21.6086,-45.4611
Hidráulica,Hidráulica,Hidráulica,0.0667961,0.900063,0.0331414,0,1,0,3,10000.00,-24.7679,-52.5941
Hidráulica,Hidráulica,Hidráulica,0.0566053,0.923232,0.0201628,0,1,0,3,13050.00,-26.5694,-52.3025
Hidráulica,Hidráulica,Hidráulica,0.055374,0.919531,0.0250952,0,1,0,3,5600.00,-26.0392,-52.9328
Hidráulica,Hidráulica,Hidráulica,0.0908652,0.456962,0.452173,0.4,0.6,0,3,24000.00,-12.7514,-56.0324
Hidráulica,Hidráulica,Hidráulica,0.141158,0.734873,0.123969,0,1,0,3,24000.00,-18.611,-51.4202
Hidráulica,Hidráulica,Eólica,0.0528749,0.487533,0.459592,0.6,0.2,0.2,3,25000.00,-13.3856,-59.3924
Hidráulica,Hidráulica,Hidráulica,0.100804,0.871799,0.0273974,0,1,0,3,8000.00,-24.9753,-49.5956
Hidráulica,Hidráulica,Hidráulica,0.108968,0.859187,0.0318442,0,1,0,3,18150.00,-24.0971,-49.6209
Hidráulica,Hidráulica,Hidráulica,0.11029,0.855787,0.033923,0,0.8,0.2,3,9900.00,-24.0722,-49.6242
Hidráulica,Hidráulica,Hidráulica,0.0512373,0.927776,0.020987,0,1,0,3,4500.00,-26.7573,-52.9078
Hidráulica,Hidráulica,Hidráulica,0.0544857,0.926668,0.018846,0,1,0,3,8500.00,-26.9546,-52.301
Hidráulica,Hidráulica,Hidráulica,0.0629004,0.901967,0.0351331,0,0.8,0.2,3,9850.00,-24.6376,-53.1026
Hidráulica,Hidráulica,Hidráulica,0.336176,0.337229,0.326596,0,1,0,3,5500.00,-11.9636,-46.5202
Hidráulica,Hidráulica,Hidráulica,0.0832116,0.901299,0.0154889,0.2,0.6,0.2,3,22500.00,-26.7815,-49.4004
Hidráulica,Hidráulica,Hidráulica,0.0515297,0.936498,0.0119722,0,1,0,3,7300.00,-28.57,-51.4067
Hidráulica,Hidráulica,Hidráulica,0.0642786,0.923557,0.0121649,0.4,0.6,0,3,11500.00,-28.1709,-50.1831
Hidráulica,Hidráulica,Hidráulica,0.0652345,0.922474,0.012291,0.4,0.6,0,3,10500.00,-28.1454,-50.1122
Hidráulica,Hidráulica,Eólica,0.0502767,0.939487,0.0102364,1,0,0,3,27270.00,-28.6118,-51.3435
Hidráulica,Hidráulica,Hidráulica,0.0566219,0.927854,0.0155245,0,1,0,3,17000.00,-27.3509,-51.6469
Hidráulica,Hidráulica,Hidráulica,0.097593,0.632747,0.26966,0,1,0,3,6500.00,-16.1825,-55.015
Hidráulica,Hidráulica,Hidráulica,0.055073,0.92569,0.0192374,0,1,0,3,5700.00,-26.9448,-52.2624
Hidráulica,Hidráulica,Hidráulica,0.0419354,0.940822,0.0172421,0.2,0.8,0,3,6000.00,-27.5897,-53.5819
Hidráulica,Hidráulica,Hidráulica,0.116267,0.731282,0.152451,0,1,0,3,10000.00,-18.4252,-52.9333
Hidráulica,Hidráulica,Hidráulica,0.0547937,0.929693,0.0155129,0,1,0,3,7500.00,-27.6303,-51.7386
Hidráulica,Hidráulica,Hidráulica,0.0745219,0.908478,0.017,0,1,0,3,5280.00,-27.0363,-50.1283
Hidráulica,Solar,Hidráulica,0.030988,0.346742,0.62227,0,0.6,0.4,3,5000.00,-11.9319,-62.0425
Hidráulica,Hidráulica,Hidráulica,0.0512196,0.93409,0.0146902,0,1,0,3,800.00,-28.0554,-51.921
Hidráulica,Hidráulica,Hidráulica,0.077641,0.522509,0.39985,0,1,0,3,4050.00,-14.3462,-56.7949
Hidráulica,Hidráulica,Hidráulica,0.292708,0.657417,0.0498749,0,1,0,3,4194.40,-21.0556,-44.2094
Hidráulica,Hidráulica,Hidráulica,0.0497657,0.51451,0.435725,0,1,0,3,154.00,-14.4653,-59.4947
Hidráulica,Hidráulica,Hidráulica,0.0674631,0.913158,0.0193794,0,1,0,3,200.00,-26.837,-51.0176
Hidráulica,Hidráulica,Hidráulica,0.0572566,0.925783,0.01696,0,1,0,3,403.20,-27.4632,-51.6407
Hidráulica,Hidráulica,Hidráulica,0.320709,0.635819,0.0434723,0,1,0,3,4040.00,-21.2994,-43.2086
Hidráulica,Hidráulica,Hidráulica,0.036384,0.951773,0.0118432,0,1,0,3,720.00,-29.1267,-53.3549
Hidráulica,Hidráulica,Hidráulica,0.294372,0.631376,0.074252,0,1,0,3,1569.99,-19.6395,-45.109
Hidráulica,Hidráulica,Hidráulica,0.258178,0.59721,0.144613,0,1,0,3,3193.60,-17.28,-47.5242
Hidráulica,Hidráulica,Hidráulica,0.148674,0.801906,0.0494199,0,1,0,3,1680.00,-22.5269,-48.6486
Hidráulica,Hidráulica,Hidráulica,0.230361,0.728418,0.0412219,0,1,0,3,1610.00,-22.3694,-45.3494
Hidráulica,Hidráulica,Hidráulica,0.329873,0.628709,0.0414188,0,1,0,3,640.00,-21.4758,-42.8452
Hidráulica,Hidráulica,Hidráulica,0.0633643,0.89811,0.0385257,0,1,0,3,998.00,-24.5352,-53.2043
Hidráulica,Hidráulica,Eólica,0.106004,0.869863,0.0241332,0.6,0.4,0,3,4800.00,-25.4242,-48.9211
Hidráulica,Hidráulica,Hidráulica,0.102665,0.867993,0.0293414,0,1,0,3,1200.00,-24.8892,-49.5916
Hidráulica,Hidráulica,Hidráulica,0.0526951,0.937196,0.0101085,0,0.8,0.2,3,1100.00,-29.2701,-50.7546
Hidráulica,Hidráulica,Hidráulica,0.220394,0.665176,0.11443,0,1,0,3,800.00,-18.6871,-48.0967
Hidráulica,Hidráulica,Hidráulica,0.154739,0.81202,0.0332408,0,1,0,3,416.50,-23.8849,-47.3651
Hidráulica,Hidráulica,Hidráulica,0.0390862,0.946528,0.0143863,0,1,0,3,975.00,-28.3973,-53.4585
Hidráulica,Hidráulica,Hidráulica,0.0600099,0.922145,0.0178447,0,1,0,3,1710.00,-27.2074,-51.5112
Hidráulica,Hidráulica,Hidráulica,0.068003,0.910414,0.0215827,0,1,0,3,93.50,-26.4658,-51.2544
Hidráulica,Hidráulica,Hidráulica,0.194588,0.773018,0.0323938,0,1,0,3,1000.00,-23.5633,-45.8364
Hidráulica,Hidráulica,Hidráulica,0.126166,0.839726,0.0341086,0.2,0.6,0.2,3,2092.00,-24.0639,-48.7267
Hidráulica,Hidráulica,Hidráulica,0.0708365,0.907272,0.0218916,0,1,0,3,999.50,-26.348,-51.0578
Hidráulica,Hidráulica,Hidráulica,0.0818527,0.8894,0.0287476,0,1,0,3,4191.52,-25.1677,-50.9423
Hidráulica,Hidráulica,Hidráulica,0.168853,0.775157,0.0559903,0,1,0,3,999.00,-21.8881,-48.1474
Hidráulica,Hidráulica,Hidráulica,0.235885,0.718108,0.0460072,0.2,0.8,0,3,1808.00,-21.9241,-45.471
Hidráulica,Hidráulica,Hidráulica,0.157627,0.806865,0.0355077,0,1,0,3,2240.00,-23.5796,-47.4384
Hidráulica,Hidráulica,Hidráulica,0.141464,0.825193,0.0333431,0,1,0,3,788.40,-24.0056,-47.9411
Hidráulica,Hidráulica,Hidráulica,0.179684,0.780901,0.0394155,0,1,0,3,4550.40,-22.9339,-46.8958
Hidráulica,Hidráulica,Hidráulica,0.461461,0.489489,0.0490499,0,1,0,3,240.00,-19.6204,-40.6163
Hidráulica,Hidráulica,Hidráulica,0.0856571,0.892621,0.021722,0,1,0,3,420.00,-26.1647,-49.8903
Hidráulica,Hidráulica,Hidráulica,0.0497772,0.515501,0.434722,0,0.8,0.2,3,768.00,-14.465,-59.4994
Hidráulica,Eólica,Hidráulica,0.77148,0.0827259,0.145794,0,1,0,3,900.00,-8.26361,-35.2597
Hidráulica,Hidráulica,Hidráulica,0.269732,0.669405,0.0608637,0,1,0,3,620.40,-20.632,-45.2371
Hidráulica,Hidráulica,Hidráulica,0.0611604,0.920657,0.0181824,0,1,0,3,1345.00,-27.1326,-51.4444
Hidráulica,Solar,Hidráulica,0.0910624,0.23989,0.669048,0,1,0,3,2000.00,-9.3625,-54.9039
Hidráulica,Hidráulica,Hidráulica,0.346747,0.609625,0.043628,0,1,0,3,424.00,-21.1418,-42.6045
Hidráulica,Hidráulica,Hidráulica,0.255818,0.700121,0.044061,0,1,0,3,528.00,-21.9277,-44.7974
Hidráulica,Hidráulica,Hidráulica,0.0316334,0.951837,0.0165295,0,1,0,3,776.00,-28.1421,-55.0658
Hidráulica,Hidráulica,Hidráulica,0.0725237,0.915775,0.0117009,0,1,0,3,1500.00,-28.4191,-49.2527
Hidráulica,Hidráulica,Hidráulica,0.0495998,0.939517,0.010883,0,1,0,3,1000.00,-29.0894,-51.3094
Hidráulica,Hidráulica,Hidráulica,0.208641,0.746825,0.0445342,0,1,0,3,1000.00,-22.3147,-46.1973
Hidráulica,Hidráulica,Hidráulica,0.184093,0.773057,0.0428502,0,1,0,3,588.00,-22.6977,-46.9113
Hidráulica,Hidráulica,Hidráulica,0.0633308,0.918419,0.0182502,0,1,0,3,500.00,-27.1031,-51.2379
Hidráulica,Hidráulica,Hidráulica,0.167695,0.778389,0.0539167,0,1,0,3,192.00,-22.0558,-48.0883
Hidráulica,Eólica,Hidráulica,0.750433,0.100179,0.149389,0,1,0,3,200.00,-9.01271,-36.0561
Hidráulica,Hidráulica,Hidráulica,0.0742985,0.908254,0.0174477,0.2,0.8,0,3,2540.00,-27.0218,-50.1864
Hidráulica,Hidráulica,Hidráulica,0.110333,0.47346,0.416207,0,1,0,3,340.00,-13.6125,-54.5486
Hidráulica,Eólica,Hidráulica,0.767592,0.0851333,0.147274,0,1,0,3,880.00,-8.35319,-35.4027
Hidráulica,Hidráulica,Hidráulica,0.154431,0.493527,0.352042,0,0.8,0.2,3,24.60,-14.0662,-52.2845
Hidráulica,Hidráulica,Hidráulica,0.198111,0.741473,0.0604156,0,1,0,3,606.40,-21.3325,-47.2981
Hidráulica,Eólica,Hidráulica,0.756899,0.0939964,0.149104,0,1,0,3,448.00,-8.74314,-35.8117
Hidráulica,Hidráulica,Hidráulica,0.073966,0.913931,0.0121032,0,1,0,3,155.00,-28.3173,-49.2111
Hidráulica,Hidráulica,Hidráulica,0.351043,0.518453,0.130504,0,0.8,0.2,3,28.00,-16.8628,-45.0194
Hidráulica,Hidráulica,Solar,0.343074,0.53,0.126926,0,0.4,0.6,3,7.20,-17.0647,-45.1421
Hidráulica,Hidráulica,Hidráulica,0.050945,0.938391,0.0106639,0,1,0,3,540.00,-29.1411,-51.0919
Hidráulica,Hidráulica,Hidráulica,0.0480997,0.941064,0.0108358,0,1,0,3,810.00,-29.1407,-51.4769
Hidráulica,Hidráulica,Hidráulica,0.0602925,0.916663,0.0230447,0,1,0,3,612.00,-26.364,-52.1499
Hidráulica,Hidráulica,Hidráulica,0.322783,0.566363,0.110854,0,0.6,0.4,3,10.25,-17.8345,-45.3247
Hidráulica,Hidráulica,Hidráulica,0.0969525,0.624516,0.278532,0,1,0,3,4000.00,-16.0909,-55.0747
Hidráulica,Hidráulica,Hidráulica,0.069668,0.912978,0.0173542,0,1,0,3,1500.30,-27.1404,-50.546
Hidráulica,Hidráulica,Hidráulica,0.0632401,0.91846,0.0182995,0,1,0,3,160.00,-27.1042,-51.25
Hidráulica,Hidráulica,Hidráulica,0.0738213,0.914388,0.0117907,0,1,0,3,360.00,-28.402,-49.1549
Hidráulica,Hidráulica,Hidráulica,0.0929892,0.618507,0.288504,0,1,0,3,3500.00,-15.9822,-55.3756
Hidráulica,Hidráulica,Hidráulica,0.0535657,0.926707,0.0197272,0.2,0.8,0,3,1800.00,-26.9886,-52.4521
Hidráulica,Solar,Hidráulica,0.053796,0.452545,0.493659,0,1,0,3,220.00,-13.4592,-58.9997
Hidráulica,Hidráulica,Hidráulica,0.0935265,0.682407,0.224067,0,1,0,3,800.00,-17.2844,-54.9237
Hidráulica,Solar,Hidráulica,0.0428953,0.407765,0.54934,0.2,0.8,0,3,1840.00,-12.8231,-60.2928
Hidráulica,Hidráulica,Hidráulica,0.291463,0.642857,0.0656799,0,1,0,3,999.00,-20.1408,-44.8809
Hidráulica,Hidráulica,Hidráulica,0.0961138,0.685086,0.2188,0,1,0,3,96.00,-17.3743,-54.7067
Hidráulica,Hidráulica,Hidráulica,0.21805,0.697417,0.0845329,0,1,0,3,560.00,-19.8951,-47.4752
Hidráulica,Hidráulica,Hidráulica,0.0774445,0.909752,0.0128038,0,1,0,3,600.00,-28.0637,-49.0911
Hidráulica,Hidráulica,Hidráulica,0.212736,0.737041,0.0502227,0,1,0,3,312.08,-21.8656,-46.3654
Hidráulica,Hidráulica,Hidráulica,0.0678356,0.910472,0.021692,0,1,0,3,1000.00,-26.4284,-51.2921
Hidráulica,Hidráulica,Hidráulica,0.209708,0.751311,0.0389811,0,1,0,3,73.04,-22.7977,-45.8141
Hidráulica,Hidráulica,Hidráulica,0.0848316,0.899946,0.0152222,0,1,0,3,2581.20,-27.3233,-49.0267
Hidráulica,Hidráulica,Hidráulica,0.0845426,0.900325,0.0151325,0,1,0,3,3700.80,-27.3189,-49.0433
Hidráulica,Hidráulica,Hidráulica,0.285355,0.673427,0.0412176,0,1,0,3,2340.00,-21.8512,-43.8902
Hidráulica,Eólica,Hidráulica,0.755674,0.0939711,0.150355,0,1,0,3,252.00,-8.72081,-35.8408
Hidráulica,Hidráulica,Hidráulica,0.0811166,0.899799,0.0190847,0,1,0,3,990.00,-26.6547,-49.8814
Hidráulica,Hidráulica,Hidráulica,0.0594581,0.923347,0.0171949,0,1,0,3,2700.00,-27.3175,-51.4778
Hidráulica,Hidráulica,Hidráulica,0.0637413,0.9178,0.0184582,0,1,0,3,828.00,-27.0492,-51.2331
Hidráulica,Hidráulica,Hidráulica,0.0693358,0.912762,0.0179027,0,1,0,3,495.00,-27.0664,-50.6467
Hidráulica,Hidráulica,Hidráulica,0.0566366,0.922339,0.0210244,0,1,0,3,300.00,-26.7514,-52.275
Hidráulica,Hidráulica,Hidráulica,0.088968,0.869265,0.0417672,0,1,0,3,970.00,-23.8553,-51.3761
Hidráulica,Hidráulica,Hidráulica,0.0501364,0.512227,0.437636,0,1,0,3,520.00,-14.4171,-59.4544
Hidráulica,Hidráulica,Hidráulica,0.0477524,0.928794,0.0234535,0,1,0,3,1000.00,-26.5427,-53.5806
Hidráulica,Hidráulica,Hidráulica,0.0590175,0.92066,0.0203229,0,1,0,3,1200.00,-26.7989,-51.9503
Hidráulica,Hidráulica,Hidráulica,0.217356,0.698234,0.0844098,0,1,0,3,288.00,-19.9143,-47.4902
Hidráulica,Hidráulica,Hidráulica,0.0736639,0.909559,0.016777,0,1,0,3,845.00,-27.2071,-50.1154
Hidráulica,Hidráulica,Hidráulica,0.180565,0.744876,0.0745586,0,1,0,3,230.00,-20.7442,-48.4125
Hidráulica,Hidráulica,Hidráulica,0.0664916,0.906716,0.0267924,0,1,0,3,396.00,-25.7472,-51.9624
Hidráulica,Hidráulica,Hidráulica,0.0718761,0.839732,0.0883917,0,1,0,3,58.00,-21.441,-54.5256
Hidráulica,Hidráulica,Hidráulica,0.0456222,0.932653,0.0217249,0.2,0.8,0,3,3000.00,-26.7988,-53.6683
Hidráulica,Hidráulica,Hidráulica,0.0538042,0.844313,0.101883,0,0.8,0.2,3,50.00,-21.2343,-56.5912
Hidráulica,Hidráulica,Hidráulica,0.197011,0.7607,0.0422893,0,1,0,3,1000.00,-22.6083,-46.4417
Hidráulica,Hidráulica,Hidráulica,0.21706,0.698683,0.0842571,0,1,0,3,600.00,-19.9161,-47.4983
Hidráulica,Hidráulica,Hidráulica,0.0803523,0.906822,0.0128255,0,1,0,3,1000.00,-28.0043,-48.8785
Hidráulica,Solar,Hidráulica,0.0502321,0.0602741,0.889494,0,1,0,3,100.00,-3.271,-54.8985
Hidráulica,Hidráulica,Hidráulica,0.075043,0.912732,0.0122254,0,1,0,3,1299.99,-28.2378,-49.1636
Hidráulica,Hidráulica,Hidráulica,0.362527,0.592486,0.0449869,0,1,0,3,1260.00,-20.8653,-42.355
Hidráulica,Hidráulica,Hidráulica,0.0508783,0.925,0.024122,0,1,0,3,355.20,-26.3973,-53.2737
Hidráulica,Hidráulica,Hidráulica,0.264001,0.693181,0.0428177,0,1,0,3,720.00,-21.9502,-44.5106
Hidráulica,Hidráulica,Hidráulica,0.324879,0.616637,0.0584843,0,0.8,0.2,3,460.00,-20.2758,-43.8105
Hidráulica,Hidráulica,Hidráulica,0.243795,0.706646,0.0495586,0,1,0,3,1000.00,-21.6061,-45.4266
Hidráulica,Hidráulica,Hidráulica,0.227856,0.71938,0.052764,0,1,0,3,320.00,-21.5462,-46.0321
Hidráulica,Hidráulica,Hidráulica,0.0615014,0.898199,0.0402998,0,1,0,3,736.00,-24.4185,-53.4956
Hidráulica,Hidráulica,Hidráulica,0.076251,0.906476,0.0172728,0,1,0,3,1000.00,-27.0647,-49.9878
Hidráulica,Hidráulica,Hidráulica,0.0628723,0.55616,0.380968,0,1,0,3,3520.80,-14.9503,-58.0581
Hidráulica,Hidráulica,Hidráulica,0.121187,0.658764,0.22005,0,1,0,3,1000.00,-16.98,-53.2822
Hidráulica,Hidráulica,Hidráulica,0.0612304,0.920474,0.0182952,0,0.8,0.2,3,460.00,-27.133,-51.4446
Hidráulica,Hidráulica,Hidráulica,0.0650875,0.906654,0.0282581,0,1,0,3,4500.00,-25.4846,-52.2731
Hidráulica,Hidráulica,Hidráulica,0.070493,0.912155,0.0173518,0,1,0,3,999.00,-27.1402,-50.47
Hidráulica,Hidráulica,Hidráulica,0.106312,0.857927,0.0357612,0,1,0,3,1000.00,-24.1653,-49.8918
Hidráulica,Eólica,Hidráulica,0.344035,0.328719,0.327246,0.2,0.8,0,3,1800.00,-11.9268,-46.2764
Hidráulica,Eólica,Hidráulica,0.344001,0.32864,0.327359,0.2,0.8,0,3,1800.00,-11.9247,-46.2772
Hidráulica,Hidráulica,Hidráulica,0.0606981,0.923119,0.0161825,0,1,0,3,948.00,-27.544,-51.1749
Hidráulica,Hidráulica,Hidráulica,0.0526031,0.929224,0.0181731,0,1,0,3,2800.00,-27.2597,-52.3519
Hidráulica,Hidráulica,Hidráulica,0.0835371,0.901814,0.0146486,0,1,0,3,1000.00,-27.5114,-49
Hidráulica,Hidráulica,Hidráulica,0.0462312,0.931347,0.0224221,0,1,0,3,1000.00,-26.7289,-53.6526
Hidráulica,Hidráulica,Hidráulica,0.108401,0.851884,0.0397152,0,1,0,3,846.40,-23.7783,-50.0422
Hidráulica,Hidráulica,Hidráulica,0.0558536,0.922054,0.0220919,0,1,0,3,1000.00,-26.5806,-52.4961
Hidráulica,Hidráulica,Hidráulica,0.127078,0.675428,0.197495,0,1,0,3,3000.00,-17.3494,-52.8123
Hidráulica,Hidráulica,Hidráulica,0.0581802,0.91799,0.0238302,0,0.8,0.2,3,469.60,-26.2925,-52.4487
Hidráulica,Hidráulica,Hidráulica,0.198064,0.741603,0.0603324,0,1,0,3,800.00,-21.3331,-47.2983
Hidráulica,Hidráulica,Hidráulica,0.0563723,0.92513,0.0184973,0.2,0.8,0,3,3000.00,-27.1211,-51.9914
Hidráulica,Hidráulica,Hidráulica,0.331058,0.595352,0.0735909,0,1,0,3,16.00,-19.3695,-44.2162
Hidráulica,Hidráulica,Hidráulica,0.0724671,0.916177,0.0113562,0,0.6,0.4,3,40.48,-28.5572,-49.1617
Hidráulica,Hidráulica,Eólica,0.0824673,0.903204,0.0143286,0.6,0.4,0,3,4950.00,-27.5007,-49.0605
Hidráulica,Hidráulica,Hidráulica,0.0560634,0.926117,0.0178199,0,1,0,3,1010.50,-27.3036,-51.9036
Hidráulica,Hidráulica,Hidráulica,0.117207,0.745094,0.137699,0,1,0,3,4176.00,-18.9793,-52.6052
Hidráulica,Hidráulica,Hidráulica,0.0551266,0.925904,0.0189692,0,1,0,3,1200.00,-27.1057,-52.1717
Hidráulica,Hidráulica,Hidráulica,0.320929,0.643876,0.0351954,0,0.8,0.2,3,34.30,-22.1487,-42.6259
Hidráulica,Hidráulica,Hidráulica,0.0883667,0.893898,0.0177356,0,1,0,3,129.60,-26.8206,-49.1614
Hidráulica,Hidráulica,Hidráulica,0.0689983,0.91359,0.0174117,0,1,0,3,1215.00,-27.1475,-50.6094
Hidráulica,Hidráulica,Hidráulica,0.0925128,0.613535,0.293953,0,1,0,3,2020.20,-15.9292,-55.4158
Hidráulica,Eólica,Hidráulica,0.999217,0.000153988,0.000628901,0.2,0.8,0,3,4700.00,0,0
Hidráulica,Eólica,Hidráulica,0.999205,0.000153067,0.000642289,0,1,0,3,1000.00,0,0
Hidráulica,Eólica,Hidráulica,0.999207,0.000153216,0.000640099,0,1,0,3,1600.00,0,0
Hidráulica,Eólica,Hidráulica,0.999211,0.000153564,0.000635017,0,1,0,3,3000.00,0,0
Solar,Eólica,Solar,0.527529,0.0982441,0.374227,0.2,0,0.8,4,5000.00,-6.00389,-40.2747
Solar,Solar,Hidráulica,0.282486,0.0526377,0.664876,0.2,0.6,0.2,4,30.87,-2.47428,-43.5742
Solar,Hidráulica,Solar,0.11112,0.869577,0.0193036,0.2,0,0.8,4,0.46,-25.4155,-49.2784
Solar,Hidráulica,Solar,0.16895,0.800332,0.0307176,0.2,0,0.8,4,0.26,-23.2606,-47.6642
Solar,Hidráulica,Hidráulica,0.0962392,0.893542,0.0102188,0,1,0,4,930.00,-27.5779,-48.5082
Solar,Eólica,Eólica,0.724738,0.0671118,0.20815,0.8,0.2,0,4,5.04,-6.06403,-35.2896
Solar,Eólica,Hidráulica,0.516904,0.340596,0.1425,0.2,0.6,0.2,4,74836.06,-12.325,-42.6281
Solar,Eólica,Eólica,0.514718,0.321773,0.16351,0.8,0,0.2,4,47622.95,-12.3174,-42.6054
Solar,Hidráulica,Solar,0.12109,0.826359,0.0525518,0,0.4,0.6,4,27000.00,-21.4509,-51.587
Solar,Eólica,Solar,0.451542,0.348204,0.200254,0,0,1,4,28000.00,-12.6035,-44.0933
Solar,Eólica,Solar,0.493923,0.175029,0.331048,0,0,1,4,30000.00,-8.17744,-42.5639
Solar,Hidráulica,Solar,0.352766,0.564615,0.0826185,0,0,1,4,31000.00,-17.4086,-44.8736
Solar,Hidráulica,Solar,0.352228,0.565032,0.0827393,0,0,1,4,31000.00,-17.4087,-44.8897
Solar,Eólica,Solar,0.73157,0.0677747,0.200655,0,0,1,4,30000.00,-5.50609,-35.4219
Solar,Eólica,Eólica,0.68691,0.0774249,0.235665,0.6,0,0.4,4,30000.00,-5.6131,-36.7256
Solar,Eólica,Eólica,0.687195,0.0775748,0.23523,0.6,0,0.4,4,30000.00,-5.62608,-36.7245
Solar,Eólica,Eólica,0.41471,0.338226,0.247063,0.4,0.2,0.4,4,23660.00,-12.032,-45.0722
Solar,Eólica,Eólica,0.414811,0.338428,0.246761,0.4,0.2,0.4,4,23660.00,-12.0379,-45.0693
Solar,Eólica,Solar,0.660198,0.0693303,0.270472,0,0.4,0.6,4,22000.00,-4.97587,-36.9052
Solar,Eólica,Eólica,0.625566,0.139539,0.234895,0.6,0,0.4,4,30000.00,-8.08037,-39.3445
Solar,Eólica,Eólica,0.411893,0.279881,0.308226,0.6,0,0.4,4,45680.00,-10.0916,-45.2644
Solar,Eólica,Solar,0.412749,0.284975,0.302276,0,0,1,4,50000.00,-10.1205,-45.2969
Solar,Hidráulica,Solar,0.285836,0.611317,0.102847,0,0,1,4,33000.00,-17.2203,-47.0922
Solar,Hidráulica,Eólica,0.267802,0.662976,0.069222,0.8,0,0.2,4,32550.00,-18.8244,-46.6745
Solar,Hidráulica,Solar,0.126746,0.819649,0.0536045,0,0,1,4,49999.32,-20.7767,-51.5271
Solar,Hidráulica,Hidráulica,0.132812,0.796152,0.0710359,0,0.6,0.4,4,4999.92,-20.8078,-51.5294
Solar,Hidráulica,Hidráulica,0.162682,0.763006,0.0743121,0,0.6,0.4,4,23040.00,-19.8811,-50.3946
Solar,Eólica,Solar,0.67267,0.119003,0.208327,0.4,0,0.6,4,23123.00,-7.8956,-37.9446
Solar,Hidráulica,Eólica,0.161927,0.767104,0.0709684,0.8,0,0.2,4,30400.00,-19.8755,-50.3776
Solar,Hidráulica,Eólica,0.162036,0.766828,0.0711364,0.8,0,0.2,4,30400.00,-19.8662,-50.3788
Solar,Eólica,Eólica,0.538906,0.272633,0.188461,1,0,0,4,30000.00,-11.5861,-41.9868
Solar,Eólica,Hidráulica,0.748449,0.108319,0.143233,0,1,0,4,29000.00,-8.416,-35.958
Solar,Eólica,Solar,0.412791,0.255092,0.332117,0,0,1,4,48118.00,-9.43297,-45.1581
Solar,Eólica,Solar,0.412769,0.25484,0.33239,0,0,1,4,48118.00,-9.42656,-45.1572
Solar,Eólica,Solar,0.412993,0.254831,0.332176,0,0,1,4,48118.00,-9.42784,-45.1519
Solar,Eólica,Solar,0.415287,0.252317,0.332396,0,0,1,4,48118.00,-9.38062,-45.0847
Solar,Eólica,Solar,0.415515,0.252839,0.331646,0,0,1,4,48118.00,-9.39523,-45.0822
Solar,Eólica,Solar,0.413015,0.255068,0.331917,0,0,1,4,48118.00,-9.43391,-45.1527
Solar,Hidráulica,Eólica,0.133433,0.808681,0.0578859,0.4,0.2,0.4,4,41895.00,-20.6278,-51.3029
Solar,Hidráulica,Eólica,0.133794,0.808148,0.0580577,0.4,0.2,0.4,4,41895.00,-20.6135,-51.292
Solar,Hidráulica,Eólica,0.13469,0.804885,0.0604248,0.8,0.2,0,4,35910.00,-20.6089,-51.2958
Solar,Eólica,Eólica,0.539504,0.200791,0.259705,1,0,0,4,30000.00,-9.38115,-41.8121
Solar,Eólica,Solar,0.503769,0.176232,0.319999,0,0,1,4,30000.00,-8.28895,-42.3697
Solar,Hidráulica,Solar,0.436202,0.452231,0.111567,0.2,0,0.8,4,33000.00,-15.3497,-43.63
Solar,Eólica,Solar,0.474813,0.363002,0.162185,0.4,0,0.6,4,30000.00,-13.3163,-43.3534
Solar,Eólica,Eólica,0.690801,0.0787397,0.23046,0.8,0,0.2,4,26000.00,-5.83649,-36.6519
Solar,Eólica,Eólica,0.690833,0.0788766,0.230291,0.8,0,0.2,4,26000.00,-5.84565,-36.6556
Solar,Solar,Solar,0.0310854,0.0497523,0.919162,0,0,1,4,16.20,-3.41556,-58.0822
Solar,Solar,Solar,0.0123445,0.0267099,0.960946,0,0,1,4,16.20,-1.6825,-61.8242
Solar,Solar,Solar,0.0147619,0.0309555,0.954283,0,0,1,4,18.90,-2.12173,-61.1981
Solar,Hidráulica,Solar,0.134246,0.774911,0.0908425,0,0.2,0.8,4,50000.00,-18.8908,-52.4422
Solar,Hidráulica,Eólica,0.437443,0.44452,0.118037,0.6,0.4,0,4,22500.00,-15.3514,-43.6189
Solar,Eólica,Solar,0.630937,0.0808837,0.288179,0,0,1,4,30933.00,-5.23791,-37.9771
Solar,Eólica,Solar,0.688749,0.0817333,0.229517,0,0,1,4,50000.00,-5.4418,-36.9958
Solar,Hidráulica,Solar,0.428848,0.461817,0.109335,0,0,1,4,39496.00,-15.3605,-43.8089
Solar,Hidráulica,Solar,0.0449517,0.948005,0.00704372,0.4,0,0.6,4,2.25,-29.7114,-52.4297
Solar,Eólica,Eólica,0.663017,0.136317,0.200667,0.6,0,0.4,4,49500.00,-7.95389,-38.6296
Solar,Eólica,Solar,0.588772,0.194579,0.216649,0,0,1,4,31474.80,-9.6866,-40.6644
Solar,Eólica,Solar,0.588458,0.194852,0.21669,0,0,1,4,31474.80,-9.69219,-40.6731
Solar,Eólica,Solar,0.58767,0.194409,0.217921,0,0,1,4,31474.80,-9.66713,-40.6894
Solar,Eólica,Solar,0.587787,0.19453,0.217683,0,0,1,4,31474.80,-9.67275,-40.6873
Solar,Eólica,Solar,0.588093,0.195088,0.216818,0,0,1,4,31474.80,-9.69585,-40.6829
Solar,Eólica,Eólica,0.563525,0.271161,0.165314,0.6,0.2,0.2,4,59800.00,-11.2241,-41.581
Solar,Eólica,Solar,0.560704,0.263208,0.176088,0.2,0.2,0.6,4,46000.00,-11.2394,-41.5658
Solar,Hidráulica,Solar,0.428402,0.463114,0.108484,0,0,1,4,39496.00,-15.3965,-43.8034
Solar,Eólica,Solar,0.412927,0.284605,0.302468,0,0,1,4,50000.00,-10.1129,-45.2915
Solar,Eólica,Solar,0.410163,0.278661,0.311176,0.2,0,0.8,4,43032.00,-10.1109,-45.2792
Solar,Hidráulica,Solar,0.0525591,0.941072,0.00636924,0.4,0,0.6,4,3.08,-29.8355,-51.1461
Solar,Hidráulica,Solar,0.428371,0.463424,0.108205,0,0,1,4,39496.00,-15.4071,-43.799
Solar,Hidráulica,Hidráulica,0.277695,0.698256,0.0240487,0,1,0,4,470.40,-22.9614,-43.4056
Solar,Eólica,Eólica,0.678243,0.0801748,0.241582,0.8,0,0.2,4,33360.00,-5.61187,-37.0241
Solar,Hidráulica,Hidráulica,0.335009,0.612211,0.0527797,0,1,0,4,37.20,-19.8694,-43.9617
Solar,Solar,Solar,0.447857,0.0809096,0.471233,0,0,1,4,30000.00,-4.0995,-41.4833
Solar,Solar,Solar,0.447857,0.0809096,0.471233,0,0,1,4,30000.00,-4.0995,-41.4833
Solar,Eólica,Eólica,0.718773,0.0903073,0.19092,0.6,0.4,0,4,103110.00,-5.12182,-37.0209
Solar,Hidráulica,Solar,0.349967,0.575138,0.0748953,0,0,1,4,49500.00,-17.3575,-44.8739
Solar,Hidráulica,Solar,0.346439,0.57969,0.0738717,0,0,1,4,49500.00,-17.4409,-44.9262
Solar,Hidráulica,Solar,0.350651,0.574354,0.0749949,0,0,1,4,49500.00,-17.3461,-44.8606
Solar,Eólica,Eólica,0.541625,0.0648246,0.39355,0.8,0,0.2,4,20000.00,-3.80499,-38.9375
Solar,Eólica,Solar,0.473665,0.358162,0.168174,0,0.4,0.6,4,22000.00,-13.3411,-43.3538
Solar,Eólica,Hidráulica,0.681758,0.0801586,0.238084,0.2,0.6,0.2,4,36630.00,-5.57409,-36.9787
Solar,Eólica,Hidráulica,0.472837,0.347759,0.179404,0.4,0.6,0,4,9000.00,-13.3311,-43.3303
Solar,Eólica,Solar,0.686057,0.0807963,0.233146,0,0,1,4,52000.00,-5.30493,-37.0413
Solar,Eólica,Solar,0.687746,0.0809581,0.231296,0,0,1,4,52000.00,-5.33479,-37.0106
Solar,Eólica,Solar,0.686832,0.0807662,0.232402,0,0,1,4,52000.00,-5.31206,-37.024
Solar,Eólica,Hidráulica,0.635358,0.117657,0.246985,0.4,0.6,0,4,24555.00,-7.35445,-38.7485
Solar,Eólica,Solar,0.651094,0.1264,0.222506,0.2,0,0.8,4,49110.00,-7.36307,-38.7655
Solar,Eólica,Solar,0.652078,0.125704,0.222218,0.2,0,0.8,4,49110.00,-7.34337,-38.7333
Solar,Eólica,Solar,0.597623,0.0870672,0.31531,0,0,1,4,30000.00,-5.33484,-38.8144
Solar,Eólica,Eólica,0.593904,0.085737,0.320359,1,0,0,4,25000.00,-5.34743,-38.8011
Solar,Eólica,Eólica,0.59415,0.085737,0.320113,1,0,0,4,25000.00,-5.34936,-38.7964
Solar,Solar,Solar,0.0662015,0.0375177,0.896281,0,0,1,4,1.00,-1.62154,-52.3052
Solar,Solar,Solar,0.0603633,0.041796,0.897841,0,0,1,4,1.00,-2.14007,-53.262
Solar,Solar,Solar,0.061623,0.0433756,0.895001,0,0,1,4,1.00,-2.27857,-53.2527
Solar,Solar,Solar,0.0620507,0.0436364,0.894313,0,0,1,4,1.00,-2.29824,-53.228
Solar,Solar,Solar,0.0611562,0.0425499,0.896294,0,0,1,4,1.00,-2.20439,-53.2376
Solar,Solar,Solar,0.0610013,0.0423686,0.89663,0,0,1,4,1.00,-2.18857,-53.2397
Solar,Solar,Solar,0.0603718,0.0418052,0.897823,0,0,1,4,1.00,-2.14087,-53.2618
Solar,Solar,Solar,0.0697251,0.0421987,0.888076,0,0,1,4,1.00,-2.07122,-52.3631
Solar,Solar,Solar,0.0608586,0.0422214,0.89692,0,0,1,4,1.00,-2.17589,-53.2431
Solar,Solar,Solar,0.0690439,0.0425227,0.888433,0,0,1,4,1.00,-2.1103,-52.4522
Solar,Solar,Solar,0.0606883,0.0420725,0.897239,0,0,1,4,1.00,-2.16336,-53.2494
Solar,Solar,Solar,0.0703371,0.043082,0.886581,0,0,1,4,1.00,-2.15103,-52.3756
Solar,Solar,Solar,0.0694902,0.0416362,0.888874,0,0,1,4,1.00,-2.01788,-52.3402
Solar,Solar,Solar,0.0612182,0.0426146,0.896167,0,0,1,4,1.00,-2.20994,-53.2361
Solar,Solar,Solar,0.0699339,0.0426037,0.887462,0,0,1,4,1.00,-2.10878,-52.3756
Solar,Solar,Solar,0.0668818,0.0398536,0.893265,0,0,1,4,2.00,-1.86442,-52.4414
Solar,Solar,Solar,0.0603586,0.0417953,0.897846,0,0,1,4,1.00,-2.14006,-53.2624
Solar,Solar,Solar,0.060374,0.0417993,0.897827,0,0,1,4,1.00,-2.14026,-53.2611
Solar,Solar,Solar,0.0603655,0.041795,0.89784,0,0,1,4,1.00,-2.13994,-53.2617
Solar,Solar,Solar,0.0603832,0.0418158,0.897801,0,0,1,4,1.00,-2.14178,-53.2614
Solar,Solar,Solar,0.0603631,0.0417986,0.897838,0,0,1,4,1.00,-2.14033,-53.2622
Solar,Solar,Solar,0.0603798,0.0418107,0.897809,0,0,1,4,1.00,-2.14132,-53.2614
Solar,Solar,Solar,0.0696432,0.0417637,0.888593,0,0,1,4,1.00,-2.02898,-52.3361
Solar,Solar,Solar,0.0698391,0.0422314,0.88793,0,0,1,4,1.00,-2.07324,-52.3551
Solar,Solar,Solar,0.0603644,0.041797,0.897839,0,0,1,4,1.00,-2.14015,-53.2619
Solar,Solar,Solar,0.0591805,0.0409054,0.899914,0,0,1,4,1.00,-2.06584,-53.3175
Solar,Solar,Solar,0.0594663,0.0410583,0.899475,0,0,1,4,1.00,-2.07761,-53.2989
Solar,Solar,Solar,0.0594651,0.0410492,0.899486,0,0,1,4,1.00,-2.0767,-53.2983
Solar,Solar,Solar,0.0594659,0.0410574,0.899477,0,0,1,4,1.00,-2.07752,-53.2989
Solar,Solar,Solar,0.0596521,0.041089,0.899259,0,0,1,4,1.00,-2.0783,-53.2813
Solar,Solar,Solar,0.0596895,0.0410884,0.899222,0,0,1,4,1.00,-2.07775,-53.2772
Solar,Solar,Solar,0.0598568,0.0405309,0.899612,0,0,1,4,1.00,-2.01883,-53.2136
Solar,Solar,Solar,0.0603663,0.0409621,0.898672,0,0,1,4,1.00,-2.05625,-53.1943
Solar,Solar,Solar,0.0600219,0.0401868,0.899791,0,0,1,4,1.00,-1.98129,-53.1673
Solar,Solar,Solar,0.0599937,0.0402004,0.899806,0,0,1,4,1.00,-1.98306,-53.1715
Solar,Solar,Solar,0.0610217,0.040429,0.898549,0,0,1,4,1.00,-1.99351,-53.081
Solar,Solar,Solar,0.0589007,0.0406513,0.900448,0,0,1,4,1.00,-2.04362,-53.3271
Solar,Solar,Solar,0.0610145,0.0404756,0.89851,0,0,1,4,1.00,-1.99839,-53.0856
Solar,Solar,Solar,0.0610088,0.0404756,0.898516,0,0,1,4,1.00,-1.99846,-53.0862
Solar,Solar,Solar,0.0605193,0.0405615,0.898919,0,0,1,4,1.00,-2.01347,-53.1452
Solar,Solar,Solar,0.0603733,0.0409611,0.898666,0,0,1,4,1.00,-2.05606,-53.1935
Solar,Solar,Solar,0.0610098,0.0404215,0.898569,0,0,1,4,1.00,-1.99289,-53.0816
Solar,Solar,Solar,0.0605417,0.0406439,0.898814,0,0,1,4,1.00,-2.02161,-53.1496
Solar,Solar,Solar,0.0605351,0.0406012,0.898864,0,0,1,4,1.00,-2.01733,-53.1468
Solar,Solar,Solar,0.0604637,0.0409688,0.898567,0,0,1,4,1.00,-2.05569,-53.1845
Solar,Solar,Solar,0.0605396,0.0406424,0.898818,0,0,1,4,1.00,-2.02149,-53.1497
Solar,Solar,Solar,0.0605718,0.0405698,0.898858,0,0,1,4,1.00,-2.01365,-53.1403
Solar,Solar,Solar,0.0605342,0.0411154,0.89835,0,0,1,4,1.00,-2.06964,-53.1889
Solar,Solar,Solar,0.060517,0.0405771,0.898906,0,0,1,4,1.00,-2.0151,-53.1467
Solar,Solar,Solar,0.0605822,0.0405646,0.898853,0,0,1,4,1.00,-2.01299,-53.1388
Solar,Solar,Solar,0.060418,0.0409747,0.898607,0,0,1,4,1.00,-2.05687,-53.1898
Solar,Solar,Solar,0.0605913,0.0405587,0.89885,0,0,1,4,1.00,-2.01227,-53.1373
Solar,Solar,Solar,0.0604232,0.0409681,0.898609,0,0,1,4,1.00,-2.05614,-53.1888
Solar,Solar,Solar,0.0617914,0.040599,0.89761,0,0,1,4,1.00,-2.00133,-53.0142
Solar,Solar,Solar,0.0619661,0.0406836,0.89735,0,0,1,4,1.00,-2.00781,-53.003
Solar,Solar,Solar,0.0610465,0.0407717,0.898182,0,0,1,4,1.00,-2.02827,-53.1066
Solar,Solar,Solar,0.0610741,0.040671,0.898255,0,0,1,4,1.00,-2.01765,-53.0954
Solar,Solar,Solar,0.0613106,0.0401824,0.898507,0,0,1,4,1.00,-1.96447,-53.0301
Solar,Solar,Solar,0.0613294,0.0402088,0.898462,0,0,1,4,1.00,-1.96697,-53.0303
Solar,Solar,Solar,0.0613145,0.0401849,0.898501,0,0,1,4,1.00,-1.96468,-53.0299
Solar,Solar,Solar,0.0613143,0.0401825,0.898503,0,0,1,4,1.00,-1.96444,-53.0297
Solar,Solar,Solar,0.0613275,0.040192,0.898481,0,0,1,4,1.00,-1.96525,-53.0291
Solar,Solar,Solar,0.0613107,0.0401807,0.898509,0,0,1,4,1.00,-1.9643,-53.0299
Solar,Solar,Solar,0.0611185,0.0401186,0.898763,0,0,1,4,1.00,-1.96028,-53.045
Solar,Solar,Solar,0.0721179,0.0416012,0.886281,0,0,1,4,1.00,-1.98719,-52.097
Solar,Solar,Solar,0.0615007,0.0402892,0.89821,0,0,1,4,1.00,-1.97312,-53.019
Solar,Solar,Solar,0.0609871,0.0395698,0.899443,0,0,1,4,1.00,-1.90476,-53.0128
Solar,Solar,Solar,0.0617293,0.0405593,0.897711,0,0,1,4,1.00,-1.99803,-53.0174
Solar,Solar,Solar,0.0610521,0.040293,0.898655,0,0,1,4,1.00,-1.97913,-53.0665
Solar,Solar,Solar,0.0609848,0.0395717,0.899444,0,0,1,4,1.00,-1.90498,-53.0132
Solar,Solar,Solar,0.0601885,0.0403009,0.899511,0,0,1,4,1.00,-1.99092,-53.1589
Solar,Solar,Solar,0.0601022,0.0402285,0.899669,0,0,1,4,1.00,-1.98456,-53.1622
Solar,Solar,Solar,0.0608192,0.0404471,0.898734,0,0,1,4,1.00,-1.99793,-53.1039
Solar,Solar,Solar,0.061044,0.0402979,0.898658,0,0,1,4,1.00,-1.97974,-53.0678
Solar,Solar,Solar,0.060569,0.0406946,0.898736,0,0,1,4,1.00,-2.02645,-53.1509
Solar,Solar,Solar,0.0605202,0.0406798,0.8988,0,0,1,4,1.00,-2.02556,-53.1548
Solar,Solar,Solar,0.0602195,0.0403525,0.899428,0,0,1,4,1.00,-1.99584,-53.1599
Solar,Solar,Solar,0.0601181,0.0399425,0.899939,0,0,1,4,1.00,-1.95473,-53.1366
Solar,Solar,Solar,0.0607151,0.0403799,0.898905,0,0,1,4,1.00,-1.99234,-53.1094
Solar,Solar,Solar,0.0601111,0.0398369,0.900052,0,0,1,4,1.00,-1.94383,-53.1285
Solar,Solar,Solar,0.0606294,0.0403614,0.899009,0,0,1,4,1.00,-1.99153,-53.1169
Solar,Solar,Solar,0.0607468,0.0404565,0.898797,0,0,1,4,1.00,-1.99981,-53.1123
Solar,Solar,Solar,0.0601247,0.0399916,0.899884,0,0,1,4,1.00,-1.95975,-53.14
Solar,Solar,Solar,0.0604165,0.0393229,0.900261,0,0,1,4,1.00,-1.88602,-53.0524
Solar,Solar,Solar,0.0604153,0.0393202,0.900265,0,0,1,4,1.00,-1.88575,-53.0523
Solar,Solar,Solar,0.0604179,0.0393504,0.900232,0,0,1,4,1.00,-1.8889,-53.0546
Solar,Solar,Solar,0.0604186,0.0404075,0.899174,0,0,1,4,1.00,-1.99895,-53.1432
Solar,Solar,Solar,0.0604556,0.0404245,0.89912,0,0,1,4,1.00,-2.00023,-53.1407
Solar,Solar,Solar,0.0610958,0.0401852,0.898719,0,0,1,4,1.00,-1.96746,-53.053
Solar,Solar,Solar,0.0599372,0.0384614,0.901601,0,0,1,4,1.00,-1.80028,-53.0295
Solar,Solar,Solar,0.0603037,0.039126,0.90057,0,0,1,4,1.00,-1.86663,-53.0476
Solar,Solar,Solar,0.0576764,0.035854,0.90647,0,0,1,4,1.00,-1.53942,-53.0415
Solar,Solar,Solar,0.0573172,0.0339389,0.908744,0,0,1,4,1.00,-1.31739,-52.8972
Solar,Solar,Solar,0.0600416,0.0383294,0.901629,0,0,1,4,1.00,-1.78468,-53.0068
Solar,Solar,Solar,0.0601227,0.0399326,0.899945,0,0,1,4,1.00,-1.95364,-53.1353
Solar,Solar,Solar,0.0601763,0.0387784,0.901045,0,0,1,4,1.00,-1.83125,-53.0314
Solar,Solar,Solar,0.0607505,0.0384538,0.900796,0,0,1,4,1.00,-1.78906,-52.9421
Solar,Solar,Solar,0.0601529,0.0383958,0.901451,0,0,1,4,1.00,-1.79042,-53.0007
Solar,Solar,Solar,0.0605147,0.0384513,0.901034,0,0,1,4,1.00,-1.79179,-52.9669
Solar,Solar,Solar,0.0606051,0.0384702,0.900925,0,0,1,4,1.00,-1.79267,-52.9589
Solar,Solar,Solar,0.0607799,0.0384268,0.900793,0,0,1,4,1.00,-1.78577,-52.9366
Solar,Solar,Solar,0.0608113,0.0383712,0.900818,0,0,1,4,1.00,-1.77937,-52.9284
Solar,Solar,Solar,0.0607899,0.0382059,0.901004,0,0,1,4,1.00,-1.76174,-52.9162
Solar,Solar,Solar,0.0607926,0.0383967,0.900811,0,0,1,4,1.00,-1.78236,-52.9326
Solar,Solar,Solar,0.0610618,0.0381508,0.900787,0,0,1,4,1.00,-1.75233,-52.8826
Solar,Solar,Solar,0.0519167,0.0370626,0.911021,0,0,1,4,1.00,-1.75997,-53.8284
Solar,Solar,Solar,0.0635675,0.0374382,0.898994,0,0,1,4,1.00,-1.64342,-52.5602
Solar,Solar,Solar,0.0632767,0.0369958,0.899727,0,0,1,4,1.00,-1.59767,-52.5499
Solar,Solar,Solar,0.0600847,0.0382628,0.901653,0,0,1,4,1.00,-1.77691,-52.9964
Solar,Solar,Solar,0.0635583,0.0375622,0.898879,0,0,1,4,1.00,-1.65724,-52.5722
Solar,Solar,Solar,0.0634712,0.0376334,0.898895,0,0,1,4,1.00,-1.66613,-52.5874
Solar,Solar,Solar,0.0633084,0.0370475,0.899644,0,0,1,4,1.00,-1.60307,-52.5513
Solar,Solar,Solar,0.0633188,0.0370668,0.899614,0,0,1,4,1.00,-1.6051,-52.552
Solar,Solar,Solar,0.0634611,0.0372777,0.899261,0,0,1,4,1.00,-1.6269,-52.5566
Solar,Solar,Solar,0.0634228,0.0372349,0.899342,0,0,1,4,1.00,-1.6226,-52.5566
Solar,Solar,Solar,0.0635251,0.0373736,0.899101,0,0,1,4,1.00,-1.63678,-52.5587
Solar,Solar,Solar,0.0634815,0.0373144,0.899204,0,0,1,4,1.00,-1.63073,-52.5578
Solar,Solar,Solar,0.0663241,0.0388263,0.89485,0,0,1,4,1.00,-1.76231,-52.4081
Solar,Solar,Solar,0.066265,0.0387908,0.894944,0,0,1,4,1.00,-1.75919,-52.4108
Solar,Solar,Solar,0.0668621,0.0390297,0.894108,0,0,1,4,1.00,-1.77795,-52.3734
Solar,Solar,Solar,0.0670189,0.0391388,0.893842,0,0,1,4,1.00,-1.78778,-52.3676
Solar,Solar,Solar,0.0669859,0.0391114,0.893903,0,0,1,4,1.00,-1.78523,-52.3684
Solar,Solar,Solar,0.0669862,0.0391113,0.893902,0,0,1,4,1.00,-1.78523,-52.3684
Solar,Solar,Solar,0.0660914,0.0387139,0.895195,0,0,1,4,1.00,-1.75292,-52.4211
Solar,Solar,Solar,0.0671443,0.039163,0.893693,0,0,1,4,1.00,-1.78895,-52.3576
Solar,Solar,Solar,0.0673846,0.0392744,0.893341,0,0,1,4,1.00,-1.79807,-52.344
Solar,Solar,Solar,0.0678664,0.0394693,0.892664,0,0,1,4,1.00,-1.81331,-52.3145
Solar,Solar,Solar,0.0607859,0.0383863,0.900828,0,0,1,4,1.00,-1.78132,-52.9324
Solar,Solar,Solar,0.0683567,0.0396959,0.891947,0,0,1,4,1.00,-1.83173,-52.2871
Solar,Solar,Solar,0.0671854,0.0386178,0.894197,0,0,1,4,1.00,-1.73032,-52.3067
Solar,Solar,Solar,0.0670195,0.0373924,0.895588,0,0,1,4,1.00,-1.59848,-52.2146
Solar,Solar,Solar,0.0669024,0.0373038,0.895794,0,0,1,4,1.00,-1.58996,-52.218
Solar,Solar,Solar,0.0679105,0.0390321,0.893057,0,0,1,4,1.00,-1.76659,-52.273
Solar,Solar,Solar,0.0662518,0.0368694,0.896879,0,0,1,4,1.00,-1.54875,-52.2418
Solar,Solar,Solar,0.0649242,0.0370334,0.898042,0,0,1,4,1.00,-1.58238,-52.3875
Solar,Solar,Solar,0.0660922,0.0387136,0.895194,0,0,1,4,1.00,-1.75288,-52.421
Solar,Solar,Solar,0.0641139,0.0370278,0.898858,0,0,1,4,1.00,-1.59126,-52.468
Solar,Solar,Solar,0.0637169,0.0353913,0.900892,0,0,1,4,1.00,-1.40887,-52.3563
Solar,Solar,Solar,0.0627732,0.0369086,0.900318,0,0,1,4,1.00,-1.59398,-52.5935
Solar,Solar,Solar,0.0625944,0.0369153,0.90049,0,0,1,4,1.00,-1.59691,-52.6125
Solar,Solar,Solar,0.0654865,0.0385146,0.895999,0,0,1,4,1.00,-1.73843,-52.4632
Solar,Solar,Solar,0.0640372,0.035568,0.900395,0,0,1,4,1.00,-1.42567,-52.3407
Solar,Solar,Solar,0.0655089,0.0385239,0.895967,0,0,1,4,1.00,-1.73917,-52.4618
Solar,Solar,Solar,0.0642253,0.0356412,0.900133,0,0,1,4,1.00,-1.43195,-52.3287
Solar,Solar,Solar,0.0650545,0.0385138,0.896432,0,0,1,4,1.00,-1.74333,-52.5059
Solar,Solar,Solar,0.0650415,0.0385005,0.896458,0,0,1,4,1.00,-1.74205,-52.506
Solar,Solar,Solar,0.0644671,0.035768,0.899765,0,0,1,4,1.00,-1.44379,-52.3164
Solar,Solar,Solar,0.0634787,0.037705,0.898816,0,0,1,4,1.00,-1.67391,-52.593
Solar,Solar,Solar,0.0634736,0.0376497,0.898877,0,0,1,4,1.00,-1.66789,-52.5886
Eólica,Solar,Eólica,0.462873,0.0594373,0.47769,1,0,0,4,28800.00,-2.8151,-40.2349
Eólica,Eólica,Hidráulica,0.602997,0.0645709,0.332432,0,1,0,4,3230.00,-4.58914,-37.6377
Eólica,Eólica,Hidráulica,0.522776,0.0666918,0.410533,0.2,0.4,0.4,4,54600.00,-3.01787,-39.6741
Eólica,Eólica,Eólica,0.535005,0.061819,0.403176,1,0,0,4,25200.00,-3.43147,-38.962
Eólica,Hidráulica,Solar,0.053537,0.942276,0.0041866,0.4,0,0.6,4,50000.00,-29.9324,-50.2984
Eólica,Eólica,Eólica,0.539387,0.0623584,0.398255,1,0,0,4,23100.00,-3.54476,-38.8887
Eólica,Eólica,Solar,0.63857,0.0742351,0.287195,0,0,1,4,50000.00,-4.4472,-37.7596
Eólica,Hidráulica,Eólica,0.0720537,0.920985,0.00696128,0.6,0.4,0,4,30000.00,-28.471,-49.605
Eólica,Hidráulica,Hidráulica,0.0677907,0.919048,0.0131612,0.4,0.6,0,4,30000.00,-26.5848,-51.7532
Eólica,Hidráulica,Eólica,0.0726405,0.920352,0.00700737,0.6,0.4,0,4,30000.00,-28.4403,-49.5703
Eólica,Eólica,Eólica,0.747056,0.0711643,0.18178,1,0,0,4,4800.00,-6.57011,-34.9674
Eólica,Eólica,Eólica,0.746986,0.0713335,0.18168,1,0,0,4,4800.00,-6.58141,-34.9747
Eólica,Eólica,Eólica,0.678338,0.0658856,0.255777,0.8,0.2,0,4,14400.00,-5.09195,-36.3377
Eólica,Eólica,Eólica,0.689001,0.0693619,0.241637,1,0,0,4,26000.00,-5.1856,-36.3603
Eólica,Eólica,Eólica,0.711886,0.0687047,0.21941,1,0,0,4,28800.00,-5.34367,-35.8783
Eólica,Eólica,Eólica,0.710817,0.0687481,0.220435,1,0,0,4,30000.00,-5.30549,-35.9132
Eólica,Eólica,Hidráulica,0.491771,0.365776,0.142453,0,1,0,4,9600.00,-14.1831,-42.6227
Eólica,Eólica,Eólica,0.49116,0.376158,0.132681,0.8,0.2,0,4,24000.00,-14.1769,-42.6541
Eólica,Eólica,Eólica,0.492869,0.364027,0.143105,0.6,0.4,0,4,8000.00,-14.1852,-42.5911
Eólica,Eólica,Eólica,0.495298,0.368602,0.136099,0.8,0,0.2,4,30400.00,-13.8606,-42.6573
Eólica,Eólica,Eólica,0.490642,0.377231,0.132128,0.8,0.2,0,4,24000.00,-14.2021,-42.6589
Eólica,Hidráulica,Eólica,0.05528,0.93986,0.0048605,0.8,0.2,0,4,27600.00,-29.9595,-50.3114
Eólica,Eólica,Eólica,0.491116,0.380723,0.128162,1,0,0,4,28800.00,-14.2189,-42.6414
Eólica,Eólica,Eólica,0.621809,0.0695434,0.308648,0.6,0.4,0,4,25500.00,-4.56339,-37.6885
Eólica,Eólica,Eólica,0.717511,0.0740452,0.208444,1,0,0,4,58450.00,-5.10087,-36.202
Eólica,Eólica,Solar,0.572737,0.205877,0.221386,0,0,1,4,31465.00,-9.87469,-41.093
Eólica,Hidráulica,Eólica,0.0512533,0.943634,0.00511317,0.6,0.4,0,4,11200.00,-30.2779,-50.7978
Eólica,Hidráulica,Hidráulica,0.0519335,0.943656,0.00441005,0.4,0.6,0,4,23000.00,-30.4398,-50.4053
Eólica,Eólica,Eólica,0.71041,0.0690202,0.22057,1,0,0,4,30000.00,-5.32006,-35.9322
Eólica,Eólica,Eólica,0.704284,0.0685358,0.22718,0.6,0.4,0,4,19800.00,-5.44838,-35.9561
Eólica,Eólica,Eólica,0.695034,0.0652653,0.239701,1,0,0,4,20000.00,-5.09702,-36.0204
Eólica,Eólica,Eólica,0.71028,0.0668772,0.222843,1,0,0,4,27000.00,-5.23235,-35.8266
Eólica,Eólica,Eólica,0.712373,0.068466,0.219161,1,0,0,4,30000.00,-5.30447,-35.8692
Eólica,Eólica,Eólica,0.489448,0.380663,0.129889,0.8,0,0.2,4,30240.00,-14.1473,-42.7119
Eólica,Eólica,Eólica,0.708259,0.0671623,0.224579,1,0,0,4,27000.00,-5.22861,-35.8808
Eólica,Eólica,Eólica,0.710566,0.0686893,0.220745,1,0,0,4,30000.00,-5.29812,-35.9164
Eólica,Solar,Hidráulica,0.453556,0.0765595,0.469884,0.4,0.6,0,4,29120.00,-3.89443,-41.1969
Eólica,Eólica,Eólica,0.701056,0.0824102,0.216534,1,0,0,4,30000.00,-6.10139,-36.5787
Eólica,Solar,Solar,0.40148,0.0637137,0.534806,0.2,0,0.8,4,30800.00,-2.84278,-41.6976
Eólica,Eólica,Eólica,0.515284,0.0616848,0.423031,1,0,0,4,30004.00,-3.20107,-39.3647
Eólica,Eólica,Eólica,0.492242,0.0600497,0.447709,0.8,0.2,0,4,24300.00,-3.09841,-39.6663
Eólica,Eólica,Eólica,0.702047,0.0652677,0.232685,1,0,0,4,23100.00,-5.1054,-35.9017
Eólica,Hidráulica,Hidráulica,0.0243856,0.973425,0.00218938,0.4,0.6,0,4,20000.00,-33.5017,-53.2643
Eólica,Hidráulica,Eólica,0.0238353,0.974163,0.00200137,1,0,0,4,30000.00,-33.5668,-53.246
Eólica,Hidráulica,Eólica,0.0233238,0.9746,0.00207625,0.8,0.2,0,4,22000.00,-33.6647,-53.4164
Eólica,Eólica,Eólica,0.489537,0.380181,0.130282,1,0,0,4,28560.00,-14.172,-42.7002
Eólica,Eólica,Hidráulica,0.488809,0.386481,0.12471,0.2,0.4,0.4,4,21840.00,-14.5292,-42.5867
Eólica,Eólica,Eólica,0.495901,0.368415,0.135684,1,0,0,4,28200.00,-13.918,-42.6204
Eólica,Eólica,Eólica,0.489538,0.376428,0.134034,0.8,0.2,0,4,10080.00,-14.477,-42.5853
Eólica,Eólica,Eólica,0.714468,0.0647986,0.220733,1,0,0,4,27000.00,-5.12872,-35.6538
Eólica,Eólica,Eólica,0.495861,0.368201,0.135938,1,0,0,4,28200.00,-13.91,-42.6242
Eólica,Solar,Eólica,0.387052,0.0604557,0.552492,0.8,0,0.2,4,20000.00,-2.82065,-41.7418
Eólica,Hidráulica,Eólica,0.023748,0.974228,0.0020245,1,0,0,4,30000.00,-33.5357,-53.3012
Eólica,Solar,Eólica,0.388281,0.0606713,0.551048,0.8,0,0.2,4,20000.00,-2.83982,-41.727
Eólica,Solar,Eólica,0.451908,0.0751926,0.472899,1,0,0,4,23100.00,-3.94661,-41.123
Eólica,Eólica,Eólica,0.712765,0.0702157,0.21702,1,0,0,4,29700.00,-5.44216,-35.9233
Eólica,Eólica,Eólica,0.664613,0.0707097,0.264678,1,0,0,4,27000.00,-4.99772,-36.9147
Eólica,Eólica,Eólica,0.609275,0.0685124,0.322213,1,0,0,4,24000.00,-4.42743,-37.8709
Eólica,Eólica,Eólica,0.662375,0.0702264,0.267398,1,0,0,4,24000.00,-5.01235,-36.9146
Eólica,Eólica,Eólica,0.656039,0.0687343,0.275227,1,0,0,4,18000.00,-4.98767,-36.9287
Eólica,Eólica,Eólica,0.616588,0.0683641,0.315048,1,0,0,4,18900.00,-4.59447,-37.682
Eólica,Eólica,Eólica,0.707002,0.0699557,0.223042,1,0,0,4,30000.00,-5.34493,-36.04
Eólica,Eólica,Eólica,0.497824,0.37566,0.126516,1,0,0,4,30000.00,-14.1632,-42.4845
Eólica,Eólica,Eólica,0.693697,0.0790175,0.227285,1,0,0,4,18000.00,-6.07539,-36.5302
Eólica,Eólica,Eólica,0.564467,0.134868,0.300665,1,0,0,4,29700.00,-7.30002,-40.5542
Eólica,Eólica,Eólica,0.565563,0.134755,0.299682,1,0,0,4,29700.00,-7.30471,-40.53
Eólica,Hidráulica,Eólica,0.0578909,0.937193,0.00491626,0.4,0.2,0.4,4,31700.00,-29.7728,-50.0801
Eólica,Eólica,Eólica,0.512333,0.270192,0.217475,1,0,0,4,30000.00,-11.1638,-42.6706
Eólica,Eólica,Eólica,0.726037,0.124316,0.149647,1,0,0,4,28900.00,-8.86806,-36.7471
Eólica,Eólica,Eólica,0.725327,0.122467,0.152206,0.6,0,0.4,4,27200.00,-8.7969,-36.7338
Eólica,Eólica,Eólica,0.71882,0.11891,0.162269,0.8,0.2,0,4,13600.00,-8.80988,-36.7487
Eólica,Eólica,Eólica,0.560544,0.141667,0.29779,1,0,0,4,30000.00,-7.52659,-40.7442
Eólica,Eólica,Eólica,0.713423,0.0671271,0.21945,1,0,0,4,29400.00,-5.2337,-35.7899
Eólica,Eólica,Eólica,0.55945,0.139492,0.301058,1,0,0,4,28900.00,-7.45882,-40.7237
Eólica,Eólica,Eólica,0.493983,0.377155,0.128862,0.6,0,0.4,4,23700.00,-14.2778,-42.5435
Eólica,Eólica,Eólica,0.558998,0.139825,0.301177,1,0,0,4,29600.00,-7.45166,-40.7441
Eólica,Eólica,Eólica,0.724569,0.122842,0.15259,0.6,0,0.4,4,27200.00,-8.80255,-36.7579
Eólica,Eólica,Eólica,0.713911,0.0676717,0.218418,1,0,0,4,29400.00,-5.27983,-35.8006
Eólica,Eólica,Eólica,0.490353,0.371484,0.138163,0.8,0.2,0,4,10000.00,-14.3318,-42.6128
Eólica,Eólica,Eólica,0.48814,0.37549,0.13637,0.8,0.2,0,4,10000.00,-14.419,-42.6419
Eólica,Eólica,Solar,0.480923,0.0592246,0.459853,0.2,0,0.8,4,27000.00,-2.92113,-39.8617
Eólica,Eólica,Solar,0.481909,0.0591827,0.458908,0.2,0,0.8,4,27000.00,-2.92255,-39.8407
Eólica,Hidráulica,Eólica,0.0236513,0.971525,0.00482344,1,0,0,4,30000.00,-30.888,-55.7352
Eólica,Eólica,Hidráulica,0.48676,0.383053,0.130187,0.4,0.6,0,4,16000.00,-14.5031,-42.6514
Eólica,Hidráulica,Eólica,0.0241315,0.973605,0.00226396,0.6,0.4,0,4,12530.00,-33.5851,-53.3593
Eólica,Hidráulica,Eólica,0.0243283,0.973368,0.00230341,0.6,0.4,0,4,8950.00,-33.6072,-53.3248
Eólica,Eólica,Eólica,0.723059,0.123082,0.153859,0.6,0,0.4,4,22235.00,-8.90308,-36.7579
Eólica,Hidráulica,Hidráulica,0.023839,0.974046,0.002115,0.4,0.6,0,4,19690.00,-33.6387,-53.3094
Eólica,Hidráulica,Eólica,0.0238932,0.973946,0.00216093,0.8,0.2,0,4,16110.00,-33.6543,-53.3237
Eólica,Hidráulica,Eólica,0.0241468,0.973604,0.00224927,0.6,0.2,0.2,4,14320.00,-33.5625,-53.3526
Eólica,Hidráulica,Eólica,0.0267022,0.970872,0.0024255,0.6,0.4,0,4,15000.00,-33.2078,-52.9298
Eólica,Eólica,Eólica,0.555859,0.23248,0.211661,1,0,0,4,25000.00,-10.6795,-41.5206
Eólica,Eólica,Eólica,0.557862,0.140386,0.301752,0.8,0.2,0,4,18400.00,-7.72521,-40.6793
Eólica,Eólica,Eólica,0.565483,0.145176,0.289341,1,0,0,4,27600.00,-7.75988,-40.6733
Eólica,Eólica,Eólica,0.558689,0.141384,0.299927,0.8,0.2,0,4,18400.00,-7.7707,-40.6777
Eólica,Eólica,Eólica,0.557181,0.27565,0.167169,0.6,0,0.4,4,27000.00,-12.0324,-41.4565
Eólica,Eólica,Eólica,0.724422,0.115193,0.160385,1,0,0,4,36000.00,-8.18765,-36.751
Eólica,Eólica,Eólica,0.751933,0.0894751,0.158592,1,0,0,4,22500.00,-7.4856,-35.4937
Eólica,Eólica,Eólica,0.699924,0.0795074,0.220568,1,0,0,4,24000.00,-6.04275,-36.464
Eólica,Eólica,Eólica,0.474668,0.0585344,0.466798,1,0,0,4,21000.00,-2.9812,-39.8928
Eólica,Eólica,Eólica,0.721082,0.11994,0.158978,0.4,0.4,0.2,4,22140.00,-8.70454,-36.7757
Eólica,Eólica,Eólica,0.519961,0.062324,0.417715,1,0,0,4,29700.00,-3.27922,-39.3061
Eólica,Eólica,Eólica,0.70121,0.0696635,0.229126,1,0,0,4,25200.00,-5.36627,-36.1105
Eólica,Eólica,Hidráulica,0.492799,0.369471,0.13773,0.4,0.6,0,4,21600.00,-14.0441,-42.6543
Eólica,Eólica,Eólica,0.493151,0.358634,0.148215,0.8,0.2,0,4,16200.00,-13.8266,-42.7043
Eólica,Eólica,Eólica,0.493254,0.359736,0.14701,0.8,0.2,0,4,16200.00,-13.8636,-42.6909
Eólica,Eólica,Hidráulica,0.493968,0.371496,0.134537,0.4,0.6,0,4,16500.00,-14.254,-42.5491
Eólica,Eólica,Eólica,0.709639,0.066028,0.224333,1,0,0,4,25200.00,-5.20362,-35.791
Eólica,Eólica,Hidráulica,0.491908,0.363578,0.144514,0.2,0.8,0,4,13800.00,-14.017,-42.6764
Eólica,Eólica,Eólica,0.702932,0.0661428,0.230926,1,0,0,4,27300.00,-5.08277,-35.9552
Eólica,Eólica,Eólica,0.704523,0.0656403,0.229836,1,0,0,4,27300.00,-5.06431,-35.9014
Eólica,Eólica,Eólica,0.563055,0.145236,0.291709,1,0,0,4,27600.00,-7.74092,-40.7244
Eólica,Eólica,Eólica,0.507947,0.0601726,0.43188,1,0,0,4,21000.00,-3.26246,-39.3482
Eólica,Eólica,Eólica,0.998738,0.00032254,0.00093989,1,0,0,4,31500.00,0,0
Eólica,Eólica,Eólica,0.998724,0.000320732,0.000955756,0.8,0.2,0,4,28350.00,0,0
Eólica,Eólica,Eólica,0.998709,0.000318933,0.000971891,1,0,0,4,25200.00,0,0
Eólica,Hidráulica,Eólica,0.0548211,0.940159,0.00502027,0.4,0.2,0.4,4,22240.00,-29.9956,-50.4084
Eólica,Eólica,Eólica,0.7292,0.0799804,0.19082,1,0,0,4,67200.00,-5.45939,-36.1979
Eólica,Eólica,Solar,0.555761,0.27731,0.166929,0.2,0,0.8,4,30800.00,-11.9747,-41.5221
Eólica,Eólica,Eólica,0.662411,0.212767,0.124822,1,0,0,4,43400.00,-11.3295,-38.8045
Eólica,Eólica,Eólica,0.563073,0.261024,0.175903,1,0,0,4,28000.00,-11.6249,-41.3521
Eólica,Eólica,Eólica,0.473469,0.0798889,0.446642,1,0,0,4,31500.00,-4.12228,-40.9551
Eólica,Eólica,Eólica,0.472946,0.0800013,0.447053,1,0,0,4,31500.00,-4.12621,-40.9695
Eólica,Eólica,Solar,0.467271,0.0783498,0.45438,0.2,0,0.8,4,27000.00,-4.10974,-40.9791
Eólica,Eólica,Eólica,0.710844,0.0661535,0.223003,1,0,0,4,21000.00,-5.32567,-35.7341
Eólica,Eólica,Eólica,0.541903,0.174778,0.283319,1,0,0,4,31500.00,-8.51979,-41.5584
Eólica,Eólica,Eólica,0.541789,0.176492,0.281719,1,0,0,4,31500.00,-8.57642,-41.5778
Eólica,Eólica,Eólica,0.55165,0.182014,0.266336,0.8,0,0.2,4,40950.00,-8.6329,-41.4971
Eólica,Eólica,Eólica,0.553359,0.184737,0.261904,1,0,0,4,44100.00,-8.66707,-41.5098
Eólica,Eólica,Eólica,0.713302,0.0670782,0.21962,1,0,0,4,25200.00,-5.32657,-35.7543
Eólica,Eólica,Eólica,0.573907,0.150324,0.275769,1,0,0,4,29400.00,-7.98953,-40.5834
Eólica,Eólica,Eólica,0.571196,0.151733,0.27707,1,0,0,4,29400.00,-8.01732,-40.6585
Eólica,Eólica,Eólica,0.661246,0.0719078,0.266846,0.8,0.2,0,4,28400.00,-5.01268,-37.0396
Eólica,Eólica,Eólica,0.601035,0.209533,0.189431,1,0,0,4,33600.00,-10.3227,-40.4367
Eólica,Eólica,Eólica,0.600869,0.209256,0.189874,1,0,0,4,33600.00,-10.3105,-40.4404
Eólica,Eólica,Eólica,0.604109,0.214416,0.181475,1,0,0,4,42000.00,-10.3448,-40.4378
Eólica,Eólica,Eólica,0.544437,0.177324,0.278238,0.8,0,0.2,4,33000.00,-8.59339,-41.542
Eólica,Eólica,Eólica,0.540354,0.176052,0.283594,1,0,0,4,27000.00,-8.65379,-41.5654
Eólica,Eólica,Eólica,0.512602,0.263173,0.224225,1,0,0,4,25000.00,-11.0812,-42.618
Eólica,Eólica,Eólica,0.562072,0.225363,0.212564,1,0,0,4,29700.00,-10.4211,-41.3957
Eólica,Eólica,Eólica,0.563645,0.259944,0.176411,1,0,0,4,28000.00,-11.5985,-41.3394
Eólica,Eólica,Eólica,0.564539,0.259793,0.175667,1,0,0,4,28000.00,-11.6075,-41.3157
Eólica,Eólica,Eólica,0.565102,0.258647,0.176251,1,0,0,4,28000.00,-11.5787,-41.3034
Eólica,Solar,Eólica,0.350611,0.061489,0.5879,1,0,0,4,27600.00,-2.61892,-42.6576
Eólica,Hidráulica,Hidráulica,0.0205343,0.976545,0.00292025,0.2,0.6,0.2,4,96600.00,-31.019,-55.8145
Eólica,Eólica,Eólica,0.704396,0.0730767,0.222528,0.6,0,0.4,4,31000.00,-5.50755,-36.2167
Eólica,Eólica,Eólica,0.705813,0.085209,0.208978,1,0,0,4,37800.00,-6.15499,-36.6207
Eólica,Eólica,Eólica,0.569676,0.268565,0.161758,1,0,0,4,46200.00,-11.5583,-41.3017
Eólica,Eólica,Eólica,0.568143,0.26559,0.166267,1,0,0,4,42000.00,-11.5306,-41.3202
Eólica,Eólica,Eólica,0.570708,0.266818,0.162473,1,0,0,4,46200.00,-11.5169,-41.2801
Eólica,Eólica,Eólica,0.562985,0.233347,0.203669,1,0,0,4,42000.00,-10.4025,-41.4935
Eólica,Eólica,Hidráulica,0.56923,0.23987,0.1909,0.2,0.4,0.4,4,54600.00,-10.4054,-41.4486
Eólica,Eólica,Eólica,0.706511,0.0976576,0.195831,1,0,0,4,34650.00,-6.97289,-36.8793
Eólica,Eólica,Eólica,0.705729,0.0984025,0.195869,1,0,0,4,34650.00,-7.00391,-36.9131
Eólica,Eólica,Eólica,0.517627,0.261392,0.220981,1,0,0,4,32000.00,-10.9254,-42.5533
Eólica,Eólica,Eólica,0.484902,0.407701,0.107397,1,0,0,4,40500.00,-14.771,-42.5672
Eólica,Eólica,Eólica,0.483889,0.411828,0.104283,1,0,0,4,45000.00,-14.798,-42.5721
Eólica,Eólica,Eólica,0.518221,0.263229,0.218549,1,0,0,4,32000.00,-10.9861,-42.5396
Eólica,Eólica,Eólica,0.737516,0.0840668,0.178417,1,0,0,4,67500.00,-5.84589,-36.1153
Eólica,Eólica,Eólica,0.689036,0.0725063,0.238457,1,0,0,4,29400.00,-5.32461,-36.5062
Eólica,Eólica,Eólica,0.691022,0.0727104,0.236268,1,0,0,4,29400.00,-5.36116,-36.4723
Eólica,Eólica,Eólica,0.691207,0.0733857,0.235408,1,0,0,4,29400.00,-5.40912,-36.4925
Eólica,Eólica,Eólica,0.705343,0.0966242,0.198033,1,0,0,4,31185.00,-6.97861,-36.8539
Eólica,Eólica,Eólica,0.718801,0.0845344,0.196665,1,0,0,4,31500.00,-6.43698,-36.2555
Eólica,Eólica,Eólica,0.715491,0.0778938,0.206615,1,0,0,4,33600.00,-5.91373,-36.1562
Eólica,Eólica,Eólica,0.710566,0.0765726,0.212861,1,0,0,4,29400.00,-5.85916,-36.1868
Eólica,Eólica,Eólica,0.703419,0.0721394,0.224442,0.6,0.4,0,4,24800.00,-5.57565,-36.1509
Eólica,Eólica,Eólica,0.715038,0.099242,0.18572,1,0,0,4,44000.00,-6.96894,-36.7932
Eólica,Eólica,Eólica,0.574458,0.203302,0.22224,1,0,0,4,31185.00,-9.81603,-41.0389
Eólica,Eólica,Eólica,0.998782,0.000328643,0.000888878,1,0,0,4,42000.00,0,0
Eólica,Eólica,Eólica,0.665726,0.0735989,0.260675,1,0,0,4,31185.00,-5.10566,-37.0368
Eólica,Eólica,Eólica,0.667108,0.0735838,0.259309,0.6,0,0.4,4,31950.00,-5.10095,-37.0151
Eólica,Eólica,Hidráulica,0.740513,0.0780735,0.181413,0.2,0.6,0.2,4,83160.00,-5.12884,-36.015
Eólica,Eólica,Eólica,0.562779,0.240668,0.196553,0.8,0,0.2,4,21200.00,-11.1204,-41.3242
Eólica,Eólica,Eólica,0.606016,0.221813,0.172171,1,0,0,4,50400.00,-10.442,-40.4617
Eólica,Eólica,Eólica,0.604299,0.222207,0.173495,1,0,0,4,50400.00,-10.4286,-40.5069
Eólica,Eólica,Eólica,0.709867,0.0740364,0.216096,1,0,0,4,29400.00,-5.67894,-36.1181
Eólica,Eólica,Eólica,0.539128,0.210403,0.250468,0.8,0.2,0,4,0.16,-10.3797,-41.6186
Eólica,Eólica,Eólica,0.707743,0.0765877,0.21567,1,0,0,4,25200.00,-5.92195,-36.2126
Eólica,Eólica,Eólica,0.715007,0.0681175,0.216875,1,0,0,4,29400.00,-5.32626,-35.794
Eólica,Eólica,Eólica,0.998816,0.000333607,0.000850067,1,0,0,4,50400.00,0,0
Eólica,Solar,Eólica,0.359402,0.0630479,0.57755,1,0,0,4,29700.00,-2.70037,-42.5582
Eólica,Eólica,Eólica,0.72087,0.0645644,0.214566,1,0,0,4,24850.00,-5.24183,-35.488
Eólica,Hidráulica,Eólica,0.0248828,0.973172,0.00194565,1,0,0,4,49600.00,-33.1494,-53.0642
Eólica,Eólica,Eólica,0.69773,0.0925171,0.209753,0.8,0.2,0,4,20790.00,-6.88236,-36.8415
Eólica,Eólica,Eólica,0.714486,0.076063,0.209451,1,0,0,4,46200.00,-5.48414,-36.2293
Eólica,Eólica,Eólica,0.533234,0.274137,0.192629,0.6,0,0.4,4,34200.00,-11.454,-42.1692
Eólica,Eólica,Solar,0.536623,0.279704,0.183673,0.4,0,0.6,4,39900.00,-11.5404,-42.116
Eólica,Eólica,Eólica,0.554641,0.193074,0.252286,1,0,0,4,49500.00,-8.82994,-41.5908
Eólica,Eólica,Eólica,0.550124,0.195779,0.254098,1,0,0,4,45600.00,-8.96302,-41.6764
Eólica,Eólica,Eólica,0.577445,0.15003,0.272525,1,0,0,4,45600.00,-7.63372,-40.6452
Eólica,Eólica,Eólica,0.662085,0.0726226,0.265292,1,0,0,4,25200.00,-5.1436,-37.022
Eólica,Eólica,Eólica,0.714804,0.0993776,0.185819,1,0,0,4,44000.00,-6.97313,-36.8014
Eólica,Eólica,Eólica,0.740831,0.0812693,0.1779,1,0,0,4,63000.00,-5.8194,-35.9229
Eólica,Eólica,Eólica,0.667433,0.0731583,0.259408,0.6,0,0.4,4,31950.00,-5.07601,-36.993
Eólica,Eólica,Eólica,0.668096,0.0738584,0.258045,0.6,0,0.4,4,31950.00,-5.12933,-37.0052
Eólica,Eólica,Eólica,0.704648,0.0736962,0.221656,1,0,0,4,33600.00,-5.49238,-36.2553
Eólica,Eólica,Eólica,0.677369,0.0792601,0.243371,1,0,0,4,45045.00,-5.27197,-37.1139
Eólica,Eólica,Eólica,0.565973,0.247606,0.186421,0.8,0,0.2,4,31800.00,-11.1427,-41.3316
Eólica,Eólica,Eólica,0.554962,0.196184,0.248855,1,0,0,4,49500.00,-8.9352,-41.6045
Eólica,Eólica,Eólica,0.495207,0.386494,0.118299,1,0,0,4,42000.00,-14.2069,-42.5327
Eólica,Eólica,Eólica,0.679455,0.0804516,0.240093,1,0,0,4,71400.00,-4.75527,-37.3363
Eólica,Eólica,Eólica,0.718098,0.0756949,0.206207,1,0,0,4,37800.00,-5.70318,-36.0649
Eólica,Eólica,Eólica,0.487598,0.402292,0.11011,1,0,0,4,43400.00,-14.5684,-42.5807
Eólica,Eólica,Eólica,0.486697,0.407229,0.106074,1,0,0,4,49600.00,-14.5881,-42.5842
Eólica,Eólica,Eólica,0.487285,0.400189,0.112526,1,0,0,4,37200.00,-14.6266,-42.5735
Eólica,Eólica,Eólica,0.550507,0.20124,0.248253,1,0,0,4,49500.00,-9.05265,-41.7364
Eólica,Eólica,Eólica,0.565732,0.245369,0.188899,0.6,0,0.4,4,43000.00,-10.8051,-41.4363
Eólica,Eólica,Eólica,0.565132,0.246316,0.188552,0.6,0,0.4,4,43000.00,-10.8273,-41.4511
Eólica,Eólica,Eólica,0.560633,0.243293,0.196074,0.8,0.2,0,4,38700.00,-10.7668,-41.5301
Eólica,Eólica,Solar,0.500677,0.356798,0.142524,0.4,0,0.6,4,27000.00,-13.6583,-42.576
Eólica,Eólica,Eólica,0.500132,0.364256,0.135612,1,0,0,4,36000.00,-13.6837,-42.5939
Eólica,Eólica,Eólica,0.553369,0.263408,0.183223,0.8,0,0.2,4,47700.00,-11.0948,-41.7761
Eólica,Eólica,Eólica,0.738216,0.0908228,0.170962,0.8,0.2,0,4,35400.00,-7.03421,-35.9813
Eólica,Eólica,Eólica,0.735063,0.0835871,0.18135,0.8,0.2,0,4,66100.00,-5.80923,-36.1496
Eólica,Eólica,Eólica,0.659824,0.0730718,0.267104,1,0,0,4,27720.00,-5.09221,-37.1055
Eólica,Eólica,Eólica,0.66819,0.185656,0.146154,1,0,0,4,49700.00,-10.1466,-38.7713
Eólica,Eólica,Eólica,0.547397,0.221944,0.230659,1,0,0,4,16800.00,-10.438,-41.6243
Eólica,Eólica,Eólica,0.549012,0.227697,0.223291,1,0,0,4,25200.00,-10.4407,-41.6767
Eólica,Eólica,Eólica,0.706481,0.0913767,0.202143,0.6,0,0.4,4,27000.00,-6.7879,-36.6712
Eólica,Eólica,Eólica,0.706207,0.0903823,0.203411,0.6,0,0.4,4,27000.00,-6.72531,-36.6531
Eólica,Solar,Eólica,0.412812,0.0674193,0.519769,1,0,0,4,43400.00,-2.8355,-41.749
Eólica,Solar,Eólica,0.414953,0.0674663,0.517581,1,0,0,4,43400.00,-2.84608,-41.7073
Eólica,Eólica,Eólica,0.549461,0.204504,0.246035,1,0,0,4,50400.00,-9.12543,-41.7869
Eólica,Eólica,Eólica,0.549831,0.203889,0.24628,1,0,0,4,50400.00,-9.10966,-41.775
Eólica,Eólica,Eólica,0.549313,0.203578,0.247109,1,0,0,4,50400.00,-9.09421,-41.7849
Eólica,Eólica,Eólica,0.546064,0.208515,0.245421,1,0,0,4,50400.00,-9.2171,-41.8861
Eólica,Eólica,Eólica,0.545484,0.210125,0.244391,1,0,0,4,50400.00,-9.26182,-41.9077
Eólica,Eólica,Eólica,0.57756,0.264603,0.157837,1,0,0,4,67500.00,-11.0629,-41.2799
Eólica,Eólica,Eólica,0.667082,0.18524,0.147678,1,0,0,4,48000.00,-10.1474,-38.7881
Eólica,Eólica,Solar,0.710702,0.0764768,0.212821,0.4,0,0.6,4,39900.00,-5.60953,-36.2714
Eólica,Eólica,Solar,0.710655,0.0766843,0.212661,0.4,0,0.6,4,39900.00,-5.62278,-36.2791
Eólica,Eólica,Eólica,0.715047,0.0781183,0.206835,1,0,0,4,45600.00,-5.6427,-36.2767
Eólica,Eólica,Solar,0.714156,0.0782472,0.207597,0.4,0,0.6,4,39900.00,-5.77233,-36.2512
Eólica,Eólica,Eólica,0.719185,0.0798751,0.20094,0.8,0,0.2,4,51300.00,-5.68136,-36.2865
Eólica,Eólica,Eólica,0.583686,0.161898,0.254416,1,0,0,4,49500.00,-8.0472,-40.6842
Eólica,Eólica,Eólica,0.576464,0.244378,0.179159,1,0,0,4,49500.00,-10.7799,-41.2134
Eólica,Eólica,Eólica,0.575382,0.239479,0.185139,1,0,0,4,45000.00,-10.7055,-41.2075
Eólica,Eólica,Solar,0.714009,0.0786854,0.207306,0.4,0,0.6,4,39900.00,-5.79924,-36.268
Eólica,Eólica,Eólica,0.715853,0.0796521,0.204494,1,0,0,4,45600.00,-5.75431,-36.3054
Hidráulica,Hidráulica,Hidráulica,0.0455368,0.950421,0.00404265,0.4,0.6,0,4,100000.00,-29.0648,-51.6749
Hidráulica,Hidráulica,Hidráulica,0.13699,0.846034,0.0169761,0,0.8,0.2,4,143100.00,-22.1533,-48.7525
Hidráulica,Hidráulica,Hidráulica,0.100582,0.885939,0.0134791,0.2,0.8,0,4,15000.00,-26.33,-49.0954
Hidráulica,Hidráulica,Hidráulica,0.345727,0.617147,0.0371259,0,0.8,0.2,4,17000.00,-20.5453,-42.9592
Hidráulica,Hidráulica,Hidráulica,0.316952,0.66473,0.0183175,0,0.8,0.2,4,140000.00,-20.2074,-42.855
Hidráulica,Hidráulica,Hidráulica,0.0948752,0.891981,0.0131433,0,1,0,4,8400.00,-26.645,-49.3569
Hidráulica,Hidráulica,Hidráulica,0.0712628,0.926592,0.00214483,0,1,0,4,414000.00,-23.128,-49.733
Hidráulica,Hidráulica,Hidráulica,0.0486571,0.951292,5.08139e-05,0,1,0,4,1050000.00,-20.1509,-47.2798
Hidráulica,Hidráulica,Hidráulica,0.23135,0.757339,0.0113117,0,0.8,0.2,4,131988.00,-22.6914,-43.8644
Hidráulica,Hidráulica,Eólica,0.16053,0.818948,0.0205224,0.6,0.4,0,4,29500.00,-23.9413,-47.1951
Hidráulica,Hidráulica,Hidráulica,0.0391458,0.960841,1.30313e-05,0,1,0,4,1216000.00,-20.6692,-46.3183
Hidráulica,Hidráulica,Hidráulica,0.0807582,0.915828,0.00341382,0,1,0,4,260000.00,-25.1383,-48.8744
Hidráulica,Hidráulica,Hidráulica,0.045327,0.95462,5.30044e-05,0,1,0,4,889000.00,-23.8619,-46.4621
Hidráulica,Hidráulica,Hidráulica,0.0049063,0.995093,5.0268e-07,0,1,0,4,1450000.00,-27.2767,-52.3822
Hidráulica,Hidráulica,Solar,0.266866,0.704404,0.0287307,0,0,1,4,52000.00,-21.2921,-44.6253
Hidráulica,Hidráulica,Eólica,0.0820658,0.602213,0.315721,0.8,0.2,0,4,42000.00,-14.7557,-58.0462
Hidráulica,Hidráulica,Hidráulica,0.122595,0.859863,0.0175423,0.4,0.6,0,4,100956.00,-23.2102,-49.2304
Hidráulica,Hidráulica,Hidráulica,0.376911,0.610566,0.0125231,0,1,0,4,198000.00,-19.5005,-40.9185
Hidráulica,Hidráulica,Hidráulica,0.394499,0.574177,0.031324,0.2,0.6,0.2,4,25000.00,-20.4569,-41.4793
Hidráulica,Hidráulica,Hidráulica,0.0943749,0.899543,0.00608162,0,1,0,4,347400.00,-21.1189,-50.2011
Hidráulica,Hidráulica,Hidráulica,0.287826,0.56213,0.150044,0,0.6,0.4,4,30000.00,-15.7978,-47.784
Hidráulica,Hidráulica,Hidráulica,0.0438857,0.945329,0.0107854,0.2,0.8,0,4,6200.00,-28.283,-53.8103
Hidráulica,Hidráulica,Eólica,0.126508,0.851354,0.0221372,0.6,0.2,0.2,4,70000.00,-23.1542,-49.38
Hidráulica,Hidráulica,Hidráulica,0.0978605,0.83757,0.0645693,0,1,0,4,176100.00,-17.6078,-54.8273
Hidráulica,Hidráulica,Hidráulica,0.171702,0.802512,0.0257867,0.4,0.6,0,4,24800.00,-23.2094,-47.2994
Hidráulica,Hidráulica,Hidráulica,0.0524042,0.940383,0.00721239,0,1,0,4,120000.00,-26.6577,-52.5449
Hidráulica,Hidráulica,Hidráulica,0.213046,0.748097,0.0388568,0,1,0,4,18060.00,-21.6271,-46.7904
Hidráulica,Hidráulica,Hidráulica,0.0923506,0.897113,0.010536,0,0.6,0.4,4,29280.00,-26.8797,-49.11
Hidráulica,Hidráulica,Hidráulica,0.0625157,0.937419,6.53268e-05,0,1,0,4,1275000.00,-13.8339,-48.3049
Hidráulica,Hidráulica,Eólica,0.283792,0.695427,0.0207807,0.6,0.2,0.2,4,60000.00,-21.9793,-43.3631
Hidráulica,Hidráulica,Hidráulica,0.0402987,0.959406,0.000295811,0,1,0,4,807500.00,-20.6687,-51.2998
Hidráulica,Hidráulica,Hidráulica,4.83616e-07,1,5.41893e-26,0,1,0,4,8535000.00,-3.8316,-49.6431
Hidráulica,Hidráulica,Hidráulica,0.129734,0.864468,0.00579833,0,1,0,4,380000.00,-20.0333,-48.2218
Hidráulica,Solar,Hidráulica,0.245648,0.254901,0.499451,0,1,0,4,392950.00,-0.65,-52.5167
Hidráulica,Hidráulica,Hidráulica,0.349289,0.615365,0.0353465,0,1,0,4,6970.00,-20.9071,-42.6616
Hidráulica,Eólica,Eólica,0.608854,0.303554,0.0875924,1,0,0,4,30000.00,-14.2291,-39.462
Hidráulica,Hidráulica,Hidráulica,0.0170026,0.982997,2.18353e-10,0,1,0,4,3162000.00,-9.61958,-37.7926
Hidráulica,Hidráulica,Hidráulica,0.0428221,0.957147,3.13883e-05,0,1,0,4,1192000.00,-18.4523,-47.9848
Hidráulica,Eólica,Hidráulica,0.405632,0.346838,0.247531,0.4,0.6,0,4,10650.00,-12.4524,-45.1907
Hidráulica,Solar,Eólica,0.0185089,0.0276427,0.953848,0.4,0.4,0.2,4,24960.00,-0.865937,-59.605
Hidráulica,Hidráulica,Hidráulica,0.0130251,0.986938,3.6498e-05,0,1,0,4,855000.00,-27.14,-53.0433
Hidráulica,Hidráulica,Eólica,0.110392,0.817799,0.0718091,1,0,0,4,48000.00,-20.0598,-53.1804
Hidráulica,Hidráulica,Hidráulica,0.209263,0.789119,0.0016174,0,1,0,4,1087000.00,-6.5891,-47.4665
Hidráulica,Hidráulica,Hidráulica,0.309485,0.647969,0.042546,0.2,0.6,0.2,4,83657.00,-18.8794,-44.7761
Hidráulica,Hidráulica,Eólica,0.0360673,0.955381,0.0085519,1,0,0,4,51000.00,-28.1774,-54.8146
Hidráulica,Eólica,Hidráulica,0.351007,0.336115,0.312878,0,1,0,4,14040.00,-11.6756,-46.6682
Hidráulica,Eólica,Hidráulica,0.351007,0.336115,0.312878,0,1,0,4,14040.00,-11.6756,-46.6682
Hidráulica,Hidráulica,Hidráulica,0.311398,0.654315,0.0342873,0,1,0,4,1680.00,-21.4815,-43.4622
Hidráulica,Hidráulica,Hidráulica,0.298994,0.674391,0.0266152,0,1,0,4,19000.00,-22.0089,-43.2653
Hidráulica,Hidráulica,Hidráulica,0.0737203,0.464368,0.461912,0,1,0,4,10000.00,-13.4054,-58.5988
Hidráulica,Solar,Eólica,0.0541035,0.394802,0.551095,0.6,0.4,0,4,11120.00,-12.4922,-60.472
Hidráulica,Hidráulica,Eólica,0.0831776,0.908798,0.00802484,0.8,0,0.2,4,18738.00,-28.1078,-48.9597
Hidráulica,Hidráulica,Hidráulica,0.0717094,0.9182,0.0100905,0,1,0,4,9400.00,-27.815,-50.4806
Hidráulica,Hidráulica,Hidráulica,0.407097,0.561377,0.0315263,0,1,0,4,8736.00,-20.6955,-41.082
Hidráulica,Hidráulica,Hidráulica,0.374878,0.586656,0.0384666,0.2,0.8,0,4,15800.00,-20.1829,-42.3656
Hidráulica,Hidráulica,Hidráulica,0.434341,0.53286,0.0327995,0.2,0.8,0,4,4840.00,-20.3934,-40.5727
Hidráulica,Hidráulica,Hidráulica,0.377849,0.58068,0.0414715,0,1,0,4,6516.00,-20.1219,-42.41
Hidráulica,Hidráulica,Hidráulica,0.26718,0.710128,0.0226921,0,0.8,0.2,4,25000.00,-22.6711,-43.7556
Hidráulica,Hidráulica,Hidráulica,0.362181,0.569878,0.0679408,0,1,0,4,4280.00,-18.6385,-43.9654
Hidráulica,Eólica,Hidráulica,0.755105,0.0982983,0.146597,0,1,0,4,1224.00,-8.59486,-35.3907
Hidráulica,Eólica,Eólica,0.422565,0.372636,0.204799,0.6,0.4,0,4,8000.00,-13.3389,-44.633
Hidráulica,Hidráulica,Hidráulica,0.157903,0.623537,0.21856,0.2,0.8,0,4,2400.00,-16.2997,-52.7075
Hidráulica,Solar,Hidráulica,0.108029,0.25859,0.633381,0,1,0,4,5180.00,-9.83333,-55.0161
Hidráulica,Hidráulica,Hidráulica,0.196688,0.763013,0.0402987,0.2,0.8,0,4,7215.00,-21.9265,-47.3663
Hidráulica,Hidráulica,Hidráulica,0.388308,0.573382,0.0383099,0.2,0.8,0,4,9000.00,-20.2277,-41.996
Hidráulica,Eólica,Hidráulica,0.341518,0.320148,0.338334,0,1,0,4,5500.00,-11.4682,-46.8148
Hidráulica,Solar,Hidráulica,0.0601826,0.459807,0.480011,0,0.8,0.2,4,2135.00,-13.6302,-59.8725
Hidráulica,Hidráulica,Hidráulica,0.0728626,0.611531,0.315606,0,1,0,4,28000.00,-15.2611,-58.7214
Hidráulica,Eólica,Solar,0.344632,0.331277,0.324091,0,0.4,0.6,4,5040.00,-11.7382,-46.7528
Hidráulica,Hidráulica,Hidráulica,0.129232,0.606748,0.264019,0,1,0,4,1200.00,-15.8388,-54.3819
Hidráulica,Hidráulica,Hidráulica,0.355804,0.597267,0.0469293,0.2,0.8,0,4,11000.00,-19.813,-43.2668
Hidráulica,Hidráulica,Hidráulica,0.401663,0.559413,0.0389246,0.2,0.8,0,4,9000.00,-20.0472,-41.7433
Hidráulica,Hidráulica,Solar,0.416505,0.544018,0.0394776,0.2,0.2,0.6,4,27000.00,-19.4369,-41.6144
Hidráulica,Hidráulica,Hidráulica,0.0630936,0.922603,0.0143036,0.4,0.6,0,4,15000.00,-26.7672,-52.3179
Hidráulica,Hidráulica,Hidráulica,0.207475,0.745833,0.0466918,0,1,0,4,3880.00,-21.4129,-47.3348
Hidráulica,Hidráulica,Hidráulica,0.256913,0.710132,0.0329547,0,1,0,4,1816.00,-22.1154,-44.8397
Hidráulica,Hidráulica,Hidráulica,0.301434,0.562477,0.13609,0.2,0.8,0,4,24000.00,-16.1921,-47.1735
Hidráulica,Hidráulica,Hidráulica,0.21837,0.738644,0.0429861,0,1,0,4,3500.00,-21.5844,-46.7475
Hidráulica,Hidráulica,Hidráulica,0.209384,0.733447,0.0571694,0.2,0.8,0,4,16000.00,-20.4382,-47.888
Hidráulica,Hidráulica,Hidráulica,0.385866,0.561518,0.0526161,0,1,0,4,14000.00,-19.0681,-42.89
Hidráulica,Hidráulica,Eólica,0.288904,0.516654,0.194442,0.8,0.2,0,4,9990.00,-15.1338,-48.0171
Hidráulica,Hidráulica,Hidráulica,0.0615322,0.924748,0.0137195,0.4,0.6,0,4,30000.00,-26.5778,-52.4961
Hidráulica,Hidráulica,Eólica,0.211018,0.69807,0.0909129,0.6,0.4,0,4,21690.00,-18.6883,-49.0092
Hidráulica,Hidráulica,Eólica,0.0703409,0.475938,0.453721,0.8,0.2,0,4,22302.00,-13.3174,-59.034
Hidráulica,Hidráulica,Hidráulica,0.209889,0.750669,0.0394413,0,1,0,4,4000.00,-21.9381,-46.8158
Hidráulica,Hidráulica,Hidráulica,0.160453,0.524269,0.315278,0,1,0,4,29020.00,-13.8521,-53.2563
Hidráulica,Hidráulica,Hidráulica,0.0705223,0.464853,0.464624,0.2,0.6,0.2,4,20160.00,-13.198,-58.9838
Hidráulica,Hidráulica,Hidráulica,0.0700222,0.471089,0.458889,0,1,0,4,17000.00,-13.37,-59.0126
Hidráulica,Hidráulica,Hidráulica,0.118458,0.682478,0.199064,0.4,0.6,0,4,24435.00,-16.713,-54.7484
Hidráulica,Hidráulica,Hidráulica,0.0658019,0.918762,0.0154361,0,0.8,0.2,4,1440.00,-26.794,-52.1357
Hidráulica,Hidráulica,Hidráulica,0.425282,0.545992,0.0287255,0,0.8,0.2,4,30000.00,-20.3281,-40.6369
Hidráulica,Hidráulica,Hidráulica,0.062283,0.930479,0.00723773,0,1,0,4,19000.00,-28.7925,-50.5654
Hidráulica,Hidráulica,Hidráulica,0.0587053,0.934545,0.00675015,0.4,0.6,0,4,23949.00,-28.9644,-50.799
Hidráulica,Eólica,Hidráulica,0.534537,0.404843,0.06062,0.4,0.6,0,4,11000.00,-17.0754,-40.0856
Hidráulica,Hidráulica,Hidráulica,0.116974,0.638406,0.24462,0.2,0.8,0,4,13300.00,-16.0901,-55.0735
Hidráulica,Eólica,Hidráulica,0.346643,0.345137,0.30822,0.2,0.8,0,4,9300.00,-11.9505,-46.7555
Hidráulica,Hidráulica,Hidráulica,0.0529713,0.939086,0.00794273,0,1,0,4,16000.00,-28.7747,-51.8431
Hidráulica,Hidráulica,Hidráulica,0.142511,0.740826,0.116663,0.2,0.8,0,4,13774.00,-18.7361,-52.2964
Hidráulica,Solar,Hidráulica,0.0836802,0.441613,0.474707,0,1,0,4,30000.00,-12.5303,-57.8808
Hidráulica,Hidráulica,Hidráulica,0.0703908,0.91161,0.0179996,0.4,0.6,0,4,9000.00,-26.0532,-52.1802
Hidráulica,Hidráulica,Hidráulica,0.113219,0.798222,0.0885591,0,1,0,4,19000.00,-19.9767,-53.2717
Hidráulica,Hidráulica,Hidráulica,0.0698044,0.9204,0.00979533,0,1,0,4,19000.00,-27.7172,-50.6575
Hidráulica,Solar,Hidráulica,0.030933,0.237962,0.731105,0.2,0.4,0.4,4,20000.00,-9.93694,-63.0764
Hidráulica,Solar,Hidráulica,0.0497347,0.389127,0.561138,0.2,0.6,0.2,4,21000.00,-12.2307,-61.084
Hidráulica,Hidráulica,Eólica,0.0638119,0.918838,0.0173498,0.8,0.2,0,4,29810.00,-25.8069,-52.8986
Hidráulica,Hidráulica,Eólica,0.18126,0.651833,0.166907,0.4,0.2,0.4,4,29328.00,-16.5353,-51.4803
Hidráulica,Solar,Hidráulica,0.0393229,0.335667,0.62501,0,0.8,0.2,4,1400.00,-11.9956,-62.1714
Hidráulica,Hidráulica,Hidráulica,0.134088,0.766749,0.0991627,0,1,0,4,20000.00,-19.2828,-52.3978
Hidráulica,Hidráulica,Hidráulica,0.0927565,0.895502,0.0117419,0,1,0,4,24000.00,-26.6618,-49.3326
Hidráulica,Hidráulica,Hidráulica,0.357853,0.409405,0.232742,0.2,0.8,0,4,12060.00,-13.3953,-46.3903
Hidráulica,Hidráulica,Hidráulica,0.0598391,0.933343,0.00681771,0,1,0,4,29025.00,-28.7918,-50.7465
Hidráulica,Hidráulica,Hidráulica,0.0556441,0.928305,0.0160512,0,1,0,4,8700.00,-26.7108,-53.3917
Hidráulica,Hidráulica,Hidráulica,0.0796629,0.906283,0.0140537,0,1,0,4,16000.00,-26.4983,-50.7572
Hidráulica,Hidráulica,Hidráulica,0.329565,0.637686,0.0327489,0.2,0.8,0,4,8000.00,-21.315,-42.945
Hidráulica,Hidráulica,Hidráulica,0.0582227,0.933127,0.0086501,0.4,0.6,0,4,9000.00,-28.5608,-51.407
Hidráulica,Hidráulica,Hidráulica,0.0369786,0.955407,0.00761412,0,1,0,4,12199.00,-29.4117,-54
Hidráulica,Hidráulica,Hidráulica,0.0563909,0.926667,0.0169421,0,1,0,4,6500.00,-26.5778,-53.4336
Hidráulica,Hidráulica,Solar,0.362368,0.575743,0.0618882,0,0.2,0.8,4,30000.00,-18.3629,-43.96
Hidráulica,Hidráulica,Eólica,0.0819727,0.905662,0.0123655,0.4,0.4,0.2,4,9260.00,-27.0142,-50.1614
Hidráulica,Hidráulica,Hidráulica,0.190117,0.690628,0.119256,0,1,0,4,30000.00,-17.7278,-50.4519
Hidráulica,Hidráulica,Hidráulica,0.135437,0.751621,0.112942,0.2,0.8,0,4,8838.00,-19.0576,-52.5321
Hidráulica,Hidráulica,Hidráulica,0.0728081,0.917011,0.0101805,0.2,0.8,0,4,22600.00,-27.46,-50.5197
Hidráulica,Hidráulica,Hidráulica,0.0587918,0.925736,0.0154727,0,1,0,4,4600.00,-26.8533,-52.9003
Hidráulica,Hidráulica,Hidráulica,0.0491139,0.943115,0.00777133,0.2,0.8,0,4,6400.00,-29.156,-52.1871
Hidráulica,Hidráulica,Hidráulica,0.093093,0.893961,0.0129458,0,1,0,4,5600.00,-26.7838,-49.4169
Hidráulica,Hidráulica,Hidráulica,0.0562409,0.9274,0.0163588,0,0.8,0.2,4,5100.00,-26.7228,-53.3433
Hidráulica,Hidráulica,Hidráulica,0.0664164,0.917766,0.0158175,0,1,0,4,19500.00,-26.285,-52.2978
Hidráulica,Hidráulica,Hidráulica,0.0670253,0.924504,0.00847027,0,1,0,4,5750.00,-28.5259,-50.4077
Hidráulica,Hidráulica,Hidráulica,0.129646,0.775561,0.0947927,0,1,0,4,18000.00,-19.5453,-52.5053
Hidráulica,Hidráulica,Hidráulica,0.111295,0.648802,0.239903,0,1,0,4,5200.00,-16.4517,-55.3166
Hidráulica,Hidráulica,Hidráulica,0.0617566,0.927352,0.0108913,0,1,0,4,24000.00,-27.4277,-51.7882
Hidráulica,Eólica,Hidráulica,0.410722,0.355002,0.234276,0,0.8,0.2,4,17001.00,-12.5529,-45.095
Hidráulica,Hidráulica,Hidráulica,0.275439,0.58678,0.137781,0,1,0,4,14000.00,-16.6457,-47.8322
Hidráulica,Hidráulica,Hidráulica,0.426472,0.536806,0.0367216,0.4,0.6,0,4,10500.00,-19.9653,-41.0761
Hidráulica,Hidráulica,Hidráulica,0.0803843,0.899209,0.0204072,0,1,0,4,10000.00,-25.4635,-51.6608
Hidráulica,Hidráulica,Hidráulica,0.0889218,0.491544,0.419534,0.2,0.8,0,4,15000.00,-13.627,-57.3987
Hidráulica,Hidráulica,Hidráulica,0.0577628,0.933846,0.00839163,0,1,0,4,11825.00,-28.598,-51.3992
Hidráulica,Hidráulica,Hidráulica,0.0929873,0.894552,0.0124603,0,0.8,0.2,4,9750.00,-26.807,-49.3556
Hidráulica,Hidráulica,Hidráulica,0.0706487,0.921147,0.00820477,0.2,0.8,0,4,7200.00,-28.523,-49.9896
Hidráulica,Hidráulica,Hidráulica,0.0680469,0.923788,0.0081652,0,1,0,4,9500.00,-28.5321,-50.2406
Hidráulica,Hidráulica,Hidráulica,0.0682196,0.923397,0.00838348,0,1,0,4,7270.00,-28.4997,-50.2775
Hidráulica,Hidráulica,Hidráulica,0.188413,0.670988,0.140598,0,1,0,4,24000.00,-17.2599,-50.8149
Hidráulica,Hidráulica,Hidráulica,0.0640057,0.925617,0.0103773,0,1,0,4,24000.00,-27.5323,-51.4234
Hidráulica,Hidráulica,Hidráulica,0.104887,0.849846,0.0452673,0,1,0,4,7300.00,-22.6171,-51.9968
Hidráulica,Hidráulica,Hidráulica,0.0711225,0.910196,0.0186815,0,1,0,4,5500.00,-26.0054,-52.1835
Hidráulica,Hidráulica,Hidráulica,0.0570622,0.925633,0.0173047,0,1,0,4,5600.00,-26.5183,-53.4069
Hidráulica,Hidráulica,Solar,0.124404,0.76553,0.110066,0,0.4,0.6,4,22000.00,-18.9856,-53.1689
Hidráulica,Hidráulica,Eólica,0.157057,0.736556,0.106387,0.8,0.2,0,4,29800.00,-18.5247,-51.5501
Hidráulica,Hidráulica,Hidráulica,0.0629929,0.925404,0.0116033,0,1,0,4,16000.00,-27.3939,-51.7643
Hidráulica,Hidráulica,Hidráulica,0.0658209,0.912747,0.0214321,0.2,0.8,0,4,8000.00,-25.6161,-53.0819
Hidráulica,Hidráulica,Hidráulica,0.110219,0.644902,0.244879,0,1,0,4,10000.00,-16.2625,-55.455
Hidráulica,Solar,Hidráulica,0.111359,0.262782,0.625859,0,1,0,4,9500.00,-9.80389,-54.8861
Hidráulica,Hidráulica,Hidráulica,0.0737409,0.916933,0.00932591,0.2,0.8,0,4,6400.00,-28.0919,-50.0557
Hidráulica,Hidráulica,Hidráulica,0.0749288,0.9161,0.00897082,0,1,0,4,10000.00,-28.1067,-49.8755
Hidráulica,Hidráulica,Hidráulica,0.0689205,0.577211,0.353869,0,1,0,4,19000.00,-14.9453,-59.1099
Hidráulica,Hidráulica,Hidráulica,0.138182,0.649107,0.212711,0,1,0,4,360.00,-16.7214,-53.588
Hidráulica,Hidráulica,Hidráulica,0.0949764,0.889878,0.0151451,0,1,0,4,552.00,-26.3864,-49.6692
Hidráulica,Hidráulica,Hidráulica,0.218054,0.740628,0.0413173,0,1,0,4,720.00,-21.7819,-46.6316
Hidráulica,Hidráulica,Hidráulica,0.47279,0.482293,0.0449169,0,1,0,4,900.00,-19.0458,-40.5381
Hidráulica,Hidráulica,Hidráulica,0.0774972,0.901307,0.0211954,0,1,0,4,824.00,-25.6074,-51.9239
Hidráulica,Hidráulica,Hidráulica,0.11077,0.705424,0.183805,0,1,0,4,4500.00,-17.6189,-54.8883
Hidráulica,Hidráulica,Solar,0.19321,0.773416,0.0333737,0.2,0,0.8,4,1.69,-22.7401,-46.9374
Hidráulica,Hidráulica,Hidráulica,0.0505179,0.939947,0.00953527,0,1,0,4,3700.00,-28.5558,-52.5456
Hidráulica,Hidráulica,Hidráulica,0.0488548,0.942449,0.00869619,0,1,0,4,1196.00,-28.9377,-52.4859
Hidráulica,Solar,Hidráulica,0.0543157,0.251289,0.694395,0,1,0,4,2788.00,-10.165,-59.4524
Hidráulica,Hidráulica,Hidráulica,0.0626152,0.925467,0.0119181,0,0.8,0.2,4,1100.00,-27.6663,-51.748
Hidráulica,Hidráulica,Hidráulica,0.174424,0.780473,0.0451028,0.2,0.8,0,4,4860.00,-21.8469,-48.4894
Hidráulica,Hidráulica,Hidráulica,0.0527302,0.938708,0.00856153,0,1,0,4,667.20,-28.9071,-51.9467
Hidráulica,Hidráulica,Hidráulica,0.207933,0.755225,0.0368424,0,1,0,4,576.00,-22.2587,-46.676
Hidráulica,Hidráulica,Solar,0.162798,0.812046,0.0251561,0.2,0,0.8,4,4.40,-23.9626,-47.3902
Hidráulica,Hidráulica,Hidráulica,0.121792,0.828635,0.0495729,0,1,0,4,720.00,-22.2469,-51.1708
Hidráulica,Hidráulica,Hidráulica,0.0501405,0.938716,0.0111434,0,1,0,4,2880.00,-28.103,-53.0149
Hidráulica,Hidráulica,Hidráulica,0.378017,0.580808,0.0411744,0,1,0,4,416.00,-20.2865,-42.3353
Hidráulica,Hidráulica,Hidráulica,0.171064,0.727453,0.101483,0,1,0,4,190.00,-19.2257,-50.5855
Hidráulica,Hidráulica,Hidráulica,0.0542561,0.938982,0.00676202,0,1,0,4,1270.00,-29.5841,-51.1173
Hidráulica,Hidráulica,Hidráulica,0.104377,0.880713,0.0149101,0,1,0,4,780.00,-26.295,-49.0014
Hidráulica,Hidráulica,Hidráulica,0.0779243,0.909147,0.0129282,0,1,0,4,880.00,-27.1392,-50.5431
Hidráulica,Hidráulica,Hidráulica,0.0459652,0.942868,0.011167,0,1,0,4,740.00,-28.249,-53.5614
Hidráulica,Hidráulica,Hidráulica,0.0579546,0.927824,0.0142211,0,0.8,0.2,4,5000.00,-27.1236,-52.7663
Hidráulica,Hidráulica,Hidráulica,0.0681864,0.914056,0.0177575,0,1,0,4,2800.00,-26.2808,-52.2972
Hidráulica,Hidráulica,Hidráulica,0.446482,0.515194,0.0383241,0,1,0,4,440.00,-19.8603,-40.6789
Hidráulica,Hidráulica,Hidráulica,0.0590787,0.933717,0.00720455,0,1,0,4,1120.00,-29.2891,-50.7405
Hidráulica,Hidráulica,Hidráulica,0.173078,0.787248,0.0396737,0,1,0,4,640.00,-22.3778,-48.1742
Hidráulica,Hidráulica,Hidráulica,0.151444,0.822832,0.0257235,0,1,0,4,800.00,-23.9997,-47.9571
Hidráulica,Hidráulica,Hidráulica,0.0689581,0.870884,0.0601578,0,0.8,0.2,4,664.00,-22.4142,-55.4392
Hidráulica,Hidráulica,Hidráulica,0.0510763,0.935158,0.0137657,0,1,0,4,880.00,-27.4736,-53.4575
Hidráulica,Hidráulica,Hidráulica,0.31036,0.637906,0.0517345,0.2,0.8,0,4,2500.00,-20.1125,-44.5478
Hidráulica,Solar,Hidráulica,0.0454344,0.381344,0.573221,0,1,0,4,3804.42,-12.5741,-61.4903
Hidráulica,Hidráulica,Hidráulica,0.0742085,0.905747,0.020045,0,1,0,4,4320.00,-25.7576,-52.0869
Hidráulica,Hidráulica,Hidráulica,0.125047,0.84753,0.0274229,0.2,0.8,0,4,3960.00,-24.037,-49.4629
Hidráulica,Hidráulica,Hidráulica,0.211604,0.679717,0.10868,0,1,0,4,704.00,-18.5253,-49.2153
Hidráulica,Hidráulica,Hidráulica,0.132202,0.841294,0.0265045,0,0.8,0.2,4,660.00,-24.1337,-48.966
Hidráulica,Hidráulica,Hidráulica,0.11218,0.867149,0.0206709,0,1,0,4,1500.00,-25.1519,-49.4128
Hidráulica,Solar,Hidráulica,0.0528773,0.41824,0.528883,0,1,0,4,2000.00,-13.0841,-60.6221
Hidráulica,Hidráulica,Hidráulica,0.0887892,0.886796,0.0244147,0,1,0,4,2920.00,-24.9306,-51.4289
Hidráulica,Solar,Hidráulica,0.0526439,0.421662,0.525694,0,1,0,4,1480.00,-13.1517,-60.6567
Hidráulica,Hidráulica,Hidráulica,0.165578,0.804216,0.0302058,0,1,0,4,1000.00,-23.3275,-47.7689
Hidráulica,Hidráulica,Hidráulica,0.233301,0.688493,0.0782062,0,1,0,4,24.00,-19.4983,-47.7269
Hidráulica,Hidráulica,Hidráulica,0.0839908,0.891,0.0250089,0,0.8,0.2,4,40.00,-24.9978,-51.8349
Hidráulica,Hidráulica,Hidráulica,0.090197,0.88414,0.025663,0,1,0,4,80.00,-24.8178,-51.4345
Hidráulica,Hidráulica,Hidráulica,0.0763491,0.90753,0.0161209,0.2,0.8,0,4,160.00,-26.4974,-51.2731
Hidráulica,Hidráulica,Hidráulica,0.052583,0.93362,0.0137972,0,1,0,4,520.00,-27.44,-53.2732
Hidráulica,Hidráulica,Hidráulica,0.366914,0.59123,0.0418563,0,1,0,4,3000.00,-20.2768,-42.6515
Hidráulica,Hidráulica,Hidráulica,0.050776,0.935233,0.0139908,0,1,0,4,1000.00,-27.4275,-53.5408
Hidráulica,Hidráulica,Hidráulica,0.109517,0.535835,0.354648,0,0.8,0.2,4,120.00,-14.6286,-55.7986
Hidráulica,Hidráulica,Hidráulica,0.0508229,0.93592,0.013257,0,1,0,4,801.00,-27.5981,-53.3858
Hidráulica,Hidráulica,Hidráulica,0.052462,0.934232,0.0133056,0,1,0,4,270.00,-27.5611,-53.1867
Hidráulica,Hidráulica,Hidráulica,0.102151,0.883004,0.0148441,0,1,0,4,480.00,-26.3469,-49.1303
Hidráulica,Hidráulica,Hidráulica,0.0397721,0.947566,0.0126615,0,1,0,4,953.10,-28.0231,-54.8354
Hidráulica,Hidráulica,Hidráulica,0.090669,0.88246,0.0268714,0.2,0.8,0,4,4000.00,-24.5736,-51.5573
Hidráulica,Hidráulica,Hidráulica,0.0649552,0.9197,0.0153447,0.2,0.8,0,4,4000.00,-26.7691,-52.2258
Hidráulica,Hidráulica,Hidráulica,0.116992,0.621917,0.261091,0,1,0,4,4500.00,-15.9919,-55.0872
Hidráulica,Hidráulica,Hidráulica,0.0765308,0.902865,0.0206047,0,1,0,4,3600.00,-25.6478,-51.9536
Hidráulica,Hidráulica,Hidráulica,0.312888,0.660516,0.0265952,0,1,0,4,49.80,-22.3255,-42.7433
Hidráulica,Hidráulica,Hidráulica,0.362119,0.60537,0.032511,0,1,0,4,1600.00,-21.1857,-42.0999
Hidráulica,Hidráulica,Hidráulica,0.112721,0.618607,0.268672,0,1,0,4,2000.00,-15.9781,-55.3594
Hidráulica,Hidráulica,Hidráulica,0.112446,0.684246,0.203308,0,1,0,4,264.00,-17.2739,-54.933
Hidráulica,Hidráulica,Hidráulica,0.259087,0.644769,0.0961432,0,1,0,4,990.00,-18.4819,-47.4272
Hidráulica,Hidráulica,Hidráulica,0.0825535,0.904688,0.0127582,0,0.6,0.4,4,1085.40,-27.0986,-50.13
Hidráulica,Hidráulica,Hidráulica,0.0875314,0.887623,0.0248459,0,1,0,4,400.00,-24.9537,-51.5484
Hidráulica,Hidráulica,Hidráulica,0.0591776,0.922543,0.0182793,0,1,0,4,836.00,-26.4139,-53.2792
Hidráulica,Hidráulica,Hidráulica,0.0426033,0.945487,0.0119097,0,1,0,4,439.90,-28.1454,-54.2227
Hidráulica,Hidráulica,Hidráulica,0.0579092,0.923927,0.018164,0,0.8,0.2,4,1400.00,-26.4471,-53.4071
Hidráulica,Solar,Hidráulica,0.0422753,0.0441109,0.913614,0,1,0,4,50.00,-2.64988,-55.7254
Hidráulica,Hidráulica,Hidráulica,0.230291,0.730601,0.0391081,0,1,0,4,1000.00,-21.8345,-46.0922
Hidráulica,Hidráulica,Hidráulica,0.0673824,0.919399,0.0132186,0,1,0,4,340.00,-27.271,-51.5482
Hidráulica,Eólica,Hidráulica,0.620492,0.271856,0.107651,0.2,0.8,0,4,144.00,-13.837,-39.2776
Hidráulica,Hidráulica,Hidráulica,0.0897555,0.899683,0.0105616,0,1,0,4,3187.80,-27.5204,-49.0795
Hidráulica,Hidráulica,Hidráulica,0.0761535,0.909296,0.0145501,0,1,0,4,344.00,-26.8153,-51.0119
Hidráulica,Hidráulica,Hidráulica,0.0645176,0.919585,0.0158973,0,1,0,4,360.00,-26.7525,-52.3347
Hidráulica,Hidráulica,Hidráulica,0.398851,0.55602,0.0451288,0,1,0,4,999.00,-19.7665,-42.109
Hidráulica,Hidráulica,Hidráulica,0.362681,0.592882,0.0444372,0,1,0,4,540.00,-20.1747,-42.8792
Hidráulica,Hidráulica,Hidráulica,0.0568047,0.924559,0.0186365,0,1,0,4,55.00,-26.4219,-53.5898
Hidráulica,Hidráulica,Hidráulica,0.331912,0.62007,0.0480186,0,1,0,4,1320.00,-20.1873,-43.8118
Hidráulica,Hidráulica,Hidráulica,0.300377,0.65246,0.0471632,0,1,0,4,1575.00,-20.538,-44.5648
Hidráulica,Hidráulica,Hidráulica,0.0579019,0.933156,0.00894243,0,1,0,4,900.00,-28.6542,-51.4643
Hidráulica,Hidráulica,Hidráulica,0.0810219,0.903272,0.0157066,0,1,0,4,2700.00,-26.4406,-50.8347
Hidráulica,Hidráulica,Hidráulica,0.232655,0.70607,0.0612746,0,0.8,0.2,4,650.00,-20.3298,-47.1575
Hidráulica,Hidráulica,Hidráulica,0.0498132,0.942903,0.00728337,0,1,0,4,705.75,-29.4714,-51.8681
Hidráulica,Solar,Hidráulica,0.0577436,0.448865,0.493391,0,1,0,4,1940.00,-13.4948,-60.1226
Hidráulica,Hidráulica,Hidráulica,0.08167,0.906996,0.011334,0,1,0,4,990.00,-27.4816,-49.8756
Hidráulica,Hidráulica,Hidráulica,0.0728767,0.918405,0.00871806,0,1,0,4,2430.00,-28.4074,-49.9129
Hidráulica,Hidráulica,Hidráulica,0.0884308,0.898827,0.0127419,0,1,0,4,2016.00,-26.9876,-49.6818
Hidráulica,Hidráulica,Hidráulica,0.0381013,0.956814,0.00508424,0.2,0.8,0,4,4860.00,-30.788,-52.6298
Hidráulica,Hidráulica,Hidráulica,0.0448827,0.949431,0.00568615,0,1,0,4,2250.00,-30.3177,-51.8676
Hidráulica,Hidráulica,Hidráulica,0.0759136,0.912234,0.0118523,0,1,0,4,990.00,-27.44,-50.4772
Hidráulica,Hidráulica,Hidráulica,0.387996,0.409431,0.202573,0,1,0,4,1000.00,-13.9969,-45.4025
Hidráulica,Hidráulica,Hidráulica,0.315137,0.637803,0.0470606,0,1,0,4,3400.00,-20.364,-44.1957
Hidráulica,Hidráulica,Hidráulica,0.0580768,0.927384,0.0145391,0,1,0,4,720.00,-27.1522,-52.7761
Hidráulica,Hidráulica,Hidráulica,0.0891464,0.882638,0.0282154,0,1,0,4,1000.00,-24.5125,-51.7739
Hidráulica,Hidráulica,Hidráulica,0.0847701,0.90235,0.0128802,0,1,0,4,191.20,-27.0543,-49.9741
Hidráulica,Hidráulica,Hidráulica,0.130302,0.739237,0.130461,0,1,0,4,504.00,-18.7844,-53.0458
Hidráulica,Hidráulica,Hidráulica,0.0487271,0.942566,0.00870705,0,1,0,4,864.00,-28.9447,-52.5033
Hidráulica,Hidráulica,Hidráulica,0.0605087,0.931298,0.00819347,0,1,0,4,1000.00,-28.8669,-50.9392
Hidráulica,Hidráulica,Hidráulica,0.254469,0.717581,0.0279499,0,1,0,4,288.00,-22.7032,-44.4636
Hidráulica,Hidráulica,Hidráulica,0.0643878,0.918844,0.0167681,0,1,0,4,720.00,-26.5806,-52.4962
Hidráulica,Hidráulica,Solar,0.085435,0.903076,0.0114892,0.4,0,0.6,4,0.99,-27.4019,-49.6081
Hidráulica,Hidráulica,Hidráulica,0.0408361,0.947015,0.0121489,0,1,0,4,175.50,-28.1389,-54.5464
Hidráulica,Hidráulica,Hidráulica,0.333656,0.636947,0.029397,0,1,0,4,990.00,-21.7903,-42.5025
Hidráulica,Hidráulica,Hidráulica,0.0679522,0.916069,0.0159793,0,1,0,4,80.00,-26.6774,-52.009
Hidráulica,Hidráulica,Hidráulica,0.268467,0.647025,0.0845079,0,1,0,4,300.00,-18.8697,-46.8517
Hidráulica,Hidráulica,Hidráulica,0.207956,0.758792,0.0332519,0,1,0,4,1250.00,-22.5737,-46.4118
Hidráulica,Hidráulica,Hidráulica,0.0579778,0.9276,0.0144226,0,0.8,0.2,4,1440.00,-27.1625,-52.7714
Hidráulica,Hidráulica,Hidráulica,0.35545,0.609573,0.0349767,0,1,0,4,1260.00,-21.0172,-42.4408
Hidráulica,Hidráulica,Hidráulica,0.338436,0.568381,0.0931824,0.2,0.4,0.4,4,1.03,-17.8331,-45.2233
Hidráulica,Hidráulica,Hidráulica,0.0794597,0.912465,0.00807499,0,1,0,4,850.00,-28.5669,-49.1225
Hidráulica,Hidráulica,Hidráulica,0.348359,0.6105,0.0411415,0,1,0,4,831.00,-20.5592,-43.0206
Hidráulica,Hidráulica,Hidráulica,0.252331,0.720514,0.0271549,0,1,0,4,450.00,-22.8118,-44.4516
Hidráulica,Hidráulica,Hidráulica,0.071782,0.914709,0.013509,0,1,0,4,1000.00,-27.1073,-51.2011
Hidráulica,Hidráulica,Hidráulica,0.066411,0.919509,0.0140799,0,1,0,4,700.00,-27.0853,-51.8183
Hidráulica,Solar,Hidráulica,0.106909,0.407161,0.48593,0,1,0,4,249.60,-12.5881,-55.8752
Hidráulica,Hidráulica,Hidráulica,0.0669897,0.904102,0.0289084,0,1,0,4,2700.00,-24.7742,-53.7265
Hidráulica,Hidráulica,Hidráulica,0.0719674,0.911194,0.016839,0,1,0,4,846.40,-26.4227,-51.784
Hidráulica,Hidráulica,Eólica,0.0635244,0.922865,0.0136108,0.8,0.2,0,4,4950.00,-27.1471,-52.0512
Hidráulica,Hidráulica,Hidráulica,0.0404736,0.950016,0.0095107,0.2,0.8,0,4,4850.00,-28.7958,-53.9716
Hidráulica,Hidráulica,Solar,0.452893,0.511184,0.0359222,0,0.4,0.6,4,7.50,-20.0219,-40.3786
Hidráulica,Hidráulica,Hidráulica,0.0898014,0.884814,0.0253841,0,1,0,4,1600.00,-24.8229,-51.4473
Hidráulica,Hidráulica,Hidráulica,0.0757766,0.911262,0.0129614,0,1,0,4,400.00,-27.1792,-50.7289
Hidráulica,Hidráulica,Hidráulica,0.0632412,0.917284,0.0194753,0,1,0,4,240.00,-26.1473,-53.0154
Hidráulica,Hidráulica,Hidráulica,0.0796498,0.529159,0.391191,0,1,0,4,300.00,-14.5863,-58.0213
Hidráulica,Hidráulica,Hidráulica,0.0503308,0.939565,0.010104,0,1,0,4,280.00,-28.4614,-52.6992
Hidráulica,Hidráulica,Hidráulica,0.095948,0.482892,0.42116,0,0.6,0.4,4,5000.00,-13.7031,-56.7859
Hidráulica,Hidráulica,Hidráulica,0.082642,0.90459,0.0127682,0,1,0,4,980.00,-27.0972,-50.1242
Hidráulica,Hidráulica,Hidráulica,0.0823674,0.902646,0.0149863,0.2,0.8,0,4,2975.00,-26.5581,-50.6009
Hidráulica,Hidráulica,Hidráulica,0.289274,0.680168,0.0305579,0,1,0,4,3000.00,-22.0285,-43.7481
Hidráulica,Eólica,Hidráulica,0.391877,0.332044,0.276079,0,1,0,4,800.00,-12.2087,-45.4742
Hidráulica,Hidráulica,Hidráulica,0.0893901,0.899518,0.0110921,0,1,0,4,3300.00,-27.372,-49.2419
Hidráulica,Hidráulica,Hidráulica,0.0862586,0.904503,0.00923808,0,1,0,4,670.00,-28.0466,-48.9519
Hidráulica,Hidráulica,Hidráulica,0.363093,0.601284,0.0356237,0,1,0,4,3000.00,-20.8451,-42.3264
Hidráulica,Hidráulica,Hidráulica,0.0932923,0.896471,0.010237,0.2,0.8,0,4,2400.00,-27.5817,-48.7317
Hidráulica,Hidráulica,Hidráulica,0.0617699,0.923272,0.0149579,0,1,0,4,486.00,-26.9933,-52.4522
Hidráulica,Solar,Hidráulica,0.338049,0.316748,0.345203,0,0.8,0.2,4,4400.00,-11.3998,-46.8881
Hidráulica,Eólica,Hidráulica,0.998595,0.00030599,0.00109941,0.2,0.8,0,4,2000.00,0,0
Hidráulica,Eólica,Hidráulica,0.998592,0.000305717,0.00110233,0,1,0,4,1500.00,0,0
Hidráulica,Eólica,Hidráulica,0.998586,0.000305061,0.0011094,0,1,0,4,297.50,0,0
Solar,Solar,Solar,0.0247678,0.236448,0.738784,0,0,1,5,20.48,-10.4428,-64.1519
Solar,Eólica,Hidráulica,0.655222,0.223629,0.121149,0,1,0,5,404.80,-12.9458,-38.4178
Solar,Hidráulica,Solar,0.110665,0.875714,0.0136207,0.2,0.2,0.6,5,1.70,-27.448,-48.5017
Solar,Eólica,Eólica,0.630362,0.0848417,0.284797,0.8,0,0.2,5,47600.00,-4.89319,-37.9993
Solar,Hidráulica,Solar,0.128571,0.811509,0.0599205,0,0.2,0.8,5,27000.00,-21.4662,-51.5917
Solar,Eólica,Solar,0.446951,0.34378,0.20927,0,0,1,5,28000.00,-12.6042,-44.1157
Solar,Hidráulica,Solar,0.152686,0.799452,0.0478611,0,0,1,5,30000.00,-21.8884,-49.8729
Solar,Hidráulica,Solar,0.152823,0.799406,0.0477707,0,0,1,5,30000.00,-21.8934,-49.8619
Solar,Hidráulica,Solar,0.152634,0.799629,0.0477364,0,0,1,5,30000.00,-21.8981,-49.8687
Solar,Hidráulica,Solar,0.36083,0.546243,0.0929275,0,0.2,0.8,5,27000.00,-17.4052,-44.887
Solar,Eólica,Solar,0.651442,0.107617,0.24094,0,0,1,5,27000.00,-6.94947,-37.9831
Solar,Eólica,Solar,0.487132,0.178664,0.334204,0,0,1,5,30000.00,-8.20961,-42.5394
Solar,Hidráulica,Solar,0.360183,0.549295,0.0905216,0,0,1,5,31000.00,-17.4087,-44.8854
Solar,Hidráulica,Solar,0.359297,0.549949,0.0907547,0,0,1,5,31000.00,-17.4077,-44.9122
Solar,Hidráulica,Solar,0.359096,0.550082,0.0908221,0,0,1,5,31000.00,-17.4068,-44.9186
Solar,Hidráulica,Hidráulica,0.273579,0.638455,0.0879664,0,0.6,0.4,5,30000.00,-18.4197,-47.0636
Solar,Eólica,Solar,0.723399,0.0704026,0.206198,0,0,1,5,30000.00,-5.49632,-35.4165
Solar,Eólica,Eólica,0.409729,0.334389,0.255882,0.6,0,0.4,5,23660.00,-12.0349,-45.0707
Solar,Eólica,Eólica,0.409745,0.334951,0.255304,0.6,0,0.4,5,23660.00,-12.0492,-45.0702
Solar,Eólica,Eólica,0.4485,0.344547,0.206953,0.8,0,0.2,5,29400.00,-12.609,-44.0851
Solar,Eólica,Eólica,0.446029,0.338722,0.215249,0.6,0.4,0,5,21000.00,-12.6394,-44.0848
Solar,Eólica,Solar,0.407432,0.286409,0.306159,0,0,1,5,50000.00,-10.1077,-45.2997
Solar,Eólica,Eólica,0.40513,0.282861,0.31201,0.6,0,0.4,5,45680.00,-10.1146,-45.3006
Solar,Eólica,Solar,0.399261,0.27324,0.327499,0.2,0,0.8,5,34542.00,-10.1234,-45.2931
Solar,Eólica,Eólica,0.586244,0.188371,0.225385,0.6,0,0.4,5,30000.00,-9.5319,-40.4878
Solar,Eólica,Eólica,0.586244,0.188371,0.225385,0.6,0,0.4,5,30000.00,-9.5319,-40.4878
Solar,Hidráulica,Solar,0.292026,0.596456,0.111518,0,0,1,5,33000.00,-17.2239,-47.0872
Solar,Hidráulica,Solar,0.133871,0.806424,0.0597046,0,0,1,5,49999.32,-20.8,-51.5287
Solar,Eólica,Eólica,0.616603,0.142189,0.241208,0.6,0,0.4,5,30000.00,-8.08547,-39.3534
Solar,Hidráulica,Eólica,0.170098,0.746504,0.0833987,0.4,0.2,0.4,5,23040.00,-19.8847,-50.3971
Solar,Eólica,Eólica,0.640875,0.132026,0.227099,0.8,0,0.2,5,31500.00,-7.89336,-38.6964
Solar,Eólica,Solar,0.472057,0.35725,0.170693,0.4,0,0.6,5,30000.00,-13.3203,-43.3723
Solar,Eólica,Solar,0.407126,0.257636,0.335238,0,0,1,5,48118.00,-9.42086,-45.1565
Solar,Eólica,Solar,0.407337,0.257406,0.335257,0,0,1,5,48118.00,-9.41644,-45.1503
Solar,Hidráulica,Solar,0.141167,0.793846,0.0649877,0,0.4,0.6,5,41895.00,-20.625,-51.2915
Solar,Eólica,Solar,0.645149,0.132813,0.222038,0.4,0,0.6,5,32000.06,-7.97167,-38.6192
Solar,Eólica,Solar,0.645588,0.132773,0.221639,0.4,0,0.6,5,32000.06,-7.97556,-38.6089
Solar,Eólica,Eólica,0.506108,0.177926,0.315966,0.6,0,0.4,5,32164.00,-8.28011,-42.1522
Solar,Eólica,Eólica,0.505809,0.17766,0.316531,0.6,0,0.4,5,32164.00,-8.26861,-42.1554
Solar,Eólica,Eólica,0.503681,0.175502,0.320817,1,0,0,5,28840.00,-8.26643,-42.1428
Solar,Eólica,Eólica,0.503756,0.175686,0.320558,1,0,0,5,28840.00,-8.27331,-42.1434
Solar,Solar,Solar,0.00612241,0.0869876,0.90689,0,0,1,5,13.50,-6.91611,-69.9414
Solar,Hidráulica,Hidráulica,0.237958,0.656821,0.10522,0,1,0,5,655.00,-18.8731,-48.2458
Solar,Solar,Solar,0.0338232,0.0553935,0.910783,0,0,1,5,16.20,-3.38722,-57.5928
Solar,Eólica,Solar,0.622235,0.0844588,0.293307,0,0,1,5,30933.00,-5.23551,-37.9833
Solar,Hidráulica,Hidráulica,0.0520331,0.938763,0.00920376,0,1,0,5,44.10,-29.7253,-52.4277
Solar,Eólica,Solar,0.501087,0.369589,0.129324,0,0,1,5,50000.00,-13.772,-42.5548
Solar,Eólica,Solar,0.581272,0.195327,0.223401,0,0,1,5,31474.80,-9.68125,-40.6608
Solar,Eólica,Solar,0.58097,0.195916,0.223114,0,0,1,5,31474.80,-9.69854,-40.6713
Solar,Eólica,Solar,0.580082,0.195604,0.224315,0,0,1,5,31474.80,-9.67592,-40.6899
Solar,Eólica,Solar,0.580081,0.195795,0.224124,0,0,1,5,31474.80,-9.68276,-40.6911
Solar,Eólica,Solar,0.580319,0.195919,0.223763,0,0,1,5,31474.80,-9.69026,-40.6863
Solar,Eólica,Hidráulica,0.563309,0.279316,0.157375,0.2,0.6,0.2,5,73600.00,-11.222,-41.5857
Solar,Eólica,Solar,0.556044,0.26202,0.181936,0.2,0.2,0.6,5,46000.00,-11.2324,-41.5673
Solar,Eólica,Eólica,0.562142,0.276215,0.161643,0.6,0.4,0,5,69000.00,-11.2131,-41.5873
Solar,Hidráulica,Solar,0.432879,0.451171,0.115951,0,0,1,5,39496.00,-15.3806,-43.7859
Solar,Eólica,Solar,0.404481,0.280439,0.31508,0.2,0,0.8,5,43032.00,-10.119,-45.281
Solar,Hidráulica,Solar,0.43031,0.460362,0.109328,0,0.2,0.8,5,49370.00,-15.3981,-43.8307
Solar,Hidráulica,Solar,0.431211,0.459787,0.109002,0,0.2,0.8,5,49370.00,-15.4006,-43.8049
Solar,Hidráulica,Solar,0.432346,0.452122,0.115532,0,0,1,5,39496.00,-15.4023,-43.7913
Solar,Hidráulica,Solar,0.432597,0.451843,0.11556,0,0,1,5,39496.00,-15.3984,-43.7861
Solar,Eólica,Solar,0.683203,0.0854667,0.23133,0.2,0,0.8,5,50000.00,-5.45725,-36.975
Solar,Eólica,Eólica,0.667667,0.0829195,0.249414,0.8,0,0.2,5,30580.00,-5.62618,-37.0286
Solar,Eólica,Eólica,0.666064,0.0831076,0.250828,0.8,0,0.2,5,30580.00,-5.61963,-37.0673
Solar,Eólica,Eólica,0.659538,0.0807533,0.259709,0.8,0,0.2,5,22240.00,-5.61817,-37.0408
Solar,Solar,Solar,0.441544,0.0858657,0.47259,0,0,1,5,30000.00,-4.1098,-41.4928
Solar,Hidráulica,Solar,0.356344,0.562337,0.0813191,0,0,1,5,49500.00,-17.3713,-44.9237
Solar,Hidráulica,Solar,0.356418,0.562397,0.0811844,0,0,1,5,49500.00,-17.377,-44.9182
Solar,Hidráulica,Solar,0.357783,0.560602,0.0816155,0,0,1,5,49500.00,-17.3428,-44.8972
Solar,Eólica,Solar,0.54196,0.0702139,0.387826,0,0,1,5,27000.00,-3.79237,-38.9182
Solar,Eólica,Solar,0.542268,0.0703452,0.387387,0,0,1,5,27000.00,-3.80333,-38.9182
Solar,Eólica,Eólica,0.667579,0.0830504,0.24937,0.8,0,0.2,5,33300.00,-5.56096,-37.061
Solar,Eólica,Solar,0.680834,0.0849865,0.234179,0,0,1,5,52000.00,-5.34396,-37.0296
Solar,Eólica,Solar,0.682176,0.0852539,0.23257,0,0,1,5,52000.00,-5.37759,-37.0096
Solar,Eólica,Solar,0.681382,0.0851555,0.233462,0,0,1,5,52000.00,-5.36145,-37.0233
Solar,Solar,Solar,0.443959,0.0861007,0.46994,0,0,1,5,30000.00,-4.13429,-41.4528
Solar,Eólica,Solar,0.589737,0.0909381,0.319325,0,0,1,5,30000.00,-5.34567,-38.8069
Solar,Solar,Solar,0.0610111,0.0469776,0.892011,0,0,1,5,1.00,-2.20414,-53.2376
Solar,Solar,Solar,0.0610095,0.0469756,0.892015,0,0,1,5,1.00,-2.20397,-53.2376
Solar,Solar,Solar,0.0608718,0.046795,0.892333,0,0,1,5,1.00,-2.18882,-53.2391
Solar,Solar,Solar,0.0657435,0.0467639,0.887493,0,0,1,5,1.00,-2.13052,-52.7375
Solar,Solar,Solar,0.0602756,0.0462282,0.893496,0,0,1,5,1.00,-2.14289,-53.2612
Solar,Solar,Solar,0.0699844,0.0474078,0.882608,0,0,1,5,1.00,-2.14632,-52.3779
Solar,Solar,Solar,0.0602432,0.0461928,0.893564,0,0,1,5,1.00,-2.13994,-53.262
Solar,Solar,Solar,0.0692457,0.0459526,0.884802,0,0,1,5,1.00,-2.01771,-52.3404
Solar,Solar,Solar,0.0657541,0.0467693,0.887477,0,0,1,5,1.00,-2.1309,-52.7369
Solar,Solar,Solar,0.0696629,0.0469673,0.88337,0,0,1,5,1.00,-2.10878,-52.376
Solar,Solar,Solar,0.0696657,0.0469693,0.883365,0,0,1,5,1.00,-2.10893,-52.3759
Solar,Solar,Solar,0.0692851,0.0460056,0.884709,0,0,1,5,1.00,-2.02234,-52.3406
Solar,Solar,Solar,0.0692825,0.0460007,0.884717,0,0,1,5,1.00,-2.0219,-52.3405
Solar,Solar,Solar,0.0664838,0.044648,0.888868,0,0,1,5,1.00,-1.92084,-52.5064
Solar,Solar,Solar,0.0667642,0.0441339,0.889102,0,0,1,5,1.00,-1.86746,-52.4393
Solar,Solar,Solar,0.06967,0.046964,0.883366,0,0,1,5,1.00,-2.1084,-52.3751
Solar,Solar,Solar,0.0694945,0.0461321,0.884373,0,0,1,5,1.00,-2.03221,-52.3304
Solar,Solar,Solar,0.0665628,0.0444193,0.889018,0,0,1,5,2.00,-1.89762,-52.4811
Solar,Solar,Solar,0.0696767,0.0469116,0.883412,0,0,1,5,1.00,-2.10347,-52.3706
Solar,Solar,Solar,0.0697364,0.0469132,0.88335,0,0,1,5,1.00,-2.10302,-52.3652
Solar,Solar,Solar,0.0685114,0.0459595,0.885529,0,0,1,5,1.00,-2.02581,-52.4102
Solar,Solar,Solar,0.0691469,0.046297,0.884556,0,0,1,5,1.00,-2.05126,-52.3752
Solar,Solar,Solar,0.0671577,0.0444962,0.888346,0,0,1,5,1.00,-1.89889,-52.4292
Solar,Solar,Solar,0.0691425,0.0462923,0.884565,0,0,1,5,1.00,-2.05086,-52.3753
Solar,Solar,Solar,0.0605529,0.0464854,0.892962,0,0,1,5,1.00,-2.16371,-53.2504
Solar,Solar,Solar,0.0764051,0.0569073,0.866688,0,0,1,5,1.00,-2.88724,-52.4267
Solar,Solar,Solar,0.0602481,0.0462007,0.893551,0,0,1,5,1.00,-2.14063,-53.2621
Solar,Solar,Solar,0.0602575,0.0462088,0.893534,0,0,1,5,1.00,-2.14128,-53.2617
Solar,Solar,Solar,0.0591098,0.0452781,0.895612,0,0,1,5,1.00,-2.06676,-53.3165
Solar,Solar,Solar,0.0593646,0.0454224,0.895213,0,0,1,5,1.00,-2.07745,-53.2995
Solar,Solar,Solar,0.0606802,0.0465932,0.892727,0,0,1,5,1.00,-2.17228,-53.2447
Solar,Solar,Solar,0.0593882,0.045429,0.895183,0,0,1,5,1.00,-2.07779,-53.2975
Solar,Solar,Solar,0.0598886,0.0457134,0.894398,0,0,1,5,1.00,-2.09881,-53.2645
Solar,Solar,Solar,0.0593597,0.0454207,0.89522,0,0,1,5,1.00,-2.07735,-53.3
Solar,Solar,Solar,0.059593,0.0454644,0.894943,0,0,1,5,1.00,-2.07865,-53.2779
Solar,Solar,Solar,0.0599827,0.0458952,0.894122,0,0,1,5,1.00,-2.11495,-53.2679
Solar,Solar,Solar,0.0596378,0.0446658,0.895696,0,0,1,5,1.00,-2.00095,-53.2123
Solar,Solar,Solar,0.0596112,0.0454598,0.894929,0,0,1,5,1.00,-2.07799,-53.2755
Solar,Solar,Solar,0.0609262,0.0390051,0.900069,0,0,1,5,1.00,-1.39699,-52.6084
Solar,Solar,Solar,0.0597138,0.0446521,0.895634,0,0,1,5,1.00,-1.99868,-53.203
Solar,Solar,Solar,0.0598422,0.0456095,0.894548,0,0,1,5,1.00,-2.08947,-53.2618
Solar,Solar,Solar,0.0595533,0.0454502,0.894996,0,0,1,5,1.00,-2.07778,-53.2811
Solar,Solar,Solar,0.0596985,0.0445934,0.895708,0,0,1,5,1.00,-1.99314,-53.2001
Solar,Solar,Solar,0.059836,0.0445294,0.895635,0,0,1,5,1.00,-1.9852,-53.1803
Solar,Solar,Solar,0.0588371,0.045054,0.896109,0,0,1,5,1.00,-2.04856,-53.3294
Solar,Solar,Solar,0.0602413,0.0452967,0.894462,0,0,1,5,1.00,-2.05463,-53.1952
Solar,Solar,Solar,0.0604406,0.0449788,0.894581,0,0,1,5,1.00,-2.02155,-53.1497
Solar,Solar,Solar,0.0604841,0.0448545,0.894661,0,0,1,5,1.00,-2.00897,-53.1355
Solar,Solar,Solar,0.0604772,0.044837,0.894686,0,0,1,5,1.00,-2.00736,-53.1349
Solar,Solar,Solar,0.0604401,0.0451207,0.894439,0,0,1,5,1.00,-2.03527,-53.1605
Solar,Solar,Solar,0.0604696,0.0448967,0.894634,0,0,1,5,1.00,-2.01324,-53.1403
Solar,Solar,Solar,0.0525784,0.0438878,0.903534,0,0,1,5,1.00,-2.01877,-53.966
Solar,Solar,Solar,0.060967,0.0450039,0.894029,0,0,1,5,1.00,-2.01764,-53.0954
Solar,Solar,Solar,0.061589,0.0449151,0.893496,0,0,1,5,1.00,-2.00166,-53.0229
Solar,Solar,Solar,0.060973,0.0449218,0.894105,0,0,1,5,1.00,-2.00962,-53.0885
Solar,Solar,Solar,0.0609633,0.0453145,0.893722,0,0,1,5,1.00,-2.04764,-53.1194
Solar,Solar,Solar,0.0619742,0.0450741,0.892952,0,0,1,5,1.00,-2.01252,-52.9946
Solar,Solar,Solar,0.0609336,0.0450599,0.894006,0,0,1,5,1.00,-2.02346,-53.1032
Solar,Solar,Solar,0.0609793,0.0453514,0.893669,0,0,1,5,1.00,-2.05099,-53.1204
Solar,Solar,Solar,0.0618767,0.0450262,0.893097,0,0,1,5,1.00,-2.00903,-53.0012
Solar,Solar,Solar,0.0618017,0.0449838,0.893214,0,0,1,5,1.00,-2.00581,-53.0058
Solar,Solar,Solar,0.0612624,0.044526,0.894212,0,0,1,5,1.00,-1.96765,-53.0275
Solar,Solar,Solar,0.0612469,0.0445031,0.89425,0,0,1,5,1.00,-1.9656,-53.0274
Solar,Solar,Solar,0.061176,0.0444719,0.894352,0,0,1,5,1.00,-1.96339,-53.0325
Solar,Solar,Solar,0.0607336,0.0447499,0.894516,0,0,1,5,1.00,-1.9958,-53.1009
Solar,Solar,Solar,0.0613811,0.0445837,0.894035,0,0,1,5,1.00,-1.97188,-53.0194
Solar,Solar,Solar,0.0609613,0.0445904,0.894448,0,0,1,5,1.00,-1.97753,-53.0644
Solar,Solar,Solar,0.0595568,0.0454582,0.894985,0,0,1,5,1.00,-2.0785,-53.2813
Solar,Solar,Solar,0.0600296,0.0443194,0.895651,0,0,1,5,1.00,-1.96227,-53.1432
Solar,Solar,Solar,0.0607153,0.0447681,0.894517,0,0,1,5,1.00,-1.99779,-53.1042
Solar,Solar,Solar,0.0609626,0.0445708,0.894467,0,0,1,5,1.00,-1.9756,-53.0627
Solar,Solar,Solar,0.0604324,0.045065,0.894503,0,0,1,5,1.00,-2.02998,-53.1571
Solar,Solar,Solar,0.0604188,0.0450164,0.894565,0,0,1,5,1.00,-2.02545,-53.1549
Solar,Solar,Solar,0.0599925,0.0440356,0.895972,0,0,1,5,1.00,-1.93477,-53.1252
Solar,Solar,Solar,0.0609441,0.0446152,0.894441,0,0,1,5,1.00,-1.98016,-53.0681
Solar,Solar,Solar,0.0606962,0.0447731,0.894531,0,0,1,5,1.00,-1.99851,-53.1066
Solar,Solar,Solar,0.0606446,0.0447853,0.89457,0,0,1,5,1.00,-2.00032,-53.1131
Solar,Solar,Solar,0.0597051,0.0446238,0.895671,0,0,1,5,1.00,-1.99603,-53.2018
Solar,Solar,Solar,0.060267,0.0434721,0.896261,0,0,1,5,1.00,-1.87542,-53.0515
Solar,Solar,Solar,0.0603045,0.0437345,0.895961,0,0,1,5,1.00,-1.90113,-53.0681
Solar,Solar,Solar,0.0603418,0.0435831,0.896075,0,0,1,5,1.00,-1.8856,-53.0522
Solar,Solar,Solar,0.0605159,0.0446811,0.894803,0,0,1,5,1.00,-1.99173,-53.1188
Solar,Solar,Solar,0.0605674,0.0448345,0.894598,0,0,1,5,1.00,-2.00603,-53.1251
Solar,Solar,Solar,0.0602599,0.0437576,0.895982,0,0,1,5,1.00,-1.90397,-53.0747
Solar,Solar,Solar,0.0599151,0.0426699,0.897415,0,0,1,5,1.00,-1.79877,-53.0255
Solar,Solar,Solar,0.061233,0.0445177,0.894249,0,0,1,5,1.00,-1.96719,-53.03
Solar,Solar,Solar,0.0602361,0.0437637,0.896,0,0,1,5,1.00,-1.90487,-53.0777
Solar,Solar,Solar,0.0600812,0.0430923,0.896827,0,0,1,5,1.00,-1.83954,-53.0414
Solar,Solar,Solar,0.0604137,0.0426889,0.896897,0,0,1,5,1.00,-1.79463,-52.9734
Solar,Solar,Solar,0.0603125,0.0426899,0.896998,0,0,1,5,1.00,-1.79596,-52.9843
Solar,Solar,Solar,0.0594862,0.0418723,0.898642,0,0,1,5,1.00,-1.72209,-53.0072
Solar,Solar,Solar,0.0598721,0.0426135,0.897514,0,0,1,5,1.00,-1.79355,-53.0256
Solar,Solar,Solar,0.0601133,0.042614,0.897273,0,0,1,5,1.00,-1.79065,-52.9996
Solar,Solar,Solar,0.0604531,0.0426802,0.896867,0,0,1,5,1.00,-1.79327,-52.9684
Solar,Solar,Solar,0.0605695,0.0426868,0.896744,0,0,1,5,1.00,-1.79253,-52.9565
Solar,Solar,Solar,0.0607409,0.042425,0.896834,0,0,1,5,1.00,-1.76374,-52.9171
Solar,Solar,Solar,0.0606504,0.042699,0.896651,0,0,1,5,1.00,-1.7928,-52.9489
Solar,Solar,Solar,0.0600162,0.0424775,0.897506,0,0,1,5,1.00,-1.7779,-52.9991
Solar,Solar,Solar,0.0605472,0.0426857,0.896767,0,0,1,5,1.00,-1.79269,-52.9588
Solar,Solar,Solar,0.0605569,0.0426849,0.896758,0,0,1,5,1.00,-1.79249,-52.9577
Solar,Solar,Solar,0.0605399,0.0426838,0.896776,0,0,1,5,1.00,-1.79258,-52.9594
Solar,Solar,Solar,0.0604222,0.0426854,0.896892,0,0,1,5,1.00,-1.79417,-52.9722
Solar,Solar,Solar,0.0606632,0.042695,0.896642,0,0,1,5,1.00,-1.79224,-52.9472
Solar,Solar,Solar,0.0510609,0.0414432,0.907496,0,0,1,5,1.00,-1.79225,-53.9581
Solar,Solar,Solar,0.060675,0.0422751,0.89705,0,0,1,5,1.00,-1.74916,-52.912
Solar,Solar,Solar,0.0600091,0.0424871,0.897504,0,0,1,5,1.00,-1.77897,-53.0006
Solar,Solar,Solar,0.0606802,0.042285,0.897035,0,0,1,5,1.00,-1.75011,-52.9122
Solar,Solar,Solar,0.0693107,0.0545644,0.876125,0,0,1,5,1.00,-2.76855,-52.9195
Solar,Solar,Solar,0.0600105,0.0424851,0.897504,0,0,1,5,1.00,-1.77874,-53.0003
Solar,Solar,Solar,0.0591915,0.0417199,0.899089,0,0,1,5,1.00,-1.70992,-53.0268
Solar,Solar,Solar,0.0615816,0.0424867,0.895932,0,0,1,5,1.00,-1.76003,-52.8331
Solar,Solar,Solar,0.0664293,0.0431961,0.890375,0,0,1,5,1.00,-1.7776,-52.3984
Solar,Solar,Solar,0.0613162,0.04252,0.896164,0,0,1,5,1.00,-1.76658,-52.8637
Solar,Solar,Solar,0.0601482,0.0414328,0.898419,0,0,1,5,1.00,-1.66817,-52.8993
Solar,Solar,Solar,0.0607022,0.0426703,0.896627,0,0,1,5,1.00,-1.78925,-52.941
Solar,Solar,Solar,0.0631777,0.0410771,0.895745,0,0,1,5,1.00,-1.59501,-52.5513
Solar,Solar,Solar,0.0634761,0.0417086,0.894815,0,0,1,5,1.00,-1.65783,-52.5732
Solar,Solar,Solar,0.0631887,0.0410892,0.895722,0,0,1,5,1.00,-1.59616,-52.5512
Solar,Solar,Solar,0.0632001,0.0411032,0.895697,0,0,1,5,1.00,-1.59751,-52.5512
Solar,Solar,Solar,0.0634484,0.0416511,0.8949,0,0,1,5,1.00,-1.65216,-52.5713
Solar,Solar,Solar,0.0632507,0.0411725,0.895577,0,0,1,5,1.00,-1.60424,-52.5518
Solar,Solar,Solar,0.0633582,0.0413463,0.895296,0,0,1,5,1.00,-1.6213,-52.5553
Solar,Solar,Solar,0.0632268,0.0411369,0.895636,0,0,1,5,1.00,-1.60076,-52.5513
Solar,Solar,Solar,0.0633043,0.0412658,0.89543,0,0,1,5,1.00,-1.61346,-52.5541
Solar,Solar,Solar,0.0634127,0.0417697,0.894818,0,0,1,5,1.00,-1.66491,-52.5847
Solar,Solar,Solar,0.0634246,0.0414592,0.895116,0,0,1,5,1.00,-1.63238,-52.5579
Solar,Solar,Solar,0.0660988,0.0429644,0.890937,0,0,1,5,1.00,-1.75775,-52.4123
Solar,Solar,Solar,0.0643118,0.0428931,0.892795,0,0,1,5,1.00,-1.77008,-52.5845
Solar,Solar,Solar,0.0661107,0.0429709,0.890918,0,0,1,5,1.00,-1.75828,-52.4117
Solar,Solar,Solar,0.0647021,0.0411308,0.894167,0,0,1,5,1.00,-1.58355,-52.4012
Solar,Solar,Solar,0.066686,0.0432122,0.890102,0,0,1,5,1.00,-1.77649,-52.3746
Solar,Solar,Solar,0.0660058,0.0429183,0.891076,0,0,1,5,1.00,-1.75408,-52.4178
Solar,Solar,Solar,0.0660007,0.0429166,0.891083,0,0,1,5,1.00,-1.75397,-52.4181
Solar,Solar,Solar,0.0665012,0.0431134,0.890385,0,0,1,5,1.00,-1.7685,-52.3848
Solar,Solar,Solar,0.066622,0.0431479,0.89023,0,0,1,5,1.00,-1.77069,-52.3757
Solar,Solar,Solar,0.0665887,0.0431382,0.890273,0,0,1,5,1.00,-1.77007,-52.3782
Solar,Solar,Solar,0.0674418,0.0435491,0.889009,0,0,1,5,1.00,-1.8023,-52.328
Solar,Solar,Solar,0.0683929,0.0439616,0.887645,0,0,1,5,1.00,-1.83348,-52.2693
Solar,Solar,Solar,0.0675894,0.0436147,0.888796,0,0,1,5,1.00,-1.80731,-52.319
Solar,Solar,Solar,0.0678877,0.0430205,0.889092,0,0,1,5,1.00,-1.74457,-52.2433
Solar,Solar,Solar,0.0677743,0.0430561,0.88917,0,0,1,5,1.00,-1.74934,-52.257
Solar,Solar,Solar,0.0658438,0.0428714,0.891285,0,0,1,5,1.00,-1.75108,-52.43
Solar,Solar,Solar,0.0662521,0.0420234,0.891724,0,0,1,5,1.00,-1.65989,-52.3212
Solar,Solar,Solar,0.0662013,0.0418447,0.891954,0,0,1,5,1.00,-1.64193,-52.3116
Solar,Solar,Solar,0.0661153,0.0415812,0.892303,0,0,1,5,1.00,-1.61542,-52.2983
Solar,Solar,Solar,0.0667911,0.0414075,0.891801,0,0,1,5,1.00,-1.59004,-52.2179
Solar,Solar,Solar,0.066048,0.0408511,0.893101,0,0,1,5,1.00,-1.53926,-52.2441
Solar,Solar,Solar,0.0646091,0.0411344,0.894256,0,0,1,5,1.00,-1.58496,-52.4108
Solar,Solar,Solar,0.0657712,0.0428491,0.89138,0,0,1,5,1.00,-1.7496,-52.4354
Solar,Solar,Solar,0.0659571,0.0429013,0.891142,0,0,1,5,1.00,-1.75289,-52.4212
Solar,Solar,Solar,0.0634627,0.0419487,0.894589,0,0,1,5,1.00,-1.68291,-52.5943
Solar,Solar,Solar,0.0635026,0.0420189,0.894478,0,0,1,5,1.00,-1.68972,-52.5959
Solar,Solar,Solar,0.0659954,0.0429145,0.89109,0,0,1,5,1.00,-1.75381,-52.4185
Solar,Solar,Solar,0.0585488,0.0405162,0.900935,0,0,1,5,1.00,-1.59097,-52.9968
Solar,Solar,Solar,0.0626872,0.0410234,0.896289,0,0,1,5,1.00,-1.59497,-52.5973
Solar,Solar,Solar,0.063696,0.0394214,0.896883,0,0,1,5,1.00,-1.41074,-52.3568
Solar,Solar,Solar,0.0654613,0.0426994,0.891839,0,0,1,5,1.00,-1.73775,-52.454
Solar,Solar,Solar,0.0644481,0.0398068,0.895745,0,0,1,5,1.00,-1.44446,-52.3142
Solar,Solar,Solar,0.0598572,0.0421554,0.897987,0,0,1,5,1.00,-1.74678,-52.9901
Solar,Solar,Solar,0.0655519,0.042724,0.891724,0,0,1,5,1.00,-1.73927,-52.447
Solar,Solar,Solar,0.0625236,0.0410272,0.896449,0,0,1,5,1.00,-1.59726,-52.6146
Solar,Solar,Solar,0.0624122,0.0396129,0.897975,0,0,1,5,1.00,-1.44644,-52.5055
Solar,Solar,Solar,0.0660473,0.0408456,0.893107,0,0,1,5,1.00,-1.53869,-52.2437
Eólica,Eólica,Hidráulica,0.529595,0.0610011,0.409404,0,1,0,5,2400.00,-3.7053,-38.4711
Eólica,Eólica,Solar,0.736096,0.0722352,0.191668,0,0.2,0.8,5,49300.00,-5.3097,-35.3867
Eólica,Eólica,Eólica,0.603543,0.0725525,0.323904,1,0,0,5,28800.00,-4.36306,-37.8839
Eólica,Eólica,Eólica,0.99862,0.000343731,0.00103633,1,0,0,5,31500.00,0,0
Eólica,Eólica,Eólica,0.639926,0.0804831,0.27959,0.8,0.2,0,5,57000.00,-4.46705,-37.7577
Eólica,Eólica,Eólica,0.52136,0.0640832,0.414557,0.6,0.4,0,5,16500.00,-3.51029,-38.9164
Eólica,Hidráulica,Hidráulica,0.0945685,0.895228,0.0102033,0.2,0.8,0,5,3000.00,-28.5458,-48.81
Eólica,Eólica,Eólica,0.743792,0.0947507,0.161457,0.8,0.2,0,5,4950.00,-8.175,-35.3889
Eólica,Eólica,Eólica,0.739416,0.0734307,0.187153,0.8,0.2,0,5,10200.00,-6.49389,-34.9719
Eólica,Hidráulica,Hidráulica,0.07903,0.9016,0.0193699,0,1,0,5,6000.00,-26.5889,-51.7427
Eólica,Eólica,Hidráulica,0.734818,0.0732168,0.191966,0.2,0.8,0,5,4500.00,-6.5573,-35.0147
Eólica,Eólica,Eólica,0.73646,0.0729825,0.190558,1,0,0,5,4800.00,-6.5576,-34.9721
Eólica,Eólica,Eólica,0.736747,0.0731664,0.190086,1,0,0,5,4800.00,-6.5758,-34.9718
Eólica,Eólica,Eólica,0.736631,0.0729328,0.190436,1,0,0,5,4800.00,-6.55659,-34.9664
Eólica,Eólica,Eólica,0.736535,0.0729448,0.19052,1,0,0,5,4800.00,-6.55598,-34.969
Eólica,Eólica,Solar,0.468797,0.0632729,0.46793,0.4,0,0.6,5,27000.00,-2.88555,-39.9721
Eólica,Eólica,Solar,0.720084,0.16436,0.115555,0,0,1,5,34500.00,-10.81,-36.9293
Eólica,Eólica,Eólica,0.700785,0.0710976,0.228118,1,0,0,5,30000.00,-5.2403,-35.927
Eólica,Eólica,Eólica,0.518658,0.303742,0.1776,0.8,0.2,0,5,35390.00,-12.2787,-42.3626
Eólica,Eólica,Eólica,0.517617,0.0672374,0.415146,1,0,0,5,29400.00,-3.36994,-39.2621
Eólica,Eólica,Hidráulica,0.491349,0.363126,0.145525,0,1,0,5,19200.00,-14.1555,-42.6382
Eólica,Eólica,Hidráulica,0.493586,0.362658,0.143756,0.4,0.6,0,5,25600.00,-14.0147,-42.6339
Eólica,Eólica,Eólica,0.493822,0.36298,0.143198,0.6,0,0.4,5,27200.00,-13.9879,-42.6389
Eólica,Eólica,Hidráulica,0.490837,0.344068,0.165095,0,1,0,5,6400.00,-13.8629,-42.6727
Eólica,Eólica,Eólica,0.507548,0.0650914,0.42736,1,0,0,5,27300.00,-3.21471,-39.3288
Eólica,Hidráulica,Hidráulica,0.0621426,0.931438,0.0064199,0.2,0.6,0.2,5,9200.00,-30.4469,-50.3888
Eólica,Hidráulica,Eólica,0.028036,0.96564,0.00632384,1,0,0,5,30000.00,-30.8485,-55.6856
Eólica,Eólica,Eólica,0.491785,0.0644508,0.443764,1,0,0,5,27300.00,-3.08118,-39.5949
Eólica,Eólica,Hidráulica,0.714791,0.0780106,0.207198,0.2,0.4,0.4,5,60120.00,-5.11899,-36.1632
Eólica,Hidráulica,Eólica,0.0617762,0.93253,0.00569429,0.8,0.2,0,5,30000.00,-30.2915,-50.305
Eólica,Eólica,Eólica,0.705448,0.0719755,0.222576,1,0,0,5,30000.00,-5.36512,-35.8619
Eólica,Eólica,Eólica,0.70132,0.0722986,0.226382,0.6,0,0.4,5,32000.00,-5.2812,-35.9804
Eólica,Eólica,Eólica,0.69265,0.084237,0.223113,1,0,0,5,30000.00,-6.03389,-36.544
Eólica,Eólica,Eólica,0.702143,0.0717605,0.226097,0.6,0,0.4,5,32000.00,-5.25286,-35.943
Eólica,Eólica,Eólica,0.70346,0.0712205,0.22532,1,0,0,5,30000.00,-5.28391,-35.8755
Eólica,Eólica,Eólica,0.695305,0.0694923,0.235202,1,0,0,5,30000.00,-5.05295,-35.9784
Eólica,Eólica,Eólica,0.493912,0.368406,0.137682,0.8,0,0.2,5,30000.00,-14.1026,-42.6107
Eólica,Eólica,Eólica,0.68575,0.0648844,0.249366,0.6,0.4,0,5,11200.00,-5.09034,-35.798
Eólica,Eólica,Eólica,0.697943,0.067422,0.234635,1,0,0,5,24000.00,-5.09041,-35.782
Eólica,Eólica,Eólica,0.684974,0.0658788,0.249147,0.8,0.2,0,5,14400.00,-5.07268,-35.888
Eólica,Eólica,Eólica,0.69366,0.0838912,0.222449,1,0,0,5,30000.00,-6.02494,-36.512
Eólica,Eólica,Eólica,0.683441,0.0822821,0.234277,1,0,0,5,20000.00,-6.05661,-36.5806
Eólica,Eólica,Eólica,0.508196,0.0657511,0.426053,1,0,0,5,30004.00,-3.19359,-39.3746
Eólica,Eólica,Eólica,0.691724,0.0691407,0.239136,1,0,0,5,27300.00,-5.05485,-36.0119
Eólica,Eólica,Eólica,0.488271,0.375987,0.135742,0.6,0.2,0.2,5,22200.00,-14.4528,-42.641
Eólica,Hidráulica,Hidráulica,0.029279,0.967712,0.00300882,0.2,0.8,0,5,18000.00,-33.5431,-53.2769
Eólica,Hidráulica,Hidráulica,0.029268,0.96774,0.00299169,0.4,0.6,0,5,20000.00,-33.5087,-53.2832
Eólica,Eólica,Solar,0.491266,0.379295,0.129439,0.2,0,0.8,5,31450.00,-14.3912,-42.5939
Eólica,Hidráulica,Hidráulica,0.0287121,0.96846,0.00282749,0.2,0.6,0.2,5,26000.00,-33.553,-53.3108
Eólica,Eólica,Eólica,0.701488,0.0718433,0.226668,1,0,0,5,25850.00,-5.41437,-35.9001
Eólica,Hidráulica,Hidráulica,0.0278656,0.969375,0.00275969,0.4,0.6,0,5,24000.00,-33.7174,-53.4167
Eólica,Eólica,Eólica,0.672336,0.147056,0.180608,0.8,0,0.2,5,30550.00,-9.06719,-38.1448
Eólica,Eólica,Solar,0.654582,0.0744996,0.270918,0.2,0,0.8,5,30000.00,-4.94375,-36.9918
Eólica,Eólica,Eólica,0.723204,0.0706888,0.206107,1,0,0,5,29700.00,-5.523,-35.4285
Eólica,Eólica,Eólica,0.722826,0.0709557,0.206218,1,0,0,5,29700.00,-5.53755,-35.4467
Eólica,Eólica,Solar,0.65416,0.0745928,0.271247,0.2,0,0.8,5,30000.00,-4.94567,-37.0036
Eólica,Eólica,Eólica,0.653606,0.0735017,0.272892,1,0,0,5,24000.00,-5.0251,-36.9146
Eólica,Eólica,Eólica,0.510873,0.064978,0.424149,0.8,0,0.2,5,26000.00,-3.2603,-39.2483
Eólica,Eólica,Eólica,0.699419,0.0731304,0.227451,1,0,0,5,30000.00,-5.36977,-36.0317
Eólica,Eólica,Eólica,0.586495,0.215628,0.197877,1,0,0,5,30000.00,-10.5196,-40.6114
Eólica,Eólica,Eólica,0.697705,0.071045,0.23125,1,0,0,5,25200.00,-5.32516,-35.9426
Eólica,Eólica,Eólica,0.69702,0.0713074,0.231672,1,0,0,5,25200.00,-5.33563,-35.9669
Eólica,Eólica,Eólica,0.493921,0.351845,0.154234,1,0,0,5,18900.00,-13.8379,-42.6486
Eólica,Eólica,Eólica,0.567376,0.2062,0.226424,1,0,0,5,32900.00,-9.8497,-41.0565
Eólica,Eólica,Eólica,0.498033,0.36224,0.139728,0.4,0.2,0.4,5,23800.00,-14.1415,-42.4783
Eólica,Eólica,Eólica,0.718963,0.125112,0.155925,1,0,0,5,28900.00,-8.84649,-36.7302
Eólica,Eólica,Eólica,0.717646,0.125558,0.156796,1,0,0,5,28900.00,-8.84509,-36.7697
Eólica,Eólica,Eólica,0.554201,0.14541,0.30039,1,0,0,5,30000.00,-7.56968,-40.7032
Eólica,Eólica,Eólica,0.705116,0.0699287,0.224956,1,0,0,5,29400.00,-5.22621,-35.7852
Eólica,Eólica,Eólica,0.491819,0.364271,0.143909,0.6,0.4,0,5,15000.00,-14.3159,-42.5721
Eólica,Eólica,Eólica,0.693463,0.0673527,0.239185,0.6,0.2,0.2,5,14700.00,-5.27793,-35.7809
Eólica,Eólica,Eólica,0.549066,0.143511,0.307423,1,0,0,5,28900.00,-7.47778,-40.7674
Eólica,Eólica,Eólica,0.493825,0.367915,0.13826,0.6,0,0.4,5,23400.00,-14.2596,-42.5543
Eólica,Eólica,Eólica,0.490807,0.35996,0.149233,0.8,0.2,0,5,10000.00,-14.2836,-42.5932
Eólica,Eólica,Eólica,0.491615,0.35908,0.149305,0.8,0.2,0,5,10000.00,-14.2702,-42.5755
Eólica,Eólica,Eólica,0.550553,0.141387,0.30806,0.6,0,0.4,5,27200.00,-7.45133,-40.6864
Eólica,Eólica,Eólica,0.558074,0.190367,0.251559,1,0,0,5,28200.00,-9.3148,-41.1175
Eólica,Hidráulica,Eólica,0.0289867,0.968006,0.00300743,0.6,0.2,0.2,5,14320.00,-33.6535,-53.3041
Eólica,Hidráulica,Eólica,0.0287942,0.968239,0.00296635,0.6,0.4,0,5,17900.00,-33.6099,-53.3441
Eólica,Eólica,Hidráulica,0.486701,0.372715,0.140584,0.2,0.8,0,5,16000.00,-14.471,-42.6655
Eólica,Solar,Eólica,0.446857,0.0784318,0.474711,1,0,0,5,23100.00,-3.88842,-41.0401
Eólica,Eólica,Eólica,0.696694,0.0682218,0.235084,1,0,0,5,25200.00,-5.10335,-35.8521
Eólica,Hidráulica,Eólica,0.0326991,0.963903,0.00339795,0.6,0.4,0,5,15000.00,-33.1075,-52.8705
Eólica,Eólica,Eólica,0.690286,0.0667739,0.24294,1,0,0,5,18900.00,-5.08367,-35.8623
Eólica,Eólica,Eólica,0.478143,0.0627919,0.459065,1,0,0,5,23100.00,-3.00077,-39.7307
Eólica,Eólica,Eólica,0.543146,0.228869,0.227986,1,0,0,5,20000.00,-10.6499,-41.5961
Eólica,Eólica,Eólica,0.556469,0.148406,0.295125,1,0,0,5,27600.00,-7.77255,-40.6786
Eólica,Eólica,Eólica,0.552956,0.271693,0.175352,0.6,0,0.4,5,27000.00,-12.0156,-41.4463
Eólica,Eólica,Eólica,0.55622,0.146288,0.297492,1,0,0,5,25300.00,-7.74817,-40.6296
Eólica,Eólica,Eólica,0.717373,0.1169,0.165726,1,0,0,5,36000.00,-8.17726,-36.7376
Eólica,Eólica,Eólica,0.696191,0.0838136,0.219995,1,0,0,5,30000.00,-6.05353,-36.4556
Eólica,Eólica,Eólica,0.695503,0.0831383,0.221359,1,0,0,5,30000.00,-6.00055,-36.4498
Eólica,Eólica,Eólica,0.720389,0.123603,0.156007,0.8,0,0.2,5,31365.00,-8.72632,-36.6999
Eólica,Eólica,Eólica,0.720133,0.124269,0.155599,0.8,0,0.2,5,31365.00,-8.75765,-36.7141
Eólica,Eólica,Eólica,0.553023,0.145308,0.301669,1,0,0,5,30000.00,-7.55501,-40.7257
Eólica,Hidráulica,Solar,0.042589,0.951991,0.00541958,0,0.2,0.8,5,1.98,-31.6914,-52.292
Eólica,Eólica,Eólica,0.500676,0.063165,0.436159,1,0,0,5,18900.00,-3.25968,-39.2816
Eólica,Eólica,Eólica,0.535686,0.338692,0.125622,1,0,0,5,30000.00,-13.9701,-41.5502
Eólica,Eólica,Eólica,0.492276,0.352919,0.154805,1,0,0,5,18900.00,-13.8419,-42.6906
Eólica,Hidráulica,Hidráulica,0.0796657,0.900929,0.0194054,0,1,0,5,4000.00,-26.6256,-51.6753
Eólica,Eólica,Solar,0.504137,0.268965,0.226897,0.4,0,0.6,5,27500.00,-11.2127,-42.6999
Eólica,Eólica,Eólica,0.500436,0.257919,0.241646,0.8,0.2,0,5,17500.00,-11.1065,-42.6715
Eólica,Eólica,Solar,0.504604,0.265762,0.229634,0.4,0,0.6,5,27500.00,-11.1228,-42.6841
Eólica,Eólica,Eólica,0.505206,0.268021,0.226774,0.8,0,0.2,5,30000.00,-11.1311,-42.6968
Eólica,Eólica,Eólica,0.570839,0.206154,0.223008,1,0,0,5,28000.00,-10.0229,-40.9284
Eólica,Eólica,Eólica,0.561144,0.147685,0.291171,1,0,0,5,29900.00,-7.7266,-40.5941
Eólica,Eólica,Eólica,0.500665,0.0641526,0.435182,1,0,0,5,21000.00,-3.27599,-39.3513
Eólica,Eólica,Eólica,0.567246,0.202518,0.230236,1,0,0,5,31185.00,-9.76602,-41.0227
Eólica,Eólica,Eólica,0.998585,0.000339852,0.00107557,1,0,0,5,25200.00,0,0
Eólica,Eólica,Eólica,0.559292,0.242224,0.198483,1,0,0,5,28200.00,-11.0901,-41.3154
Eólica,Eólica,Solar,0.557863,0.239747,0.20239,0.4,0,0.6,5,25850.00,-11.049,-41.3252
Eólica,Eólica,Eólica,0.559247,0.241246,0.199507,1,0,0,5,28200.00,-11.0566,-41.3155
Eólica,Eólica,Eólica,0.559848,0.241795,0.198357,1,0,0,5,28200.00,-11.0838,-41.3011
Eólica,Eólica,Eólica,0.557501,0.196679,0.24582,0.6,0.4,0,5,8000.00,-10.0658,-40.9809
Eólica,Eólica,Eólica,0.550423,0.273381,0.176196,1,0,0,5,28600.00,-11.9877,-41.5259
Eólica,Eólica,Eólica,0.552012,0.279641,0.168346,0.6,0,0.4,5,33000.00,-12.1102,-41.5068
Eólica,Eólica,Eólica,0.653885,0.199255,0.14686,0.6,0.4,0,5,24800.00,-11.1901,-38.7817
Eólica,Eólica,Eólica,0.65767,0.213891,0.12844,1,0,0,5,43400.00,-11.4201,-38.8129
Eólica,Eólica,Eólica,0.660619,0.211731,0.12765,1,0,0,5,49600.00,-11.228,-38.792
Eólica,Eólica,Eólica,0.533183,0.178087,0.28873,1,0,0,5,31500.00,-8.54417,-41.5751
Eólica,Eólica,Eólica,0.546676,0.185392,0.267932,1,0,0,5,44100.00,-8.59523,-41.4795
Eólica,Eólica,Eólica,0.536142,0.182711,0.281147,1,0,0,5,31500.00,-8.73259,-41.559
Eólica,Eólica,Eólica,0.538839,0.181185,0.279976,0.6,0,0.4,5,30000.00,-8.74618,-41.4716
Eólica,Eólica,Eólica,0.597988,0.21543,0.186581,1,0,0,5,42000.00,-10.3678,-40.4422
Eólica,Eólica,Eólica,0.574175,0.269726,0.1561,0.8,0.2,0,5,72000.00,-11.1265,-41.3033
Eólica,Eólica,Eólica,0.527372,0.177918,0.29471,1,0,0,5,24000.00,-8.68414,-41.6237
Eólica,Eólica,Eólica,0.505345,0.260311,0.234344,1,0,0,5,25000.00,-11.0354,-42.6321
Eólica,Eólica,Eólica,0.550707,0.22894,0.220353,1,0,0,5,29700.00,-10.4898,-41.5115
Eólica,Eólica,Eólica,0.553756,0.225729,0.220515,1,0,0,5,29700.00,-10.423,-41.4285
Eólica,Eólica,Eólica,0.687647,0.0685559,0.243797,1,0,0,5,23100.00,-5.07429,-36.0307
Eólica,Eólica,Eólica,0.688862,0.0687513,0.242387,1,0,0,5,21000.00,-5.15933,-35.9935
Eólica,Eólica,Eólica,0.699079,0.0972642,0.203657,1,0,0,5,31500.00,-6.88335,-36.7637
Eólica,Eólica,Eólica,0.69707,0.0976856,0.205245,1,0,0,5,31500.00,-6.87904,-36.8184
Eólica,Eólica,Eólica,0.556589,0.150437,0.292974,1,0,0,5,29900.00,-7.7917,-40.728
Eólica,Solar,Eólica,0.347602,0.0664369,0.585961,1,0,0,5,27600.00,-2.62931,-42.6473
Eólica,Solar,Eólica,0.348322,0.0665596,0.585119,1,0,0,5,27600.00,-2.63974,-42.6369
Eólica,Eólica,Eólica,0.731879,0.0881667,0.179954,1,0,0,5,67500.00,-5.86945,-36.1376
Eólica,Solar,Eólica,0.349938,0.0669668,0.583095,1,0,0,5,27600.00,-2.67212,-42.62
Eólica,Solar,Eólica,0.349112,0.066831,0.584057,1,0,0,5,27600.00,-2.66052,-42.6322
Eólica,Eólica,Eólica,0.505765,0.265516,0.228719,1,0,0,5,27300.00,-11.135,-42.6535
Eólica,Solar,Eólica,0.464541,0.0633172,0.472142,1,0,0,5,28000.00,-2.84144,-40.0661
Eólica,Eólica,Eólica,0.702564,0.0783414,0.219095,1,0,0,5,37200.00,-5.58328,-36.2165
Eólica,Eólica,Eólica,0.703959,0.0904307,0.20561,1,0,0,5,46200.00,-6.14864,-36.6293
Eólica,Eólica,Eólica,0.566204,0.264973,0.168823,1,0,0,5,46200.00,-11.4992,-41.2911
Eólica,Eólica,Eólica,0.697657,0.0734504,0.228893,1,0,0,5,27500.00,-5.43664,-36.0561
Eólica,Eólica,Eólica,0.706878,0.0906024,0.20252,0.6,0.2,0.2,5,51300.00,-6.06576,-36.6183
Eólica,Eólica,Eólica,0.553631,0.231429,0.21494,1,0,0,5,33600.00,-10.5067,-41.4868
Eólica,Eólica,Eólica,0.553042,0.223589,0.223369,1,0,0,5,25200.00,-10.4626,-41.394
Eólica,Eólica,Eólica,0.552268,0.226847,0.220885,1,0,0,5,29700.00,-10.4408,-41.4676
Eólica,Eólica,Solar,0.517842,0.26962,0.212537,0.2,0.2,0.6,5,44800.00,-10.9481,-42.5295
Eólica,Eólica,Eólica,0.557304,0.255503,0.187193,1,0,0,5,25200.00,-11.5869,-41.339
Eólica,Eólica,Eólica,0.559515,0.260964,0.179522,1,0,0,5,33600.00,-11.5834,-41.3568
Eólica,Eólica,Eólica,0.698336,0.0747937,0.22687,1,0,0,5,27500.00,-5.54042,-36.0903
Eólica,Eólica,Eólica,0.698568,0.0750084,0.226423,1,0,0,5,27500.00,-5.5585,-36.093
Eólica,Eólica,Eólica,0.562093,0.235847,0.202061,1,0,0,5,27300.00,-10.9397,-41.2289
Eólica,Eólica,Eólica,0.68534,0.0677058,0.246954,1,0,0,5,20000.00,-5.06615,-36.0124
Eólica,Eólica,Eólica,0.485608,0.404247,0.110145,1,0,0,5,45000.00,-14.8309,-42.5849
Eólica,Eólica,Eólica,0.511949,0.259288,0.228763,1,0,0,5,32000.00,-10.898,-42.5386
Eólica,Eólica,Eólica,0.512181,0.261605,0.226215,1,0,0,5,32000.00,-10.9712,-42.5369
Eólica,Eólica,Eólica,0.681484,0.0758882,0.242628,1,0,0,5,29400.00,-5.35624,-36.4974
Eólica,Eólica,Eólica,0.700335,0.0983644,0.201301,1,0,0,5,34650.00,-6.88251,-36.7914
Eólica,Eólica,Eólica,0.638138,0.0741003,0.287762,1,0,0,5,29400.00,-4.76595,-37.2914
Eólica,Eólica,Eólica,0.632163,0.0727057,0.295132,1,0,0,5,23100.00,-4.78129,-37.2907
Eólica,Eólica,Eólica,0.998713,0.000355058,0.000931911,1,0,0,5,49500.00,0,0
Eólica,Eólica,Eólica,0.566894,0.204647,0.228459,1,0,0,5,31185.00,-9.83554,-41.0427
Eólica,Eólica,Eólica,0.579862,0.160082,0.260057,1,0,0,5,45000.00,-7.9968,-40.5132
Eólica,Eólica,Eólica,0.573151,0.204851,0.221998,1,0,0,5,29400.00,-9.96985,-40.8816
Eólica,Eólica,Eólica,0.998644,0.000346529,0.00100917,1,0,0,5,36000.00,0,0
Eólica,Eólica,Eólica,0.646888,0.0755002,0.277611,1,0,0,5,21000.00,-5.17175,-37.0928
Eólica,Eólica,Eólica,0.498473,0.370615,0.130912,1,0,0,5,37800.00,-14.0744,-42.5123
Eólica,Solar,Eólica,0.371444,0.0732729,0.555283,1,0,0,5,43400.00,-2.7297,-42.5856
Eólica,Eólica,Hidráulica,0.561416,0.186721,0.251863,0.2,0.8,0,5,16000.00,-9.54945,-40.8958
Eólica,Eólica,Hidráulica,0.732712,0.0811253,0.186163,0,0.6,0.4,5,76230.00,-5.17692,-36.0113
Eólica,Eólica,Eólica,0.729733,0.0805214,0.189746,0.8,0.2,0,5,72765.00,-5.18008,-36.0287
Eólica,Eólica,Eólica,0.488567,0.375534,0.135898,0.6,0,0.4,5,23500.00,-14.4088,-42.6486
Eólica,Eólica,Eólica,0.560273,0.187933,0.251794,1,0,0,5,27000.00,-9.28612,-41.0378
Eólica,Eólica,Eólica,0.700657,0.0760876,0.223255,1,0,0,5,29400.00,-5.61053,-36.1051
Eólica,Eólica,Eólica,0.700846,0.0763665,0.222787,1,0,0,5,29400.00,-5.63241,-36.1107
Eólica,Eólica,Eólica,0.701549,0.0765045,0.221947,1,0,0,5,29400.00,-5.65127,-36.1006
Eólica,Eólica,Eólica,0.532487,0.206047,0.261466,0.6,0.4,0,5,0.16,-10.3177,-41.5261
Eólica,Eólica,Eólica,0.701776,0.097343,0.200881,1,0,0,5,34650.00,-6.84358,-36.7355
Eólica,Eólica,Eólica,0.715122,0.0682457,0.216633,0.8,0.2,0,5,28400.00,-5.25956,-35.4972
Eólica,Hidráulica,Eólica,0.029796,0.967618,0.00258643,1,0,0,5,49600.00,-33.1737,-53.0607
Eólica,Eólica,Solar,0.56893,0.207242,0.223828,0.2,0,0.8,5,41580.00,-9.67418,-41.1101
Eólica,Eólica,Eólica,0.478939,0.0898944,0.431166,1,0,0,5,44000.00,-4.14871,-41.0304
Eólica,Eólica,Eólica,0.485938,0.0921822,0.42188,0.6,0,0.4,5,49500.00,-4.16416,-41.0227
Eólica,Eólica,Eólica,0.486627,0.0926649,0.420708,0.6,0,0.4,5,49500.00,-4.19371,-41.0247
Eólica,Eólica,Eólica,0.478469,0.0906247,0.430907,1,0,0,5,44000.00,-4.1855,-41.0637
Eólica,Eólica,Eólica,0.475022,0.088183,0.436795,0.8,0.2,0,5,38500.00,-4.18057,-40.9955
Eólica,Eólica,Solar,0.469291,0.0863554,0.444354,0.2,0,0.8,5,33000.00,-4.19538,-40.9907
Eólica,Eólica,Eólica,0.534762,0.281257,0.183981,0.6,0.2,0.2,5,51300.00,-11.3888,-42.1472
Eólica,Eólica,Solar,0.529373,0.272705,0.197921,0.4,0,0.6,5,34200.00,-11.4883,-42.134
Eólica,Eólica,Eólica,0.544686,0.195541,0.259772,1,0,0,5,45600.00,-8.88225,-41.6225
Eólica,Eólica,Eólica,0.5486,0.197866,0.253534,1,0,0,5,49500.00,-8.89976,-41.5911
Eólica,Eólica,Eólica,0.568822,0.155782,0.275396,1,0,0,5,45600.00,-7.69925,-40.6993
Eólica,Eólica,Eólica,0.569506,0.154548,0.275946,1,0,0,5,45600.00,-7.65833,-40.6689
Eólica,Eólica,Eólica,0.570372,0.154326,0.275302,1,0,0,5,45600.00,-7.65844,-40.6478
Eólica,Eólica,Eólica,0.569443,0.154186,0.276372,1,0,0,5,45600.00,-7.6436,-40.6654
Eólica,Eólica,Eólica,0.569285,0.153527,0.277188,1,0,0,5,45600.00,-7.61636,-40.66
Eólica,Eólica,Eólica,0.663257,0.079137,0.257606,1,0,0,5,37800.00,-5.1396,-37.0624
Eólica,Eólica,Eólica,0.735105,0.0852592,0.179636,1,0,0,5,63000.00,-5.85046,-35.9419
Eólica,Eólica,Eólica,0.546436,0.191649,0.261915,1,0,0,5,50600.00,-8.63504,-41.6017
Eólica,Eólica,Eólica,0.660944,0.0804518,0.258605,1,0,0,5,37800.00,-5.19944,-37.1536
Eólica,Eólica,Eólica,0.6624,0.0807464,0.256854,1,0,0,5,37800.00,-5.23467,-37.1342
Eólica,Eólica,Eólica,0.681033,0.087058,0.231909,0.8,0,0.2,5,58905.00,-5.29207,-37.1541
Eólica,Eólica,Eólica,0.56034,0.245694,0.193966,0.8,0,0.2,5,31800.00,-11.1266,-41.3264
Eólica,Eólica,Eólica,0.558117,0.242655,0.199228,0.8,0.2,0,5,26500.00,-11.1328,-41.3286
Eólica,Eólica,Eólica,0.711552,0.104235,0.184213,0.8,0,0.2,5,49500.00,-7.00187,-36.8001
Eólica,Eólica,Eólica,0.732185,0.0849136,0.182901,0.8,0,0.2,5,58800.00,-5.89082,-35.9608
Eólica,Eólica,Eólica,0.543395,0.19803,0.258575,1,0,0,5,45600.00,-8.95248,-41.6699
Eólica,Eólica,Eólica,0.508542,0.0659733,0.425484,1,0,0,5,29400.00,-3.22751,-39.3729
Eólica,Eólica,Eólica,0.646125,0.0770428,0.276832,1,0,0,5,40500.00,-4.74685,-37.3541
Eólica,Eólica,Eólica,0.640224,0.0760309,0.283745,1,0,0,5,36000.00,-4.74022,-37.3883
Eólica,Eólica,Eólica,0.701221,0.0990749,0.199704,1,0,0,5,34800.00,-6.93328,-36.7888
Eólica,Eólica,Eólica,0.488984,0.39411,0.116906,1,0,0,5,43400.00,-14.5675,-42.5978
Eólica,Eólica,Eólica,0.488777,0.39461,0.116613,1,0,0,5,43400.00,-14.5814,-42.5982
Eólica,Eólica,Eólica,0.543103,0.202827,0.25407,1,0,0,5,49500.00,-9.00625,-41.7485
Eólica,Eólica,Eólica,0.543204,0.203794,0.253002,1,0,0,5,49500.00,-9.03966,-41.7527
Eólica,Eólica,Eólica,0.543341,0.205505,0.251154,1,0,0,5,49500.00,-9.09821,-41.7609
Eólica,Eólica,Eólica,0.998651,0.000347279,0.00100205,1,0,0,5,37200.00,0,0
Eólica,Eólica,Eólica,0.697869,0.092761,0.20937,0.8,0,0.2,5,27000.00,-6.71667,-36.6375
Eólica,Eólica,Eólica,0.737947,0.0964081,0.165645,0.6,0,0.4,5,47200.00,-7.04576,-35.9807
Eólica,Eólica,Eólica,0.73065,0.0867423,0.182608,1,0,0,5,66100.00,-5.79267,-36.1165
Eólica,Eólica,Eólica,0.540503,0.220099,0.239398,1,0,0,5,16800.00,-10.4178,-41.5898
Eólica,Eólica,Eólica,0.544673,0.231578,0.223749,1,0,0,5,29400.00,-10.5067,-41.6605
Eólica,Eólica,Eólica,0.544663,0.231498,0.223839,1,0,0,5,29400.00,-10.504,-41.6605
Eólica,Eólica,Eólica,0.542394,0.227667,0.229939,1,0,0,5,25200.00,-10.4629,-41.6598
Eólica,Eólica,Eólica,0.54155,0.227202,0.231248,1,0,0,5,25200.00,-10.4374,-41.6779
Eólica,Eólica,Eólica,0.998714,0.000355121,0.000931361,1,0,0,5,49600.00,0,0
Eólica,Eólica,Eólica,0.542766,0.207635,0.2496,1,0,0,5,50400.00,-9.13854,-41.7961
Eólica,Eólica,Eólica,0.540572,0.209647,0.249781,1,0,0,5,50400.00,-9.18045,-41.8579
Eólica,Eólica,Eólica,0.539319,0.211012,0.249669,1,0,0,5,50400.00,-9.21131,-41.8944
Eólica,Eólica,Eólica,0.662069,0.187208,0.150723,1,0,0,5,48000.00,-10.2143,-38.7775
Eólica,Eólica,Eólica,0.71072,0.0827435,0.206537,0.6,0,0.4,5,47200.00,-5.72606,-36.2747
Eólica,Eólica,Hidráulica,0.689841,0.0796207,0.230538,0.4,0.6,0,5,22800.00,-5.88745,-36.3882
Eólica,Eólica,Eólica,0.708981,0.0823657,0.208653,1,0,0,5,45600.00,-5.71883,-36.2861
Eólica,Eólica,Eólica,0.57089,0.160607,0.268503,1,0,0,5,40500.00,-8.04175,-40.6665
Eólica,Eólica,Eólica,0.569298,0.156053,0.274649,1,0,0,5,36000.00,-7.97051,-40.5996
Eólica,Eólica,Eólica,0.564387,0.159101,0.276512,1,0,0,5,36000.00,-8.03788,-40.7414
Eólica,Eólica,Eólica,0.572592,0.240612,0.186796,1,0,0,5,49500.00,-10.6686,-41.1851
Hidráulica,Hidráulica,Hidráulica,0.230696,0.72326,0.0460434,0,1,0,5,8780.00,-21.7678,-46.6078
Hidráulica,Hidráulica,Hidráulica,0.234988,0.748244,0.0167684,0,1,0,5,450000.00,-13.4024,-48.1433
Hidráulica,Hidráulica,Hidráulica,0.044907,0.954654,0.0004389,0,1,0,5,643000.00,-22.6547,-51.3571
Hidráulica,Hidráulica,Eólica,0.154189,0.732771,0.11304,1,0,0,5,32000.00,-18.6758,-51.8656
Hidráulica,Hidráulica,Eólica,0.200743,0.775026,0.0242316,0.4,0.4,0.2,5,108800.00,-21.6031,-46.9492
Hidráulica,Hidráulica,Eólica,0.117849,0.865433,0.0167186,1,0,0,5,36000.00,-25.7149,-48.973
Hidráulica,Hidráulica,Hidráulica,0.185799,0.795843,0.0183579,0,1,0,5,210000.00,-19.9891,-47.756
Hidráulica,Hidráulica,Hidráulica,0.285529,0.705049,0.00942202,0,1,0,5,187169.00,-21.8433,-42.5794
Hidráulica,Hidráulica,Eólica,0.217748,0.740572,0.0416806,1,0,0,5,32000.00,-21.6253,-47.0094
Hidráulica,Hidráulica,Hidráulica,0.0100613,0.989936,2.65651e-06,0,1,0,5,1140000.00,-27.5271,-51.7897
Hidráulica,Hidráulica,Hidráulica,0.150688,0.843554,0.0057579,0,1,0,5,408000.00,-18.9104,-48.0409
Hidráulica,Eólica,Hidráulica,0.67894,0.301155,0.0199048,0,1,0,5,400000.00,-9.35811,-38.2085
Hidráulica,Hidráulica,Hidráulica,0.0436074,0.953381,0.00301204,0,1,0,5,226000.00,-27.5532,-52.7414
Hidráulica,Eólica,Hidráulica,0.710892,0.213251,0.075857,0,1,0,5,180001.00,-9.3981,-38.2029
Hidráulica,Hidráulica,Hidráulica,0.325494,0.638707,0.0357985,0.4,0.6,0,5,18012.00,-21.4892,-43.4022
Hidráulica,Hidráulica,Hidráulica,0.0114371,0.988557,6.36307e-06,0,1,0,5,1103670.00,-25.5376,-53.009
Hidráulica,Hidráulica,Hidráulica,0.0208294,0.978932,0.00023903,0,1,0,5,500400.00,-29.2607,-53.2359
Hidráulica,Eólica,Eólica,0.585277,0.29834,0.116384,0.6,0,0.4,5,20007.00,-13.8683,-40.2358
Hidráulica,Hidráulica,Hidráulica,0.225476,0.768321,0.0062025,0,1,0,5,396000.00,-18.215,-45.2592
Hidráulica,Hidráulica,Eólica,0.214376,0.758042,0.027582,1,0,0,5,27600.00,-23.193,-46.0213
Hidráulica,Solar,Hidráulica,0.0527327,0.251153,0.696114,0,1,0,5,800.00,-10.1497,-59.458
Hidráulica,Hidráulica,Eólica,0.135404,0.832259,0.0323373,1,0,0,5,44000.00,-23.0683,-49.838
Hidráulica,Hidráulica,Hidráulica,0.264737,0.648472,0.086791,0.2,0.6,0.2,5,96447.00,-16.7882,-47.9346
Hidráulica,Hidráulica,Hidráulica,0.238191,0.745844,0.0159649,0,1,0,5,498750.00,-12.2355,-48.3864
Hidráulica,Hidráulica,Hidráulica,0.154432,0.78606,0.0595074,0,1,0,5,116000.00,-18.8082,-51.171
Hidráulica,Hidráulica,Hidráulica,0.0383414,0.952777,0.00888185,0.2,0.4,0.4,5,77000.00,-28.1411,-55.0519
Hidráulica,Hidráulica,Hidráulica,0.0579799,0.938504,0.00351573,0,1,0,5,191900.00,-27.6247,-50.9839
Hidráulica,Hidráulica,Hidráulica,0.0392482,0.958632,0.00211981,0,1,0,5,350200.00,-25.5033,-53.6717
Hidráulica,Hidráulica,Eólica,0.11069,0.864821,0.0244889,1,0,0,5,36018.00,-24.5342,-50.4064
Hidráulica,Hidráulica,Solar,0.158507,0.737125,0.104368,0.4,0,0.6,5,48400.00,-18.4958,-51.6544
Hidráulica,Hidráulica,Solar,0.073118,0.525249,0.401633,0,0.2,0.8,5,49998.00,-13.4014,-59.0075
Hidráulica,Hidráulica,Hidráulica,0.344573,0.600016,0.0554109,0.2,0.8,0,5,3972.00,-20.1319,-43.8769
Hidráulica,Hidráulica,Hidráulica,0.142565,0.658305,0.19913,0,1,0,5,800.00,-17.2983,-53.2188
Hidráulica,Hidráulica,Eólica,0.113893,0.584455,0.301653,0.6,0.4,0,5,12420.00,-15.3574,-55.4537
Hidráulica,Hidráulica,Hidráulica,0.0716936,0.910364,0.0179423,0.2,0.8,0,5,13915.00,-26.7591,-52.2581
Hidráulica,Hidráulica,Hidráulica,0.133679,0.728077,0.138243,0,1,0,5,16000.00,-18.5589,-53.1344
Hidráulica,Hidráulica,Hidráulica,0.0464267,0.939648,0.0139252,0,1,0,5,3600.00,-28.4009,-54.3127
Hidráulica,Hidráulica,Hidráulica,0.173305,0.794767,0.0319282,0,1,0,5,1550.00,-23.8136,-47.674
Hidráulica,Hidráulica,Hidráulica,0.284055,0.687531,0.0284141,0,0.8,0.2,5,17000.00,-22.7028,-43.8811
Hidráulica,Hidráulica,Hidráulica,0.190894,0.767913,0.041193,0,1,0,5,2880.00,-22.7167,-47.6516
Hidráulica,Hidráulica,Hidráulica,0.350857,0.62212,0.0270224,0.4,0.6,0,5,21000.00,-22.1393,-42.0981
Hidráulica,Hidráulica,Hidráulica,0.303685,0.661958,0.0343572,0.4,0.6,0,5,10685.00,-22.0334,-43.7826
Hidráulica,Hidráulica,Eólica,0.243426,0.681133,0.0754418,0.6,0.2,0.2,5,23000.00,-19.4861,-47.5417
Hidráulica,Hidráulica,Hidráulica,0.131003,0.837879,0.0311178,0.2,0.8,0,5,10960.00,-24.1333,-49.6439
Hidráulica,Hidráulica,Hidráulica,0.31998,0.648385,0.0316345,0.2,0.6,0.2,5,9000.00,-22.2094,-43.1383
Hidráulica,Hidráulica,Hidráulica,0.374498,0.572359,0.0531428,0.2,0.6,0.2,5,9000.00,-19.8564,-43.1197
Hidráulica,Hidráulica,Hidráulica,0.099973,0.888537,0.0114905,0.4,0.6,0,5,26270.00,-27.4562,-48.9839
Hidráulica,Hidráulica,Eólica,0.452077,0.511391,0.0365324,0.6,0.2,0.2,5,22500.00,-20.0601,-40.6426
Hidráulica,Hidráulica,Hidráulica,0.346144,0.60198,0.0518761,0.2,0.8,0,5,9280.00,-20.2133,-43.7317
Hidráulica,Hidráulica,Hidráulica,0.0821811,0.893518,0.0243012,0,1,0,5,6500.00,-25.7658,-52.0884
Hidráulica,Hidráulica,Hidráulica,0.0767538,0.904983,0.0182632,0.4,0.6,0,5,10636.00,-26.6994,-51.8244
Hidráulica,Hidráulica,Hidráulica,0.388873,0.571344,0.0397835,0,1,0,5,2880.00,-20.9145,-42.0269
Hidráulica,Hidráulica,Hidráulica,0.338704,0.631299,0.0299977,0,0.8,0.2,5,9800.00,-22.1943,-42.5482
Hidráulica,Hidráulica,Hidráulica,0.341417,0.632598,0.0259845,0,1,0,5,30000.00,-22.1222,-42.3097
Hidráulica,Hidráulica,Hidráulica,0.221885,0.711918,0.0661971,0,1,0,5,8050.00,-20.5816,-47.7801
Hidráulica,Hidráulica,Hidráulica,0.140848,0.523632,0.33552,0,1,0,5,1790.00,-14.6337,-53.9129
Hidráulica,Hidráulica,Eólica,0.413279,0.531276,0.055445,0.6,0.2,0.2,5,23000.00,-18.94,-42.4862
Hidráulica,Hidráulica,Hidráulica,0.17617,0.632118,0.191712,0,1,0,5,18000.00,-16.5916,-51.8062
Hidráulica,Hidráulica,Hidráulica,0.397628,0.562148,0.0402231,0,1,0,5,4500.00,-20.7466,-41.8748
Hidráulica,Hidráulica,Hidráulica,0.393852,0.551263,0.054885,0.4,0.6,0,5,10000.00,-19.52,-42.7667
Hidráulica,Hidráulica,Hidráulica,0.25968,0.700927,0.0393926,0,1,0,5,3800.00,-22.1622,-45.2775
Hidráulica,Hidráulica,Hidráulica,0.0599561,0.930568,0.00947605,0,1,0,5,19500.00,-28.9407,-51.7734
Hidráulica,Hidráulica,Hidráulica,0.0934615,0.871123,0.0354152,0,0.8,0.2,5,15120.00,-24.087,-52.3002
Hidráulica,Solar,Hidráulica,0.0675726,0.456853,0.475575,0,0.6,0.4,5,5000.00,-13.5438,-59.0306
Hidráulica,Hidráulica,Hidráulica,0.191222,0.76706,0.0417185,0,1,0,5,1120.00,-22.7163,-47.6543
Hidráulica,Hidráulica,Hidráulica,0.0536485,0.930324,0.0160279,0.2,0.8,0,5,9000.00,-27.6221,-53.8038
Hidráulica,Solar,Hidráulica,0.0601734,0.320847,0.618979,0,1,0,5,5300.00,-11.3111,-59.2233
Hidráulica,Hidráulica,Hidráulica,0.351663,0.442117,0.20622,0.2,0.8,0,5,11600.00,-14.371,-46.321
Hidráulica,Hidráulica,Eólica,0.356669,0.438866,0.204465,0.8,0.2,0,5,13400.00,-14.3064,-46.1999
Hidráulica,Hidráulica,Hidráulica,0.112847,0.615998,0.271155,0.2,0.8,0,5,5940.00,-16.1046,-55.3451
Hidráulica,Eólica,Hidráulica,0.343778,0.333307,0.322915,0,1,0,5,14000.00,-11.6916,-46.7042
Hidráulica,Solar,Hidráulica,0.102332,0.228929,0.668739,0,0.6,0.4,5,20000.00,-8.74969,-55.0341
Hidráulica,Solar,Hidráulica,0.107096,0.2412,0.651704,0,1,0,5,30000.00,-8.74228,-54.9607
Hidráulica,Hidráulica,Hidráulica,0.144894,0.729938,0.125168,0,1,0,5,17000.00,-18.7883,-52.3753
Hidráulica,Hidráulica,Hidráulica,0.0904369,0.890612,0.0189512,0,1,0,5,5500.00,-26.4936,-50.7864
Hidráulica,Hidráulica,Hidráulica,0.399266,0.538066,0.0626683,0.2,0.6,0.2,5,9000.00,-19.0024,-42.9466
Hidráulica,Solar,Hidráulica,0.108331,0.265209,0.62646,0,1,0,5,14000.00,-9.68361,-54.9633
Hidráulica,Hidráulica,Solar,0.244575,0.651311,0.104114,0,0.2,0.8,5,27000.00,-18.1436,-48.2704
Hidráulica,Hidráulica,Hidráulica,0.39901,0.569449,0.0315417,0,1,0,5,19000.00,-21.1986,-41.3764
Hidráulica,Hidráulica,Hidráulica,0.130568,0.762091,0.107341,0,0.8,0.2,5,29000.00,-19.2458,-52.8811
Hidráulica,Hidráulica,Hidráulica,0.349998,0.45584,0.194162,0.2,0.8,0,5,12000.00,-14.6882,-46.2992
Hidráulica,Hidráulica,Hidráulica,0.120458,0.669441,0.210101,0.2,0.4,0.4,5,26600.00,-16.667,-54.7356
Hidráulica,Hidráulica,Eólica,0.0612439,0.92027,0.0184863,0.6,0.4,0,5,16500.00,-26.7884,-53.3944
Hidráulica,Hidráulica,Hidráulica,0.0868346,0.493763,0.419403,0.2,0.6,0.2,5,29300.00,-13.3906,-57.6227
Hidráulica,Hidráulica,Hidráulica,0.323279,0.615673,0.0610479,0,1,0,5,1172.00,-20.0611,-44.6072
Hidráulica,Hidráulica,Eólica,0.0954496,0.532421,0.37213,0.4,0.4,0.2,5,14758.00,-14.3918,-56.8285
Hidráulica,Hidráulica,Hidráulica,0.134107,0.765292,0.100601,0.2,0.8,0,5,28030.00,-19.474,-52.5415
Hidráulica,Hidráulica,Hidráulica,0.119877,0.704585,0.175538,0,1,0,5,24000.00,-17.5377,-54.4326
Hidráulica,Hidráulica,Eólica,0.0789164,0.902449,0.0186344,0.6,0.4,0,5,29500.00,-26.0932,-51.8778
Hidráulica,Eólica,Eólica,0.542627,0.391711,0.065662,0.4,0.4,0.2,5,14800.00,-17.0748,-40.0693
Hidráulica,Hidráulica,Eólica,0.0679138,0.923262,0.00882371,0.6,0,0.4,5,24165.00,-28.896,-50.812
Hidráulica,Hidráulica,Hidráulica,0.11797,0.62445,0.257581,0,1,0,5,13050.00,-16.0964,-55.0434
Hidráulica,Hidráulica,Hidráulica,0.0667524,0.923075,0.0101722,0,1,0,5,2200.00,-29.0363,-51.0944
Hidráulica,Hidráulica,Hidráulica,0.0932961,0.895993,0.0107107,0,0.8,0.2,5,15150.00,-28.0811,-49.1487
Hidráulica,Hidráulica,Eólica,0.0850714,0.885753,0.0291758,0.6,0.4,0,5,19856.59,-24.7479,-52.4685
Hidráulica,Hidráulica,Hidráulica,0.0779965,0.53312,0.388883,0,0.8,0.2,5,4080.00,-14.7311,-58.12
Hidráulica,Hidráulica,Hidráulica,0.0825447,0.578674,0.338781,0,1,0,5,28000.00,-14.8301,-57.9116
Hidráulica,Hidráulica,Hidráulica,0.110751,0.838009,0.0512397,0,1,0,5,10000.00,-22.703,-52.0525
Hidráulica,Hidráulica,Hidráulica,0.0626249,0.920897,0.0164778,0.2,0.8,0,5,3000.00,-27.5027,-52.8115
Hidráulica,Hidráulica,Hidráulica,0.0649389,0.915452,0.0196093,0,1,0,5,2250.00,-26.8996,-53.0296
Hidráulica,Hidráulica,Solar,0.323344,0.447787,0.228869,0,0.4,0.6,5,30000.00,-13.676,-47.3577
Hidráulica,Solar,Hidráulica,0.0488249,0.390106,0.561069,0,1,0,5,30000.00,-11.9885,-61.2063
Hidráulica,Hidráulica,Hidráulica,0.103609,0.88234,0.0140508,0,1,0,5,4680.00,-27.3167,-49.0734
Hidráulica,Hidráulica,Hidráulica,0.346917,0.622865,0.0302179,0.4,0.6,0,5,8000.00,-22.1394,-42.3521
Hidráulica,Hidráulica,Hidráulica,0.0637679,0.919424,0.016808,0.2,0.8,0,5,8000.00,-27.2812,-52.7947
Hidráulica,Hidráulica,Hidráulica,0.305286,0.642788,0.0519261,0,1,0,5,2880.00,-20.775,-44.696
Hidráulica,Hidráulica,Hidráulica,0.0569568,0.932713,0.01033,0,1,0,5,7020.00,-29.0522,-52.2186
Hidráulica,Hidráulica,Hidráulica,0.0493995,0.936872,0.0137286,0,1,0,5,5982.00,-28.3121,-53.896
Hidráulica,Hidráulica,Eólica,0.0584716,0.926513,0.015015,0.8,0.2,0,5,17801.04,-27.5,-53.155
Hidráulica,Hidráulica,Hidráulica,0.0732775,0.888061,0.0386612,0,1,0,5,3700.00,-24.4192,-54.0278
Hidráulica,Hidráulica,Hidráulica,0.0746459,0.913384,0.0119703,0,1,0,5,5500.00,-28.2705,-50.8299
Hidráulica,Hidráulica,Eólica,0.0421262,0.948329,0.00954529,0.6,0.4,0,5,16227.00,-29.4189,-54.0492
Hidráulica,Hidráulica,Eólica,0.0421604,0.948608,0.0092317,0.8,0.2,0,5,22360.00,-29.3641,-54.0135
Hidráulica,Hidráulica,Hidráulica,0.376623,0.551424,0.0719528,0.4,0.6,0,5,29250.00,-18.1731,-43.975
Hidráulica,Hidráulica,Hidráulica,0.06931,0.921724,0.00896572,0,1,0,5,25000.00,-28.7957,-50.7297
Hidráulica,Hidráulica,Eólica,0.164774,0.690317,0.14491,0.6,0.4,0,5,16500.00,-17.9711,-51.7624
Hidráulica,Hidráulica,Hidráulica,0.075488,0.908273,0.0162386,0,1,0,5,3570.00,-27.2996,-51.5527
Hidráulica,Hidráulica,Hidráulica,0.133939,0.766856,0.099205,0,1,0,5,28000.00,-19.5298,-52.5181
Hidráulica,Hidráulica,Eólica,0.0721033,0.910756,0.0171409,0.6,0.2,0.2,5,22138.70,-26.6843,-52.179
Hidráulica,Hidráulica,Hidráulica,0.0748215,0.906194,0.0189841,0,1,0,5,4320.00,-26.7722,-52.0339
Hidráulica,Hidráulica,Hidráulica,0.134425,0.70985,0.155725,0.4,0.6,0,5,20880.00,-17.9314,-53.3814
Hidráulica,Hidráulica,Hidráulica,0.0739244,0.911182,0.0148939,0,0.8,0.2,5,15199.00,-27.3029,-51.5729
Hidráulica,Hidráulica,Hidráulica,0.141245,0.530744,0.328011,0.2,0.8,0,5,7100.00,-14.6193,-53.9331
Hidráulica,Hidráulica,Eólica,0.0682382,0.91511,0.0166517,1,0,0,5,25300.00,-26.7662,-52.4943
Hidráulica,Hidráulica,Hidráulica,0.070113,0.915804,0.0140834,0,1,0,5,13000.00,-27.6144,-51.7499
Hidráulica,Hidráulica,Hidráulica,0.0743205,0.906959,0.0187203,0,1,0,5,9990.00,-26.6763,-52.0961
Hidráulica,Hidráulica,Hidráulica,0.0875979,0.885002,0.0273998,0,1,0,5,5200.00,-25.3108,-51.9676
Hidráulica,Hidráulica,Hidráulica,0.0851613,0.888219,0.0266197,0,1,0,5,6000.00,-25.4251,-52.0869
Hidráulica,Hidráulica,Hidráulica,0.116862,0.855007,0.0281308,0,1,0,5,8400.00,-24.7218,-50.1344
Hidráulica,Hidráulica,Hidráulica,0.0690143,0.576203,0.354782,0,1,0,5,14000.00,-15.2059,-59.0125
Hidráulica,Hidráulica,Hidráulica,0.0821139,0.523143,0.394743,0.2,0.6,0.2,5,9110.00,-14.4205,-57.8187
Hidráulica,Eólica,Hidráulica,0.650396,0.0758974,0.273707,0.4,0.6,0,5,4700.00,-5.66907,-36.8805
Hidráulica,Hidráulica,Hidráulica,0.101777,0.870779,0.0274447,0,1,0,5,7000.00,-25.0471,-50.988
Hidráulica,Hidráulica,Hidráulica,0.115207,0.85549,0.0293033,0,1,0,5,13000.00,-24.4828,-50.3822
Hidráulica,Hidráulica,Hidráulica,0.073925,0.895289,0.0307856,0,1,0,5,5700.00,-25.1296,-53.3992
Hidráulica,Hidráulica,Hidráulica,0.0871917,0.896949,0.0158596,0,0.8,0.2,5,29000.00,-26.5086,-50.7839
Hidráulica,Hidráulica,Hidráulica,0.080873,0.908438,0.0106886,0,0.8,0.2,5,5100.00,-28.5493,-49.9936
Hidráulica,Hidráulica,Hidráulica,0.120768,0.854258,0.0249741,0.2,0.8,0,5,5940.00,-25.1382,-49.5758
Hidráulica,Hidráulica,Hidráulica,0.120121,0.855753,0.0241257,0,0.8,0.2,5,9900.00,-25.1571,-49.5599
Hidráulica,Hidráulica,Hidráulica,0.0952026,0.86276,0.0420371,0,1,0,5,6000.00,-23.7168,-52.5289
Hidráulica,Hidráulica,Eólica,0.072138,0.913333,0.0145292,0.8,0.2,0,5,17393.00,-27.3579,-51.6889
Hidráulica,Hidráulica,Hidráulica,0.0490471,0.937639,0.0133143,0.2,0.8,0,5,7900.00,-28.3705,-53.879
Hidráulica,Hidráulica,Hidráulica,0.0972586,0.497712,0.405029,0.4,0.6,0,5,13300.00,-13.8558,-56.6873
Hidráulica,Hidráulica,Eólica,0.0471088,0.940927,0.0119643,0.6,0,0.4,5,23600.00,-28.3513,-54.006
Hidráulica,Hidráulica,Hidráulica,0.056783,0.93161,0.0116073,0.2,0.8,0,5,10100.00,-28.5903,-52.5817
Hidráulica,Hidráulica,Hidráulica,0.0709697,0.905588,0.0234421,0,1,0,5,6000.00,-26.0913,-52.9559
Hidráulica,Hidráulica,Hidráulica,0.0868898,0.896624,0.016486,0,1,0,5,6000.00,-26.9981,-50.6867
Hidráulica,Hidráulica,Hidráulica,0.0736495,0.906804,0.0195466,0,1,0,5,1460.00,-26.7717,-52.1875
Hidráulica,Hidráulica,Hidráulica,0.293584,0.653152,0.0532639,0,1,0,5,2056.00,-20.8187,-45.0602
Hidráulica,Hidráulica,Hidráulica,0.137922,0.832465,0.0296129,0,1,0,5,1000.00,-24.4834,-49.065
Hidráulica,Solar,Hidráulica,0.101985,0.422591,0.475425,0,1,0,5,2600.00,-12.8911,-56.1392
Hidráulica,Hidráulica,Hidráulica,0.288427,0.672763,0.0388099,0,1,0,5,1320.00,-22.005,-44.4061
Hidráulica,Hidráulica,Hidráulica,0.0505106,0.933676,0.0158133,0.2,0.8,0,5,3240.00,-27.8917,-54.1031
Hidráulica,Eólica,Hidráulica,0.742605,0.111616,0.145779,0,0.8,0.2,5,472.50,-9.31333,-35.6603
Hidráulica,Hidráulica,Hidráulica,0.351141,0.599313,0.0495458,0,1,0,5,3757.50,-20.4773,-43.4466
Hidráulica,Hidráulica,Hidráulica,0.0618742,0.92534,0.0127858,0,1,0,5,3200.00,-28.351,-52.2142
Hidráulica,Hidráulica,Hidráulica,0.325132,0.612776,0.0620923,0,1,0,5,1500.00,-19.9722,-44.6039
Hidráulica,Hidráulica,Hidráulica,0.19317,0.754856,0.0519742,0,1,0,5,2592.00,-21.888,-48.1475
Hidráulica,Eólica,Hidráulica,0.998439,0.000325789,0.00123513,0,1,0,5,1750.00,0,0
Hidráulica,Hidráulica,Hidráulica,0.339575,0.629452,0.0309733,0,1,0,5,300.00,-22.3291,-42.5167
Hidráulica,Hidráulica,Hidráulica,0.319838,0.636657,0.0435049,0,1,0,5,2560.00,-21.2725,-43.8829
Hidráulica,Hidráulica,Hidráulica,0.0747929,0.909937,0.0152702,0,1,0,5,2600.00,-27.5411,-51.4402
Hidráulica,Hidráulica,Hidráulica,0.0763722,0.907246,0.0163814,0,1,0,5,1344.00,-27.3147,-51.4777
Hidráulica,Hidráulica,Hidráulica,0.364662,0.595408,0.0399305,0,0.8,0.2,5,736.00,-21.1937,-42.5675
Hidráulica,Hidráulica,Hidráulica,0.130017,0.837716,0.032267,0,1,0,5,1218.75,-24.2818,-49.6951
Hidráulica,Hidráulica,Hidráulica,0.114633,0.857919,0.0274485,0,1,0,5,865.55,-25.0348,-50.1275
Hidráulica,Hidráulica,Hidráulica,0.280961,0.615398,0.103641,0,1,0,5,680.00,-18.4906,-46.9277
Hidráulica,Eólica,Hidráulica,0.397399,0.333983,0.268619,0,1,0,5,3000.00,-12.4522,-45.1904
Hidráulica,Hidráulica,Hidráulica,0.0535934,0.932027,0.0143797,0,0.8,0.2,5,760.00,-28.202,-53.4407
Hidráulica,Hidráulica,Hidráulica,0.207799,0.681633,0.110568,0,1,0,5,2394.00,-18.9502,-49.3827
Hidráulica,Hidráulica,Hidráulica,0.078269,0.895955,0.0257763,0,1,0,5,323.00,-25.7973,-52.5058
Hidráulica,Hidráulica,Hidráulica,0.212857,0.735594,0.0515491,0,1,0,5,1450.00,-21.7445,-47.4113
Hidráulica,Hidráulica,Hidráulica,0.405714,0.542189,0.0520974,0.2,0.6,0.2,5,2120.00,-19.8012,-42.3021
Hidráulica,Solar,Hidráulica,0.0422182,0.362722,0.59506,0,1,0,5,3000.00,-12.3508,-61.7599
Hidráulica,Hidráulica,Hidráulica,0.149783,0.818142,0.0320751,0.2,0.8,0,5,3000.00,-24.0202,-48.7216
Hidráulica,Hidráulica,Hidráulica,0.315186,0.623956,0.060858,0,1,0,5,588.00,-20.1669,-44.8001
Hidráulica,Solar,Hidráulica,0.266687,0.25406,0.479253,0,1,0,5,1776.00,-9.84163,-48.2931
Hidráulica,Solar,Hidráulica,0.0559694,0.4101,0.533931,0,1,0,5,2700.00,-12.9567,-60.1247
Hidráulica,Hidráulica,Hidráulica,0.0729776,0.85738,0.0696423,0.2,0.8,0,5,600.00,-22.4513,-55.5041
Hidráulica,Hidráulica,Hidráulica,0.0540442,0.929305,0.0166512,0,1,0,5,70.00,-27.725,-53.771
Hidráulica,Hidráulica,Hidráulica,0.191778,0.759366,0.0488566,0,1,0,5,4320.00,-22.0742,-48.0622
Hidráulica,Hidráulica,Hidráulica,0.303163,0.664564,0.0322728,0,1,0,5,800.00,-22.5178,-43.5406
Hidráulica,Hidráulica,Hidráulica,0.117938,0.603992,0.27807,0,1,0,5,2880.00,-15.9801,-55.0364
Hidráulica,Eólica,Hidráulica,0.347051,0.334003,0.318946,0,1,0,5,280.00,-12.0972,-46.485
Hidráulica,Hidráulica,Hidráulica,0.350429,0.600437,0.0491341,0,1,0,5,4505.00,-20.4942,-43.4506
Hidráulica,Hidráulica,Hidráulica,0.0672107,0.917429,0.0153604,0,1,0,5,94.00,-27.7248,-52.1336
Hidráulica,Hidráulica,Hidráulica,0.324571,0.615401,0.0600284,0,1,0,5,850.00,-20.1186,-44.5314
Hidráulica,Hidráulica,Hidráulica,0.277302,0.681596,0.0411024,0,1,0,5,180.00,-21.9415,-44.8456
Hidráulica,Hidráulica,Hidráulica,0.266605,0.69617,0.0372253,0,1,0,5,840.00,-22.3709,-44.9045
Hidráulica,Hidráulica,Hidráulica,0.230868,0.715174,0.0539579,0,1,0,5,680.00,-21.4219,-46.9172
Hidráulica,Hidráulica,Hidráulica,0.147807,0.548166,0.304028,0,0.8,0.2,5,112.00,-15.1439,-53.4874
Hidráulica,Hidráulica,Hidráulica,0.320693,0.612457,0.0668499,0,1,0,5,1650.00,-19.7399,-44.8914
Hidráulica,Hidráulica,Hidráulica,0.0872758,0.896649,0.0160753,0,1,0,5,1000.00,-27.209,-50.5415
Hidráulica,Solar,Hidráulica,0.0517316,0.414751,0.533517,0,1,0,5,950.00,-13.1279,-60.6411
Hidráulica,Hidráulica,Hidráulica,0.24725,0.669638,0.083112,0,1,0,5,3375.00,-19.6094,-47.4565
Hidráulica,Hidráulica,Hidráulica,0.164824,0.793068,0.0421081,0,1,0,5,1616.00,-22.9538,-48.7379
Hidráulica,Solar,Hidráulica,0.0385598,0.336861,0.624579,0,1,0,5,40.00,-12.049,-62.17
Hidráulica,Hidráulica,Hidráulica,0.319212,0.642243,0.0385458,0,0.6,0.4,5,12.00,-21.7711,-43.5714
Hidráulica,Hidráulica,Hidráulica,0.080414,0.902447,0.0171388,0,1,0,5,966.00,-27.1071,-51.254
Hidráulica,Hidráulica,Hidráulica,0.0925814,0.896119,0.0112993,0,1,0,5,290.00,-28.3118,-49.1992
Hidráulica,Solar,Hidráulica,0.0688586,0.449995,0.481147,0,1,0,5,720.00,-13.5389,-58.8483
Hidráulica,Hidráulica,Hidráulica,0.0651393,0.923557,0.0113035,0,0.8,0.2,5,128.00,-28.7753,-51.5178
Hidráulica,Hidráulica,Hidráulica,0.0912661,0.891497,0.0172372,0,1,0,5,871.20,-26.9197,-50.4289
Hidráulica,Hidráulica,Hidráulica,0.0687447,0.917858,0.0133977,0,1,0,5,780.00,-28.13,-51.6269
Hidráulica,Hidráulica,Hidráulica,0.35781,0.581677,0.0605135,0,0.6,0.4,5,12.00,-19.7861,-43.7311
Hidráulica,Hidráulica,Hidráulica,0.0697064,0.917053,0.013241,0,1,0,5,420.00,-28.1608,-51.5008
Hidráulica,Hidráulica,Hidráulica,0.14324,0.713089,0.14367,0,1,0,5,1000.00,-18.6812,-52.585
Hidráulica,Hidráulica,Hidráulica,0.0531587,0.928666,0.0181755,0,1,0,5,1000.00,-27.4292,-54.1206
Hidráulica,Hidráulica,Hidráulica,0.23438,0.710972,0.0546487,0,1,0,5,440.30,-21.348,-46.8336
Hidráulica,Hidráulica,Hidráulica,0.0695792,0.911759,0.0186617,0,1,0,5,3200.00,-26.9522,-52.4551
Hidráulica,Hidráulica,Hidráulica,0.0932405,0.890589,0.0161703,0,1,0,5,972.00,-27.0994,-50.1172
Hidráulica,Hidráulica,Hidráulica,0.0628276,0.924755,0.0124177,0,0.8,0.2,5,112.00,-28.5108,-52.0061
Hidráulica,Hidráulica,Hidráulica,0.0603523,0.927355,0.0122932,0,1,0,5,200.00,-28.5911,-52.2423
Hidráulica,Hidráulica,Hidráulica,0.0906322,0.898413,0.0109546,0,1,0,5,1250.00,-28.4175,-49.267
Hidráulica,Hidráulica,Hidráulica,0.0799652,0.89667,0.0233645,0,0.6,0.4,5,5000.00,-25.9739,-52.1511
Hidráulica,Hidráulica,Hidráulica,0.0785547,0.900058,0.0213874,0,1,0,5,2230.00,-26.3669,-52.0083
Hidráulica,Hidráulica,Hidráulica,0.0891268,0.890172,0.0207008,0,1,0,5,180.00,-26.3611,-51.0657
Hidráulica,Hidráulica,Hidráulica,0.13955,0.54426,0.31619,0,1,0,5,1000.00,-15.0177,-53.9392
Hidráulica,Hidráulica,Hidráulica,0.0660677,0.915895,0.018037,0,1,0,5,2900.00,-27.1387,-52.7012
Hidráulica,Hidráulica,Hidráulica,0.0985973,0.889462,0.0119411,0,1,0,5,883.00,-28.0259,-48.9331
Hidráulica,Hidráulica,Hidráulica,0.0923637,0.896504,0.0111319,0,1,0,5,51.52,-28.3706,-49.1725
Hidráulica,Hidráulica,Hidráulica,0.163346,0.674506,0.162149,0,1,0,5,1840.00,-17.9089,-51.8989
Hidráulica,Hidráulica,Hidráulica,0.23114,0.714509,0.0543504,0,0.8,0.2,5,922.00,-21.3869,-46.9286
Hidráulica,Eólica,Hidráulica,0.618322,0.265327,0.116351,0,1,0,5,300.00,-13.8511,-39.2802
Hidráulica,Hidráulica,Hidráulica,0.103587,0.882271,0.0141421,0,1,0,5,3900.60,-27.3164,-49.0845
Hidráulica,Eólica,Hidráulica,0.353707,0.325367,0.320926,0,0.8,0.2,5,1120.00,-11.9269,-46.2972
Hidráulica,Hidráulica,Hidráulica,0.0968763,0.88923,0.0138942,0,1,0,5,950.00,-27.5489,-49.4569
Hidráulica,Hidráulica,Hidráulica,0.0853015,0.895047,0.0196514,0,1,0,5,640.00,-26.582,-51.2236
Hidráulica,Hidráulica,Hidráulica,0.0753048,0.90197,0.0227254,0,1,0,5,1279.00,-26.2447,-52.438
Hidráulica,Solar,Hidráulica,0.0548611,0.403102,0.542037,0,1,0,5,720.00,-12.9075,-60.2111
Hidráulica,Hidráulica,Hidráulica,0.311876,0.65455,0.0335739,0,1,0,5,1000.00,-22.2939,-43.4181
Hidráulica,Solar,Hidráulica,0.34758,0.27006,0.38236,0,0.8,0.2,5,900.00,-10.6011,-46.2192
Hidráulica,Hidráulica,Hidráulica,0.0599585,0.919683,0.0203587,0,1,0,5,3600.00,-26.8372,-53.6634
Hidráulica,Hidráulica,Hidráulica,0.0604734,0.918672,0.0208544,0.2,0.8,0,5,3000.00,-26.7625,-53.6656
Hidráulica,Hidráulica,Hidráulica,0.170518,0.664622,0.16486,0,1,0,5,234.60,-17.7953,-51.6056
Hidráulica,Hidráulica,Hidráulica,0.0650303,0.916523,0.0184467,0,1,0,5,1000.00,-27.1345,-52.846
Hidráulica,Hidráulica,Hidráulica,0.0942847,0.878461,0.0272547,0,1,0,5,627.00,-25.349,-51.4195
Hidráulica,Hidráulica,Hidráulica,0.434382,0.523869,0.0417487,0,0.8,0.2,5,32.00,-20.3656,-41.1256
Hidráulica,Hidráulica,Hidráulica,0.372609,0.582525,0.0448662,0,1,0,5,616.50,-20.7071,-42.6708
Hidráulica,Hidráulica,Hidráulica,0.0995551,0.884368,0.0160773,0,1,0,5,2050.00,-26.9978,-49.6747
Hidráulica,Hidráulica,Hidráulica,0.106138,0.757275,0.136587,0,1,0,5,225.00,-19.4024,-54.5396
Hidráulica,Hidráulica,Hidráulica,0.0894285,0.882235,0.0283363,0,1,0,5,1000.00,-25.2811,-51.8772
Hidráulica,Hidráulica,Hidráulica,0.385347,0.400005,0.214648,0,1,0,5,1760.00,-13.9972,-45.4027
Hidráulica,Eólica,Hidráulica,0.610045,0.273571,0.116385,0,1,0,5,533.60,-13.9849,-39.4771
Hidráulica,Hidráulica,Hidráulica,0.0818853,0.89775,0.0203644,0,1,0,5,630.00,-26.5182,-51.5887
Hidráulica,Hidráulica,Hidráulica,0.0955349,0.864161,0.0403036,0,0.8,0.2,5,105.62,-24.0139,-52.3406
Hidráulica,Hidráulica,Hidráulica,0.0860496,0.89745,0.0165008,0,1,0,5,2836.00,-27.0926,-50.7228
Hidráulica,Solar,Hidráulica,0.0752541,0.374258,0.550488,0.2,0.8,0,5,160.00,-12.2609,-57.995
Hidráulica,Hidráulica,Hidráulica,0.0764416,0.908808,0.0147502,0,1,0,5,1765.00,-27.6497,-51.196
Hidráulica,Hidráulica,Hidráulica,0.106213,0.875376,0.0184101,0,1,0,5,1600.00,-26.4664,-49.5964
Hidráulica,Hidráulica,Hidráulica,0.0900283,0.893012,0.0169597,0,1,0,5,2200.00,-26.9569,-50.4894
Hidráulica,Hidráulica,Hidráulica,0.257156,0.567426,0.175418,0,1,0,5,958.74,-16.522,-48.6342
Hidráulica,Hidráulica,Hidráulica,0.072014,0.893486,0.0344998,0,1,0,5,459.00,-24.9166,-53.8167
Hidráulica,Hidráulica,Hidráulica,0.0820651,0.899726,0.0182093,0,1,0,5,1000.00,-26.8779,-51.2811
Hidráulica,Hidráulica,Hidráulica,0.243669,0.708653,0.047678,0,1,0,5,800.00,-21.73,-46.2086
Hidráulica,Hidráulica,Hidráulica,0.347004,0.621431,0.0315652,0,0.8,0.2,5,107.95,-22.1986,-42.3846
Hidráulica,Hidráulica,Hidráulica,0.380561,0.576868,0.0425702,0,1,0,5,1000.00,-20.8061,-42.3636
Hidráulica,Hidráulica,Hidráulica,0.286043,0.674302,0.0396553,0,1,0,5,950.00,-21.9625,-44.5217
Hidráulica,Hidráulica,Hidráulica,0.418113,0.535217,0.0466702,0,1,0,5,1260.00,-20.0978,-41.7581
Hidráulica,Hidráulica,Hidráulica,0.0687902,0.919734,0.0114758,0,1,0,5,2000.00,-28.6071,-51.2194
Hidráulica,Hidráulica,Hidráulica,0.0729196,0.902662,0.0244185,0,1,0,5,174.80,-26.0751,-52.8286
Hidráulica,Hidráulica,Hidráulica,0.143248,0.644179,0.212573,0,1,0,5,1000.00,-16.9858,-53.2917
Hidráulica,Eólica,Hidráulica,0.354832,0.3252,0.319968,0,1,0,5,1300.00,-11.9267,-46.269
Hidráulica,Hidráulica,Hidráulica,0.0639739,0.508289,0.427737,0,1,0,5,680.00,-14.5016,-59.4237
Hidráulica,Hidráulica,Hidráulica,0.22629,0.708177,0.0655335,0,0.8,0.2,5,115.00,-20.785,-47.5331
Hidráulica,Hidráulica,Hidráulica,0.353856,0.613066,0.0330779,0,1,0,5,1000.00,-21.9478,-42.3497
Hidráulica,Hidráulica,Hidráulica,0.130254,0.837197,0.032549,0,1,0,5,1000.01,-24.2551,-49.7031
Hidráulica,Hidráulica,Hidráulica,0.0753849,0.906797,0.0178179,0,1,0,5,528.00,-27.0744,-51.7792
Hidráulica,Hidráulica,Hidráulica,0.0965557,0.864301,0.0391431,0,1,0,5,4000.00,-23.9953,-52.2324
Hidráulica,Hidráulica,Hidráulica,0.308276,0.645427,0.046297,0,0.8,0.2,5,736.00,-21.2119,-44.3153
Hidráulica,Hidráulica,Hidráulica,0.114006,0.86751,0.0184843,0,1,0,5,1650.00,-26.3469,-49.1303
Hidráulica,Hidráulica,Hidráulica,0.0840452,0.897973,0.0179814,0,1,0,5,320.00,-26.9061,-51.0832
Hidráulica,Eólica,Hidráulica,0.732094,0.10555,0.162356,0,1,0,5,360.00,-8.74674,-35.8437
Hidráulica,Hidráulica,Hidráulica,0.0774236,0.907274,0.0153024,0,1,0,5,400.00,-27.5479,-51.1967
Hidráulica,Hidráulica,Hidráulica,0.105361,0.881147,0.0134921,0.2,0.8,0,5,3006.00,-27.4712,-48.8361
Hidráulica,Hidráulica,Hidráulica,0.094265,0.878861,0.0268736,0,1,0,5,1000.00,-25.3868,-51.3876
Hidráulica,Hidráulica,Hidráulica,0.100612,0.884574,0.0148137,0,1,0,5,1000.00,-27.2819,-49.3756
Hidráulica,Hidráulica,Hidráulica,0.103019,0.883389,0.013592,0,1,0,5,2000.00,-27.5061,-48.9969
Hidráulica,Hidráulica,Hidráulica,0.0723346,0.910635,0.01703,0,1,0,5,702.00,-27.2733,-51.9324
Hidráulica,Hidráulica,Hidráulica,0.0930763,0.890388,0.0165361,0,1,0,5,990.00,-27.0272,-50.1887
Hidráulica,Hidráulica,Hidráulica,0.254119,0.706985,0.0388969,0,1,0,5,450.00,-22.3492,-45.3772
Hidráulica,Hidráulica,Hidráulica,0.0860415,0.898048,0.0159108,0,1,0,5,3498.00,-27.1958,-50.6328
Hidráulica,Hidráulica,Hidráulica,0.305145,0.630224,0.0646305,0,1,0,5,500.00,-20.047,-45.2026
Hidráulica,Solar,Hidráulica,0.100199,0.334514,0.565287,0,1,0,5,600.00,-11.4208,-55.8707
Hidráulica,Hidráulica,Hidráulica,0.0673899,0.921092,0.0115185,0,1,0,5,1000.00,-28.6475,-51.3544
Hidráulica,Hidráulica,Hidráulica,0.0684384,0.922027,0.00953469,0,1,0,5,67.30,-29.2744,-50.7361
Hidráulica,Hidráulica,Hidráulica,0.240683,0.705662,0.0536554,0,1,0,5,630.00,-21.3458,-46.5918
Hidráulica,Hidráulica,Hidráulica,0.133815,0.454324,0.411861,0,1,0,5,1350.00,-13.4349,-54.2845
Hidráulica,Hidráulica,Hidráulica,0.107529,0.81596,0.0765116,0,1,0,5,1000.00,-21.5601,-53.1499
Hidráulica,Hidráulica,Hidráulica,0.0863768,0.887867,0.025756,0,1,0,5,1369.80,-25.6403,-51.8614
Hidráulica,Hidráulica,Hidráulica,0.0951523,0.889703,0.0151445,0.2,0.8,0,5,150.00,-27.3103,-49.7992
Hidráulica,Hidráulica,Hidráulica,0.381564,0.576227,0.0422088,0,1,0,5,1674.00,-20.8086,-42.3264
Hidráulica,Hidráulica,Hidráulica,0.0652182,0.916817,0.0179647,0.2,0.8,0,5,2999.98,-27.1656,-52.7762
Hidráulica,Eólica,Hidráulica,0.998441,0.000325936,0.00123331,0.2,0.8,0,5,2000.00,0,0
Hidráulica,Eólica,Hidráulica,0.998437,0.000325584,0.00123769,0,0.8,0.2,5,1400.00,0,0
